solid OpenSCAD_Model
  facet normal 0.130653 0.991428 -0
    outer loop
      vertex 153.76 146.477 19.6
      vertex 153.631 146.494 21.45
      vertex 153.76 146.477 21.45
    endloop
  endfacet
  facet normal 0.130653 0.991428 0
    outer loop
      vertex 153.631 146.494 21.45
      vertex 153.76 146.477 19.6
      vertex 153.631 146.494 19.6
    endloop
  endfacet
  facet normal 0 1 -0
    outer loop
      vertex 153.5 146.5 19.6
      vertex 131.5 146.5 21.45
      vertex 153.5 146.5 21.45
    endloop
  endfacet
  facet normal 0 1 0
    outer loop
      vertex 131.5 146.5 21.45
      vertex 153.5 146.5 19.6
      vertex 131.5 146.5 19.6
    endloop
  endfacet
  facet normal -0.991428 -0.130653 0
    outer loop
      vertex 130.023 110.74 19.6
      vertex 130.006 110.869 21.45
      vertex 130.006 110.869 19.6
    endloop
  endfacet
  facet normal -0.991428 -0.130653 0
    outer loop
      vertex 130.006 110.869 21.45
      vertex 130.023 110.74 19.6
      vertex 130.023 110.74 21.45
    endloop
  endfacet
  facet normal -0.671912 0.740631 0
    outer loop
      vertex 130.536 146.149 19.6
      vertex 130.439 146.061 21.45
      vertex 130.536 146.149 21.45
    endloop
  endfacet
  facet normal -0.671912 0.740631 0
    outer loop
      vertex 130.439 146.061 21.45
      vertex 130.536 146.149 19.6
      vertex 130.439 146.061 19.6
    endloop
  endfacet
  facet normal -0.998953 -0.0457536 0
    outer loop
      vertex 130.006 110.869 19.6
      vertex 130 111 21.45
      vertex 130 111 19.6
    endloop
  endfacet
  facet normal -0.998953 -0.0457536 0
    outer loop
      vertex 130 111 21.45
      vertex 130.006 110.869 19.6
      vertex 130.006 110.869 21.45
    endloop
  endfacet
  facet normal 0 -1 0
    outer loop
      vertex 131.5 109.5 19.6
      vertex 153.5 109.5 21.45
      vertex 131.5 109.5 21.45
    endloop
  endfacet
  facet normal 0 -1 -0
    outer loop
      vertex 153.5 109.5 21.45
      vertex 131.5 109.5 19.6
      vertex 153.5 109.5 19.6
    endloop
  endfacet
  facet normal -0.459423 0.888218 0
    outer loop
      vertex 130.866 146.359 19.6
      vertex 130.75 146.299 21.45
      vertex 130.866 146.359 21.45
    endloop
  endfacet
  facet normal -0.459423 0.888218 0
    outer loop
      vertex 130.75 146.299 21.45
      vertex 130.866 146.359 19.6
      vertex 130.75 146.299 19.6
    endloop
  endfacet
  facet normal -0.9769 0.213697 0
    outer loop
      vertex 130.023 145.26 19.6
      vertex 130.051 145.388 21.45
      vertex 130.051 145.388 19.6
    endloop
  endfacet
  facet normal -0.9769 0.213697 0
    outer loop
      vertex 130.051 145.388 21.45
      vertex 130.023 145.26 19.6
      vertex 130.023 145.26 21.45
    endloop
  endfacet
  facet normal 0.609711 0.792624 -0
    outer loop
      vertex 154.464 146.149 19.6
      vertex 154.36 146.229 21.45
      vertex 154.464 146.149 21.45
    endloop
  endfacet
  facet normal 0.609711 0.792624 0
    outer loop
      vertex 154.36 146.229 21.45
      vertex 154.464 146.149 19.6
      vertex 154.36 146.229 19.6
    endloop
  endfacet
  facet normal 0.740631 -0.671912 0
    outer loop
      vertex 154.561 109.939 21.45
      vertex 154.649 110.036 19.6
      vertex 154.649 110.036 21.45
    endloop
  endfacet
  facet normal 0.740631 -0.671912 0
    outer loop
      vertex 154.649 110.036 19.6
      vertex 154.561 109.939 21.45
      vertex 154.561 109.939 19.6
    endloop
  endfacet
  facet normal 0.998953 0.0457536 0
    outer loop
      vertex 155 145 21.45
      vertex 154.994 145.131 19.6
      vertex 154.994 145.131 21.45
    endloop
  endfacet
  facet normal 0.998953 0.0457536 0
    outer loop
      vertex 154.994 145.131 19.6
      vertex 155 145 21.45
      vertex 155 145 19.6
    endloop
  endfacet
  facet normal -1 0 0
    outer loop
      vertex 130 111 19.6
      vertex 130 145 21.45
      vertex 130 145 19.6
    endloop
  endfacet
  facet normal -1 -0 0
    outer loop
      vertex 130 145 21.45
      vertex 130 111 19.6
      vertex 130 111 21.45
    endloop
  endfacet
  facet normal -0.536875 0.843661 0
    outer loop
      vertex 130.75 146.299 19.6
      vertex 130.64 146.229 21.45
      vertex 130.75 146.299 21.45
    endloop
  endfacet
  facet normal -0.536875 0.843661 0
    outer loop
      vertex 130.64 146.229 21.45
      vertex 130.75 146.299 19.6
      vertex 130.64 146.229 19.6
    endloop
  endfacet
  facet normal 0.536875 0.843661 -0
    outer loop
      vertex 154.36 146.229 19.6
      vertex 154.25 146.299 21.45
      vertex 154.36 146.229 21.45
    endloop
  endfacet
  facet normal 0.536875 0.843661 0
    outer loop
      vertex 154.25 146.299 21.45
      vertex 154.36 146.229 19.6
      vertex 154.25 146.299 19.6
    endloop
  endfacet
  facet normal -0.740631 0.671912 0
    outer loop
      vertex 130.351 145.964 19.6
      vertex 130.439 146.061 21.45
      vertex 130.439 146.061 19.6
    endloop
  endfacet
  facet normal -0.740631 0.671912 0
    outer loop
      vertex 130.439 146.061 21.45
      vertex 130.351 145.964 19.6
      vertex 130.351 145.964 21.45
    endloop
  endfacet
  facet normal 0.792624 -0.609711 0
    outer loop
      vertex 154.649 110.036 21.45
      vertex 154.729 110.14 19.6
      vertex 154.729 110.14 21.45
    endloop
  endfacet
  facet normal 0.792624 -0.609711 0
    outer loop
      vertex 154.729 110.14 19.6
      vertex 154.649 110.036 21.45
      vertex 154.649 110.036 19.6
    endloop
  endfacet
  facet normal 1 -0 0
    outer loop
      vertex 155 111 21.45
      vertex 155 145 19.6
      vertex 155 145 21.45
    endloop
  endfacet
  facet normal 1 0 0
    outer loop
      vertex 155 145 19.6
      vertex 155 111 21.45
      vertex 155 111 19.6
    endloop
  endfacet
  facet normal 0.213697 -0.9769 0
    outer loop
      vertex 153.76 109.523 19.6
      vertex 153.888 109.551 21.45
      vertex 153.76 109.523 21.45
    endloop
  endfacet
  facet normal 0.213697 -0.9769 0
    outer loop
      vertex 153.888 109.551 21.45
      vertex 153.76 109.523 19.6
      vertex 153.888 109.551 19.6
    endloop
  endfacet
  facet normal 0.0457536 -0.998953 0
    outer loop
      vertex 153.5 109.5 19.6
      vertex 153.631 109.506 21.45
      vertex 153.5 109.5 21.45
    endloop
  endfacet
  facet normal 0.0457536 -0.998953 0
    outer loop
      vertex 153.631 109.506 21.45
      vertex 153.5 109.5 19.6
      vertex 153.631 109.506 19.6
    endloop
  endfacet
  facet normal 0.991428 0.130653 0
    outer loop
      vertex 154.994 145.131 21.45
      vertex 154.977 145.26 19.6
      vertex 154.977 145.26 21.45
    endloop
  endfacet
  facet normal 0.991428 0.130653 0
    outer loop
      vertex 154.977 145.26 19.6
      vertex 154.994 145.131 21.45
      vertex 154.994 145.131 19.6
    endloop
  endfacet
  facet normal 0.921492 0.388397 0
    outer loop
      vertex 154.91 145.513 21.45
      vertex 154.859 145.634 19.6
      vertex 154.859 145.634 21.45
    endloop
  endfacet
  facet normal 0.921492 0.388397 0
    outer loop
      vertex 154.859 145.634 19.6
      vertex 154.91 145.513 21.45
      vertex 154.91 145.513 19.6
    endloop
  endfacet
  facet normal -0.792624 0.609711 0
    outer loop
      vertex 130.271 145.86 19.6
      vertex 130.351 145.964 21.45
      vertex 130.351 145.964 19.6
    endloop
  endfacet
  facet normal -0.792624 0.609711 0
    outer loop
      vertex 130.351 145.964 21.45
      vertex 130.271 145.86 19.6
      vertex 130.271 145.86 21.45
    endloop
  endfacet
  facet normal -0.9769 -0.213697 0
    outer loop
      vertex 130.051 110.612 19.6
      vertex 130.023 110.74 21.45
      vertex 130.023 110.74 19.6
    endloop
  endfacet
  facet normal -0.9769 -0.213697 0
    outer loop
      vertex 130.023 110.74 21.45
      vertex 130.051 110.612 19.6
      vertex 130.051 110.612 21.45
    endloop
  endfacet
  facet normal -0.888218 0.459423 0
    outer loop
      vertex 130.141 145.634 19.6
      vertex 130.201 145.75 21.45
      vertex 130.201 145.75 19.6
    endloop
  endfacet
  facet normal -0.888218 0.459423 0
    outer loop
      vertex 130.201 145.75 21.45
      vertex 130.141 145.634 19.6
      vertex 130.141 145.634 21.45
    endloop
  endfacet
  facet normal -0.671912 -0.740631 0
    outer loop
      vertex 130.439 109.939 19.6
      vertex 130.536 109.851 21.45
      vertex 130.439 109.939 21.45
    endloop
  endfacet
  facet normal -0.671912 -0.740631 -0
    outer loop
      vertex 130.536 109.851 21.45
      vertex 130.439 109.939 19.6
      vertex 130.536 109.851 19.6
    endloop
  endfacet
  facet normal -0.388397 0.921492 0
    outer loop
      vertex 130.987 146.41 19.6
      vertex 130.866 146.359 21.45
      vertex 130.987 146.41 21.45
    endloop
  endfacet
  facet normal -0.388397 0.921492 0
    outer loop
      vertex 130.866 146.359 21.45
      vertex 130.987 146.41 19.6
      vertex 130.866 146.359 19.6
    endloop
  endfacet
  facet normal -0.609711 0.792624 0
    outer loop
      vertex 130.64 146.229 19.6
      vertex 130.536 146.149 21.45
      vertex 130.64 146.229 21.45
    endloop
  endfacet
  facet normal -0.609711 0.792624 0
    outer loop
      vertex 130.536 146.149 21.45
      vertex 130.64 146.229 19.6
      vertex 130.536 146.149 19.6
    endloop
  endfacet
  facet normal 0.388397 0.921492 -0
    outer loop
      vertex 154.134 146.359 19.6
      vertex 154.013 146.41 21.45
      vertex 154.134 146.359 21.45
    endloop
  endfacet
  facet normal 0.388397 0.921492 0
    outer loop
      vertex 154.013 146.41 21.45
      vertex 154.134 146.359 19.6
      vertex 154.013 146.41 19.6
    endloop
  endfacet
  facet normal 0.459423 -0.888218 0
    outer loop
      vertex 154.134 109.641 19.6
      vertex 154.25 109.701 21.45
      vertex 154.134 109.641 21.45
    endloop
  endfacet
  facet normal 0.459423 -0.888218 0
    outer loop
      vertex 154.25 109.701 21.45
      vertex 154.134 109.641 19.6
      vertex 154.25 109.701 19.6
    endloop
  endfacet
  facet normal -0.459423 -0.888218 0
    outer loop
      vertex 130.75 109.701 19.6
      vertex 130.866 109.641 21.45
      vertex 130.75 109.701 21.45
    endloop
  endfacet
  facet normal -0.459423 -0.888218 -0
    outer loop
      vertex 130.866 109.641 21.45
      vertex 130.75 109.701 19.6
      vertex 130.866 109.641 19.6
    endloop
  endfacet
  facet normal 0.954616 0.29784 0
    outer loop
      vertex 154.949 145.388 21.45
      vertex 154.91 145.513 19.6
      vertex 154.91 145.513 21.45
    endloop
  endfacet
  facet normal 0.954616 0.29784 0
    outer loop
      vertex 154.91 145.513 19.6
      vertex 154.949 145.388 21.45
      vertex 154.949 145.388 19.6
    endloop
  endfacet
  facet normal 0.29784 0.954616 -0
    outer loop
      vertex 154.013 146.41 19.6
      vertex 153.888 146.449 21.45
      vertex 154.013 146.41 21.45
    endloop
  endfacet
  facet normal 0.29784 0.954616 0
    outer loop
      vertex 153.888 146.449 21.45
      vertex 154.013 146.41 19.6
      vertex 153.888 146.449 19.6
    endloop
  endfacet
  facet normal 0.740631 0.671912 0
    outer loop
      vertex 154.649 145.964 21.45
      vertex 154.561 146.061 19.6
      vertex 154.561 146.061 21.45
    endloop
  endfacet
  facet normal 0.740631 0.671912 0
    outer loop
      vertex 154.561 146.061 19.6
      vertex 154.649 145.964 21.45
      vertex 154.649 145.964 19.6
    endloop
  endfacet
  facet normal -0.0457536 -0.998953 0
    outer loop
      vertex 131.369 109.506 19.6
      vertex 131.5 109.5 21.45
      vertex 131.369 109.506 21.45
    endloop
  endfacet
  facet normal -0.0457536 -0.998953 -0
    outer loop
      vertex 131.5 109.5 21.45
      vertex 131.369 109.506 19.6
      vertex 131.5 109.5 19.6
    endloop
  endfacet
  facet normal 0.609711 -0.792624 0
    outer loop
      vertex 154.36 109.771 19.6
      vertex 154.464 109.851 21.45
      vertex 154.36 109.771 21.45
    endloop
  endfacet
  facet normal 0.609711 -0.792624 0
    outer loop
      vertex 154.464 109.851 21.45
      vertex 154.36 109.771 19.6
      vertex 154.464 109.851 19.6
    endloop
  endfacet
  facet normal -0.388397 -0.921492 0
    outer loop
      vertex 130.866 109.641 19.6
      vertex 130.987 109.59 21.45
      vertex 130.866 109.641 21.45
    endloop
  endfacet
  facet normal -0.388397 -0.921492 -0
    outer loop
      vertex 130.987 109.59 21.45
      vertex 130.866 109.641 19.6
      vertex 130.987 109.59 19.6
    endloop
  endfacet
  facet normal 0.991428 -0.130653 0
    outer loop
      vertex 154.977 110.74 21.45
      vertex 154.994 110.869 19.6
      vertex 154.994 110.869 21.45
    endloop
  endfacet
  facet normal 0.991428 -0.130653 0
    outer loop
      vertex 154.994 110.869 19.6
      vertex 154.977 110.74 21.45
      vertex 154.977 110.74 19.6
    endloop
  endfacet
  facet normal -0.954616 -0.29784 0
    outer loop
      vertex 130.09 110.487 19.6
      vertex 130.051 110.612 21.45
      vertex 130.051 110.612 19.6
    endloop
  endfacet
  facet normal -0.954616 -0.29784 0
    outer loop
      vertex 130.051 110.612 21.45
      vertex 130.09 110.487 19.6
      vertex 130.09 110.487 21.45
    endloop
  endfacet
  facet normal 0.9769 -0.213697 0
    outer loop
      vertex 154.949 110.612 21.45
      vertex 154.977 110.74 19.6
      vertex 154.977 110.74 21.45
    endloop
  endfacet
  facet normal 0.9769 -0.213697 0
    outer loop
      vertex 154.977 110.74 19.6
      vertex 154.949 110.612 21.45
      vertex 154.949 110.612 19.6
    endloop
  endfacet
  facet normal -0.991428 0.130653 0
    outer loop
      vertex 130.006 145.131 19.6
      vertex 130.023 145.26 21.45
      vertex 130.023 145.26 19.6
    endloop
  endfacet
  facet normal -0.991428 0.130653 0
    outer loop
      vertex 130.023 145.26 21.45
      vertex 130.006 145.131 19.6
      vertex 130.006 145.131 21.45
    endloop
  endfacet
  facet normal -0.998953 0.0457536 0
    outer loop
      vertex 130 145 19.6
      vertex 130.006 145.131 21.45
      vertex 130.006 145.131 19.6
    endloop
  endfacet
  facet normal -0.998953 0.0457536 0
    outer loop
      vertex 130.006 145.131 21.45
      vertex 130 145 19.6
      vertex 130 145 21.45
    endloop
  endfacet
  facet normal -0.792624 -0.609711 0
    outer loop
      vertex 130.351 110.036 19.6
      vertex 130.271 110.14 21.45
      vertex 130.271 110.14 19.6
    endloop
  endfacet
  facet normal -0.792624 -0.609711 0
    outer loop
      vertex 130.271 110.14 21.45
      vertex 130.351 110.036 19.6
      vertex 130.351 110.036 21.45
    endloop
  endfacet
  facet normal 0.843661 0.536875 0
    outer loop
      vertex 154.799 145.75 21.45
      vertex 154.729 145.86 19.6
      vertex 154.729 145.86 21.45
    endloop
  endfacet
  facet normal 0.843661 0.536875 0
    outer loop
      vertex 154.729 145.86 19.6
      vertex 154.799 145.75 21.45
      vertex 154.799 145.75 19.6
    endloop
  endfacet
  facet normal 0.954616 -0.29784 0
    outer loop
      vertex 154.91 110.487 21.45
      vertex 154.949 110.612 19.6
      vertex 154.949 110.612 21.45
    endloop
  endfacet
  facet normal 0.954616 -0.29784 0
    outer loop
      vertex 154.949 110.612 19.6
      vertex 154.91 110.487 21.45
      vertex 154.91 110.487 19.6
    endloop
  endfacet
  facet normal -0.213697 0.9769 0
    outer loop
      vertex 131.24 146.477 19.6
      vertex 131.112 146.449 21.45
      vertex 131.24 146.477 21.45
    endloop
  endfacet
  facet normal -0.213697 0.9769 0
    outer loop
      vertex 131.112 146.449 21.45
      vertex 131.24 146.477 19.6
      vertex 131.112 146.449 19.6
    endloop
  endfacet
  facet normal 0.536875 -0.843661 0
    outer loop
      vertex 154.25 109.701 19.6
      vertex 154.36 109.771 21.45
      vertex 154.25 109.701 21.45
    endloop
  endfacet
  facet normal 0.536875 -0.843661 0
    outer loop
      vertex 154.36 109.771 21.45
      vertex 154.25 109.701 19.6
      vertex 154.36 109.771 19.6
    endloop
  endfacet
  facet normal -0.130653 -0.991428 0
    outer loop
      vertex 131.24 109.523 19.6
      vertex 131.369 109.506 21.45
      vertex 131.24 109.523 21.45
    endloop
  endfacet
  facet normal -0.130653 -0.991428 -0
    outer loop
      vertex 131.369 109.506 21.45
      vertex 131.24 109.523 19.6
      vertex 131.369 109.506 19.6
    endloop
  endfacet
  facet normal 0.921492 -0.388397 0
    outer loop
      vertex 154.859 110.366 21.45
      vertex 154.91 110.487 19.6
      vertex 154.91 110.487 21.45
    endloop
  endfacet
  facet normal 0.921492 -0.388397 0
    outer loop
      vertex 154.91 110.487 19.6
      vertex 154.859 110.366 21.45
      vertex 154.859 110.366 19.6
    endloop
  endfacet
  facet normal -0.954616 0.29784 0
    outer loop
      vertex 130.051 145.388 19.6
      vertex 130.09 145.513 21.45
      vertex 130.09 145.513 19.6
    endloop
  endfacet
  facet normal -0.954616 0.29784 0
    outer loop
      vertex 130.09 145.513 21.45
      vertex 130.051 145.388 19.6
      vertex 130.051 145.388 21.45
    endloop
  endfacet
  facet normal -0.29784 0.954616 0
    outer loop
      vertex 131.112 146.449 19.6
      vertex 130.987 146.41 21.45
      vertex 131.112 146.449 21.45
    endloop
  endfacet
  facet normal -0.29784 0.954616 0
    outer loop
      vertex 130.987 146.41 21.45
      vertex 131.112 146.449 19.6
      vertex 130.987 146.41 19.6
    endloop
  endfacet
  facet normal 0.888218 0.459423 0
    outer loop
      vertex 154.859 145.634 21.45
      vertex 154.799 145.75 19.6
      vertex 154.799 145.75 21.45
    endloop
  endfacet
  facet normal 0.888218 0.459423 0
    outer loop
      vertex 154.799 145.75 19.6
      vertex 154.859 145.634 21.45
      vertex 154.859 145.634 19.6
    endloop
  endfacet
  facet normal -0.213697 -0.9769 0
    outer loop
      vertex 131.112 109.551 19.6
      vertex 131.24 109.523 21.45
      vertex 131.112 109.551 21.45
    endloop
  endfacet
  facet normal -0.213697 -0.9769 -0
    outer loop
      vertex 131.24 109.523 21.45
      vertex 131.112 109.551 19.6
      vertex 131.24 109.523 19.6
    endloop
  endfacet
  facet normal -0.740631 -0.671912 0
    outer loop
      vertex 130.439 109.939 19.6
      vertex 130.351 110.036 21.45
      vertex 130.351 110.036 19.6
    endloop
  endfacet
  facet normal -0.740631 -0.671912 0
    outer loop
      vertex 130.351 110.036 21.45
      vertex 130.439 109.939 19.6
      vertex 130.439 109.939 21.45
    endloop
  endfacet
  facet normal -0.130653 0.991428 0
    outer loop
      vertex 131.369 146.494 19.6
      vertex 131.24 146.477 21.45
      vertex 131.369 146.494 21.45
    endloop
  endfacet
  facet normal -0.130653 0.991428 0
    outer loop
      vertex 131.24 146.477 21.45
      vertex 131.369 146.494 19.6
      vertex 131.24 146.477 19.6
    endloop
  endfacet
  facet normal -0.536875 -0.843661 0
    outer loop
      vertex 130.64 109.771 19.6
      vertex 130.75 109.701 21.45
      vertex 130.64 109.771 21.45
    endloop
  endfacet
  facet normal -0.536875 -0.843661 -0
    outer loop
      vertex 130.75 109.701 21.45
      vertex 130.64 109.771 19.6
      vertex 130.75 109.701 19.6
    endloop
  endfacet
  facet normal 0.671912 -0.740631 0
    outer loop
      vertex 154.464 109.851 19.6
      vertex 154.561 109.939 21.45
      vertex 154.464 109.851 21.45
    endloop
  endfacet
  facet normal 0.671912 -0.740631 0
    outer loop
      vertex 154.561 109.939 21.45
      vertex 154.464 109.851 19.6
      vertex 154.561 109.939 19.6
    endloop
  endfacet
  facet normal -0.843661 0.536875 0
    outer loop
      vertex 130.201 145.75 19.6
      vertex 130.271 145.86 21.45
      vertex 130.271 145.86 19.6
    endloop
  endfacet
  facet normal -0.843661 0.536875 0
    outer loop
      vertex 130.271 145.86 21.45
      vertex 130.201 145.75 19.6
      vertex 130.201 145.75 21.45
    endloop
  endfacet
  facet normal 0.29784 -0.954616 0
    outer loop
      vertex 153.888 109.551 19.6
      vertex 154.013 109.59 21.45
      vertex 153.888 109.551 21.45
    endloop
  endfacet
  facet normal 0.29784 -0.954616 0
    outer loop
      vertex 154.013 109.59 21.45
      vertex 153.888 109.551 19.6
      vertex 154.013 109.59 19.6
    endloop
  endfacet
  facet normal 0.888218 -0.459423 0
    outer loop
      vertex 154.799 110.25 21.45
      vertex 154.859 110.366 19.6
      vertex 154.859 110.366 21.45
    endloop
  endfacet
  facet normal 0.888218 -0.459423 0
    outer loop
      vertex 154.859 110.366 19.6
      vertex 154.799 110.25 21.45
      vertex 154.799 110.25 19.6
    endloop
  endfacet
  facet normal -0.888218 -0.459423 0
    outer loop
      vertex 130.201 110.25 19.6
      vertex 130.141 110.366 21.45
      vertex 130.141 110.366 19.6
    endloop
  endfacet
  facet normal -0.888218 -0.459423 0
    outer loop
      vertex 130.141 110.366 21.45
      vertex 130.201 110.25 19.6
      vertex 130.201 110.25 21.45
    endloop
  endfacet
  facet normal -0.609711 -0.792624 0
    outer loop
      vertex 130.536 109.851 19.6
      vertex 130.64 109.771 21.45
      vertex 130.536 109.851 21.45
    endloop
  endfacet
  facet normal -0.609711 -0.792624 -0
    outer loop
      vertex 130.64 109.771 21.45
      vertex 130.536 109.851 19.6
      vertex 130.64 109.771 19.6
    endloop
  endfacet
  facet normal 0.843661 -0.536875 0
    outer loop
      vertex 154.729 110.14 21.45
      vertex 154.799 110.25 19.6
      vertex 154.799 110.25 21.45
    endloop
  endfacet
  facet normal 0.843661 -0.536875 0
    outer loop
      vertex 154.799 110.25 19.6
      vertex 154.729 110.14 21.45
      vertex 154.729 110.14 19.6
    endloop
  endfacet
  facet normal 0.9769 0.213697 0
    outer loop
      vertex 154.977 145.26 21.45
      vertex 154.949 145.388 19.6
      vertex 154.949 145.388 21.45
    endloop
  endfacet
  facet normal 0.9769 0.213697 0
    outer loop
      vertex 154.949 145.388 19.6
      vertex 154.977 145.26 21.45
      vertex 154.977 145.26 19.6
    endloop
  endfacet
  facet normal 0.671912 0.740631 -0
    outer loop
      vertex 154.561 146.061 19.6
      vertex 154.464 146.149 21.45
      vertex 154.561 146.061 21.45
    endloop
  endfacet
  facet normal 0.671912 0.740631 0
    outer loop
      vertex 154.464 146.149 21.45
      vertex 154.561 146.061 19.6
      vertex 154.464 146.149 19.6
    endloop
  endfacet
  facet normal 0.459423 0.888218 -0
    outer loop
      vertex 154.25 146.299 19.6
      vertex 154.134 146.359 21.45
      vertex 154.25 146.299 21.45
    endloop
  endfacet
  facet normal 0.459423 0.888218 0
    outer loop
      vertex 154.134 146.359 21.45
      vertex 154.25 146.299 19.6
      vertex 154.134 146.359 19.6
    endloop
  endfacet
  facet normal -0.29784 -0.954616 0
    outer loop
      vertex 130.987 109.59 19.6
      vertex 131.112 109.551 21.45
      vertex 130.987 109.59 21.45
    endloop
  endfacet
  facet normal -0.29784 -0.954616 -0
    outer loop
      vertex 131.112 109.551 21.45
      vertex 130.987 109.59 19.6
      vertex 131.112 109.551 19.6
    endloop
  endfacet
  facet normal -0.921492 0.388397 0
    outer loop
      vertex 130.09 145.513 19.6
      vertex 130.141 145.634 21.45
      vertex 130.141 145.634 19.6
    endloop
  endfacet
  facet normal -0.921492 0.388397 0
    outer loop
      vertex 130.141 145.634 21.45
      vertex 130.09 145.513 19.6
      vertex 130.09 145.513 21.45
    endloop
  endfacet
  facet normal -0.0457536 0.998953 0
    outer loop
      vertex 131.5 146.5 19.6
      vertex 131.369 146.494 21.45
      vertex 131.5 146.5 21.45
    endloop
  endfacet
  facet normal -0.0457536 0.998953 0
    outer loop
      vertex 131.369 146.494 21.45
      vertex 131.5 146.5 19.6
      vertex 131.369 146.494 19.6
    endloop
  endfacet
  facet normal 0.998953 -0.0457536 0
    outer loop
      vertex 154.994 110.869 21.45
      vertex 155 111 19.6
      vertex 155 111 21.45
    endloop
  endfacet
  facet normal 0.998953 -0.0457536 0
    outer loop
      vertex 155 111 19.6
      vertex 154.994 110.869 21.45
      vertex 154.994 110.869 19.6
    endloop
  endfacet
  facet normal -0.843661 -0.536875 0
    outer loop
      vertex 130.271 110.14 19.6
      vertex 130.201 110.25 21.45
      vertex 130.201 110.25 19.6
    endloop
  endfacet
  facet normal -0.843661 -0.536875 0
    outer loop
      vertex 130.201 110.25 21.45
      vertex 130.271 110.14 19.6
      vertex 130.271 110.14 21.45
    endloop
  endfacet
  facet normal 0.130653 -0.991428 0
    outer loop
      vertex 153.631 109.506 19.6
      vertex 153.76 109.523 21.45
      vertex 153.631 109.506 21.45
    endloop
  endfacet
  facet normal 0.130653 -0.991428 0
    outer loop
      vertex 153.76 109.523 21.45
      vertex 153.631 109.506 19.6
      vertex 153.76 109.523 19.6
    endloop
  endfacet
  facet normal 0.0457536 0.998953 -0
    outer loop
      vertex 153.631 146.494 19.6
      vertex 153.5 146.5 21.45
      vertex 153.631 146.494 21.45
    endloop
  endfacet
  facet normal 0.0457536 0.998953 0
    outer loop
      vertex 153.5 146.5 21.45
      vertex 153.631 146.494 19.6
      vertex 153.5 146.5 19.6
    endloop
  endfacet
  facet normal 0.213697 0.9769 -0
    outer loop
      vertex 153.888 146.449 19.6
      vertex 153.76 146.477 21.45
      vertex 153.888 146.449 21.45
    endloop
  endfacet
  facet normal 0.213697 0.9769 0
    outer loop
      vertex 153.76 146.477 21.45
      vertex 153.888 146.449 19.6
      vertex 153.76 146.477 19.6
    endloop
  endfacet
  facet normal 0.388397 -0.921492 0
    outer loop
      vertex 154.013 109.59 19.6
      vertex 154.134 109.641 21.45
      vertex 154.013 109.59 21.45
    endloop
  endfacet
  facet normal 0.388397 -0.921492 0
    outer loop
      vertex 154.134 109.641 21.45
      vertex 154.013 109.59 19.6
      vertex 154.134 109.641 19.6
    endloop
  endfacet
  facet normal -0.921492 -0.388397 0
    outer loop
      vertex 130.141 110.366 19.6
      vertex 130.09 110.487 21.45
      vertex 130.09 110.487 19.6
    endloop
  endfacet
  facet normal -0.921492 -0.388397 0
    outer loop
      vertex 130.09 110.487 21.45
      vertex 130.141 110.366 19.6
      vertex 130.141 110.366 21.45
    endloop
  endfacet
  facet normal 0.792624 0.609711 0
    outer loop
      vertex 154.729 145.86 21.45
      vertex 154.649 145.964 19.6
      vertex 154.649 145.964 21.45
    endloop
  endfacet
  facet normal 0.792624 0.609711 0
    outer loop
      vertex 154.649 145.964 19.6
      vertex 154.729 145.86 21.45
      vertex 154.729 145.86 19.6
    endloop
  endfacet
  facet normal 0 0 -1
    outer loop
      vertex 153.83 111.095 19.6
      vertex 155 111 19.6
      vertex 154.994 110.869 19.6
    endloop
  endfacet
  facet normal 0 0 -1
    outer loop
      vertex 155 111 19.6
      vertex 153.85 111.25 19.6
      vertex 155 145 19.6
    endloop
  endfacet
  facet normal 0 0 -1
    outer loop
      vertex 153.814 111.045 19.6
      vertex 154.994 110.869 19.6
      vertex 154.977 110.74 19.6
    endloop
  endfacet
  facet normal 0 0 -1
    outer loop
      vertex 153.85 144.75 19.6
      vertex 155 145 19.6
      vertex 153.85 111.25 19.6
    endloop
  endfacet
  facet normal 0 0 -1
    outer loop
      vertex 153.814 111.045 19.6
      vertex 154.977 110.74 19.6
      vertex 154.949 110.612 19.6
    endloop
  endfacet
  facet normal 0 0 -1
    outer loop
      vertex 153.848 144.802 19.6
      vertex 155 145 19.6
      vertex 153.85 144.75 19.6
    endloop
  endfacet
  facet normal 0 0 -1
    outer loop
      vertex 153.794 110.996 19.6
      vertex 154.949 110.612 19.6
      vertex 154.91 110.487 19.6
    endloop
  endfacet
  facet normal 0 0 -1
    outer loop
      vertex 153.841 144.854 19.6
      vertex 155 145 19.6
      vertex 153.848 144.802 19.6
    endloop
  endfacet
  facet normal 0 0 -1
    outer loop
      vertex 153.77 110.95 19.6
      vertex 154.91 110.487 19.6
      vertex 154.859 110.366 19.6
    endloop
  endfacet
  facet normal 0 0 -1
    outer loop
      vertex 153.83 144.905 19.6
      vertex 155 145 19.6
      vertex 153.841 144.854 19.6
    endloop
  endfacet
  facet normal 0 0 -1
    outer loop
      vertex 153.77 110.95 19.6
      vertex 154.859 110.366 19.6
      vertex 154.799 110.25 19.6
    endloop
  endfacet
  facet normal -0 0 -1
    outer loop
      vertex 155 145 19.6
      vertex 153.83 144.905 19.6
      vertex 154.994 145.131 19.6
    endloop
  endfacet
  facet normal 0 0 -1
    outer loop
      vertex 153.741 110.906 19.6
      vertex 154.799 110.25 19.6
      vertex 154.729 110.14 19.6
    endloop
  endfacet
  facet normal 0 0 -1
    outer loop
      vertex 153.814 144.955 19.6
      vertex 154.994 145.131 19.6
      vertex 153.83 144.905 19.6
    endloop
  endfacet
  facet normal 0 0 -1
    outer loop
      vertex 153.71 110.864 19.6
      vertex 154.729 110.14 19.6
      vertex 154.649 110.036 19.6
    endloop
  endfacet
  facet normal -0 0 -1
    outer loop
      vertex 154.994 145.131 19.6
      vertex 153.814 144.955 19.6
      vertex 154.977 145.26 19.6
    endloop
  endfacet
  facet normal 0 0 -1
    outer loop
      vertex 153.674 110.826 19.6
      vertex 154.649 110.036 19.6
      vertex 154.561 109.939 19.6
    endloop
  endfacet
  facet normal -0 0 -1
    outer loop
      vertex 154.977 145.26 19.6
      vertex 153.814 144.955 19.6
      vertex 154.949 145.388 19.6
    endloop
  endfacet
  facet normal 0 0 -1
    outer loop
      vertex 153.674 110.826 19.6
      vertex 154.561 109.939 19.6
      vertex 154.464 109.851 19.6
    endloop
  endfacet
  facet normal 0 0 -1
    outer loop
      vertex 153.794 145.004 19.6
      vertex 154.949 145.388 19.6
      vertex 153.814 144.955 19.6
    endloop
  endfacet
  facet normal 0 0 -1
    outer loop
      vertex 153.636 110.79 19.6
      vertex 154.464 109.851 19.6
      vertex 154.36 109.771 19.6
    endloop
  endfacet
  facet normal -0 0 -1
    outer loop
      vertex 154.949 145.388 19.6
      vertex 153.794 145.004 19.6
      vertex 154.91 145.513 19.6
    endloop
  endfacet
  facet normal 0 0 -1
    outer loop
      vertex 153.594 110.759 19.6
      vertex 154.36 109.771 19.6
      vertex 154.25 109.701 19.6
    endloop
  endfacet
  facet normal 0 0 -1
    outer loop
      vertex 153.77 145.05 19.6
      vertex 154.91 145.513 19.6
      vertex 153.794 145.004 19.6
    endloop
  endfacet
  facet normal 0 0 -1
    outer loop
      vertex 153.594 110.759 19.6
      vertex 154.25 109.701 19.6
      vertex 154.134 109.641 19.6
    endloop
  endfacet
  facet normal -0 0 -1
    outer loop
      vertex 154.91 145.513 19.6
      vertex 153.77 145.05 19.6
      vertex 154.859 145.634 19.6
    endloop
  endfacet
  facet normal 0 0 -1
    outer loop
      vertex 153.55 110.73 19.6
      vertex 154.134 109.641 19.6
      vertex 154.013 109.59 19.6
    endloop
  endfacet
  facet normal -0 0 -1
    outer loop
      vertex 154.859 145.634 19.6
      vertex 153.77 145.05 19.6
      vertex 154.799 145.75 19.6
    endloop
  endfacet
  facet normal 0 0 -1
    outer loop
      vertex 153.504 110.706 19.6
      vertex 154.013 109.59 19.6
      vertex 153.888 109.551 19.6
    endloop
  endfacet
  facet normal 0 0 -1
    outer loop
      vertex 153.741 145.094 19.6
      vertex 154.799 145.75 19.6
      vertex 153.77 145.05 19.6
    endloop
  endfacet
  facet normal -0 0 -1
    outer loop
      vertex 154.799 145.75 19.6
      vertex 153.741 145.094 19.6
      vertex 154.729 145.86 19.6
    endloop
  endfacet
  facet normal 0 0 -1
    outer loop
      vertex 155 111 19.6
      vertex 153.848 111.198 19.6
      vertex 153.85 111.25 19.6
    endloop
  endfacet
  facet normal 0 0 -1
    outer loop
      vertex 155 111 19.6
      vertex 153.841 111.146 19.6
      vertex 153.848 111.198 19.6
    endloop
  endfacet
  facet normal 0 0 -1
    outer loop
      vertex 155 111 19.6
      vertex 153.83 111.095 19.6
      vertex 153.841 111.146 19.6
    endloop
  endfacet
  facet normal 0 0 -1
    outer loop
      vertex 154.994 110.869 19.6
      vertex 153.814 111.045 19.6
      vertex 153.83 111.095 19.6
    endloop
  endfacet
  facet normal 0 0 -1
    outer loop
      vertex 154.949 110.612 19.6
      vertex 153.794 110.996 19.6
      vertex 153.814 111.045 19.6
    endloop
  endfacet
  facet normal 0 0 -1
    outer loop
      vertex 154.91 110.487 19.6
      vertex 153.77 110.95 19.6
      vertex 153.794 110.996 19.6
    endloop
  endfacet
  facet normal 0 0 -1
    outer loop
      vertex 153.455 110.686 19.6
      vertex 153.888 109.551 19.6
      vertex 153.76 109.523 19.6
    endloop
  endfacet
  facet normal 0 0 -1
    outer loop
      vertex 154.799 110.25 19.6
      vertex 153.741 110.906 19.6
      vertex 153.77 110.95 19.6
    endloop
  endfacet
  facet normal 0 0 -1
    outer loop
      vertex 154.729 110.14 19.6
      vertex 153.71 110.864 19.6
      vertex 153.741 110.906 19.6
    endloop
  endfacet
  facet normal 0 0 -1
    outer loop
      vertex 154.649 110.036 19.6
      vertex 153.674 110.826 19.6
      vertex 153.71 110.864 19.6
    endloop
  endfacet
  facet normal 0 0 -1
    outer loop
      vertex 154.464 109.851 19.6
      vertex 153.636 110.79 19.6
      vertex 153.674 110.826 19.6
    endloop
  endfacet
  facet normal 0 0 -1
    outer loop
      vertex 153.455 110.686 19.6
      vertex 153.76 109.523 19.6
      vertex 153.631 109.506 19.6
    endloop
  endfacet
  facet normal 0 0 -1
    outer loop
      vertex 154.36 109.771 19.6
      vertex 153.594 110.759 19.6
      vertex 153.636 110.79 19.6
    endloop
  endfacet
  facet normal 0 0 -1
    outer loop
      vertex 154.134 109.641 19.6
      vertex 153.55 110.73 19.6
      vertex 153.594 110.759 19.6
    endloop
  endfacet
  facet normal 0 0 -1
    outer loop
      vertex 154.013 109.59 19.6
      vertex 153.504 110.706 19.6
      vertex 153.55 110.73 19.6
    endloop
  endfacet
  facet normal 0 0 -1
    outer loop
      vertex 153.405 110.67 19.6
      vertex 153.631 109.506 19.6
      vertex 153.5 109.5 19.6
    endloop
  endfacet
  facet normal 0 0 -1
    outer loop
      vertex 153.888 109.551 19.6
      vertex 153.455 110.686 19.6
      vertex 153.504 110.706 19.6
    endloop
  endfacet
  facet normal 0 0 -1
    outer loop
      vertex 153.631 109.506 19.6
      vertex 153.405 110.67 19.6
      vertex 153.455 110.686 19.6
    endloop
  endfacet
  facet normal 0 0 -1
    outer loop
      vertex 153.5 109.5 19.6
      vertex 153.354 110.659 19.6
      vertex 153.405 110.67 19.6
    endloop
  endfacet
  facet normal 0 0 -1
    outer loop
      vertex 153.5 109.5 19.6
      vertex 153.302 110.652 19.6
      vertex 153.354 110.659 19.6
    endloop
  endfacet
  facet normal 0 0 -1
    outer loop
      vertex 153.5 109.5 19.6
      vertex 153.25 110.65 19.6
      vertex 153.302 110.652 19.6
    endloop
  endfacet
  facet normal 0 0 -1
    outer loop
      vertex 153.5 109.5 19.6
      vertex 131.75 110.65 19.6
      vertex 153.25 110.65 19.6
    endloop
  endfacet
  facet normal 0 0 -1
    outer loop
      vertex 131.5 109.5 19.6
      vertex 131.75 110.65 19.6
      vertex 153.5 109.5 19.6
    endloop
  endfacet
  facet normal -0 0 -1
    outer loop
      vertex 131.75 110.65 19.6
      vertex 131.5 109.5 19.6
      vertex 131.698 110.652 19.6
    endloop
  endfacet
  facet normal 0 0 -1
    outer loop
      vertex 131.5 109.5 19.6
      vertex 131.646 110.659 19.6
      vertex 131.698 110.652 19.6
    endloop
  endfacet
  facet normal 0 0 -1
    outer loop
      vertex 131.5 109.5 19.6
      vertex 131.595 110.67 19.6
      vertex 131.646 110.659 19.6
    endloop
  endfacet
  facet normal 0 0 -1
    outer loop
      vertex 131.369 109.506 19.6
      vertex 131.595 110.67 19.6
      vertex 131.5 109.5 19.6
    endloop
  endfacet
  facet normal -0 0 -1
    outer loop
      vertex 131.595 110.67 19.6
      vertex 131.369 109.506 19.6
      vertex 131.545 110.686 19.6
    endloop
  endfacet
  facet normal 0 0 -1
    outer loop
      vertex 131.24 109.523 19.6
      vertex 131.545 110.686 19.6
      vertex 131.369 109.506 19.6
    endloop
  endfacet
  facet normal 0 0 -1
    outer loop
      vertex 131.112 109.551 19.6
      vertex 131.545 110.686 19.6
      vertex 131.24 109.523 19.6
    endloop
  endfacet
  facet normal -0 0 -1
    outer loop
      vertex 131.545 110.686 19.6
      vertex 131.112 109.551 19.6
      vertex 131.496 110.706 19.6
    endloop
  endfacet
  facet normal 0 0 -1
    outer loop
      vertex 130.987 109.59 19.6
      vertex 131.496 110.706 19.6
      vertex 131.112 109.551 19.6
    endloop
  endfacet
  facet normal -0 0 -1
    outer loop
      vertex 131.496 110.706 19.6
      vertex 130.987 109.59 19.6
      vertex 131.45 110.73 19.6
    endloop
  endfacet
  facet normal 0 0 -1
    outer loop
      vertex 130.866 109.641 19.6
      vertex 131.45 110.73 19.6
      vertex 130.987 109.59 19.6
    endloop
  endfacet
  facet normal -0 0 -1
    outer loop
      vertex 131.45 110.73 19.6
      vertex 130.866 109.641 19.6
      vertex 131.406 110.759 19.6
    endloop
  endfacet
  facet normal 0 0 -1
    outer loop
      vertex 130.75 109.701 19.6
      vertex 131.406 110.759 19.6
      vertex 130.866 109.641 19.6
    endloop
  endfacet
  facet normal 0 0 -1
    outer loop
      vertex 130.64 109.771 19.6
      vertex 131.406 110.759 19.6
      vertex 130.75 109.701 19.6
    endloop
  endfacet
  facet normal -0 0 -1
    outer loop
      vertex 131.406 110.759 19.6
      vertex 130.64 109.771 19.6
      vertex 131.364 110.79 19.6
    endloop
  endfacet
  facet normal 0 0 -1
    outer loop
      vertex 130.536 109.851 19.6
      vertex 131.364 110.79 19.6
      vertex 130.64 109.771 19.6
    endloop
  endfacet
  facet normal -0 0 -1
    outer loop
      vertex 131.364 110.79 19.6
      vertex 130.536 109.851 19.6
      vertex 131.326 110.826 19.6
    endloop
  endfacet
  facet normal 0 0 -1
    outer loop
      vertex 130.439 109.939 19.6
      vertex 131.326 110.826 19.6
      vertex 130.536 109.851 19.6
    endloop
  endfacet
  facet normal 0 0 -1
    outer loop
      vertex 130.351 110.036 19.6
      vertex 131.326 110.826 19.6
      vertex 130.439 109.939 19.6
    endloop
  endfacet
  facet normal -0 0 -1
    outer loop
      vertex 131.29 110.864 19.6
      vertex 130.271 110.14 19.6
      vertex 131.258 110.906 19.6
    endloop
  endfacet
  facet normal 0 0 -1
    outer loop
      vertex 130.271 110.14 19.6
      vertex 131.29 110.864 19.6
      vertex 130.351 110.036 19.6
    endloop
  endfacet
  facet normal -0 0 -1
    outer loop
      vertex 131.326 110.826 19.6
      vertex 130.351 110.036 19.6
      vertex 131.29 110.864 19.6
    endloop
  endfacet
  facet normal 0 0 -1
    outer loop
      vertex 153.71 145.136 19.6
      vertex 154.729 145.86 19.6
      vertex 153.741 145.094 19.6
    endloop
  endfacet
  facet normal -0 0 -1
    outer loop
      vertex 154.729 145.86 19.6
      vertex 153.71 145.136 19.6
      vertex 154.649 145.964 19.6
    endloop
  endfacet
  facet normal 0 0 -1
    outer loop
      vertex 153.674 145.174 19.6
      vertex 154.649 145.964 19.6
      vertex 153.71 145.136 19.6
    endloop
  endfacet
  facet normal -0 0 -1
    outer loop
      vertex 154.649 145.964 19.6
      vertex 153.674 145.174 19.6
      vertex 154.561 146.061 19.6
    endloop
  endfacet
  facet normal -0 0 -1
    outer loop
      vertex 154.561 146.061 19.6
      vertex 153.674 145.174 19.6
      vertex 154.464 146.149 19.6
    endloop
  endfacet
  facet normal 0 0 -1
    outer loop
      vertex 153.636 145.21 19.6
      vertex 154.464 146.149 19.6
      vertex 153.674 145.174 19.6
    endloop
  endfacet
  facet normal -0 0 -1
    outer loop
      vertex 154.464 146.149 19.6
      vertex 153.636 145.21 19.6
      vertex 154.36 146.229 19.6
    endloop
  endfacet
  facet normal 0 0 -1
    outer loop
      vertex 153.594 145.241 19.6
      vertex 154.36 146.229 19.6
      vertex 153.636 145.21 19.6
    endloop
  endfacet
  facet normal -0 0 -1
    outer loop
      vertex 154.36 146.229 19.6
      vertex 153.594 145.241 19.6
      vertex 154.25 146.299 19.6
    endloop
  endfacet
  facet normal -0 0 -1
    outer loop
      vertex 154.25 146.299 19.6
      vertex 153.594 145.241 19.6
      vertex 154.134 146.359 19.6
    endloop
  endfacet
  facet normal 0 0 -1
    outer loop
      vertex 153.55 145.27 19.6
      vertex 154.134 146.359 19.6
      vertex 153.594 145.241 19.6
    endloop
  endfacet
  facet normal -0 0 -1
    outer loop
      vertex 154.134 146.359 19.6
      vertex 153.55 145.27 19.6
      vertex 154.013 146.41 19.6
    endloop
  endfacet
  facet normal 0 0 -1
    outer loop
      vertex 153.504 145.294 19.6
      vertex 154.013 146.41 19.6
      vertex 153.55 145.27 19.6
    endloop
  endfacet
  facet normal -0 0 -1
    outer loop
      vertex 154.013 146.41 19.6
      vertex 153.504 145.294 19.6
      vertex 153.888 146.449 19.6
    endloop
  endfacet
  facet normal 0 0 -1
    outer loop
      vertex 153.455 145.314 19.6
      vertex 153.888 146.449 19.6
      vertex 153.504 145.294 19.6
    endloop
  endfacet
  facet normal -0 0 -1
    outer loop
      vertex 153.888 146.449 19.6
      vertex 153.455 145.314 19.6
      vertex 153.76 146.477 19.6
    endloop
  endfacet
  facet normal -0 0 -1
    outer loop
      vertex 153.76 146.477 19.6
      vertex 153.455 145.314 19.6
      vertex 153.631 146.494 19.6
    endloop
  endfacet
  facet normal 0 0 -1
    outer loop
      vertex 153.405 145.33 19.6
      vertex 153.631 146.494 19.6
      vertex 153.455 145.314 19.6
    endloop
  endfacet
  facet normal -0 0 -1
    outer loop
      vertex 153.631 146.494 19.6
      vertex 153.405 145.33 19.6
      vertex 153.5 146.5 19.6
    endloop
  endfacet
  facet normal 0 0 -1
    outer loop
      vertex 153.354 145.341 19.6
      vertex 153.5 146.5 19.6
      vertex 153.405 145.33 19.6
    endloop
  endfacet
  facet normal 0 0 -1
    outer loop
      vertex 153.302 145.348 19.6
      vertex 153.5 146.5 19.6
      vertex 153.354 145.341 19.6
    endloop
  endfacet
  facet normal 0 0 -1
    outer loop
      vertex 153.25 145.35 19.6
      vertex 153.5 146.5 19.6
      vertex 153.302 145.348 19.6
    endloop
  endfacet
  facet normal 0 0 -1
    outer loop
      vertex 131.75 145.35 19.6
      vertex 153.5 146.5 19.6
      vertex 153.25 145.35 19.6
    endloop
  endfacet
  facet normal 0 0 -1
    outer loop
      vertex 131.5 146.5 19.6
      vertex 131.75 145.35 19.6
      vertex 131.698 145.348 19.6
    endloop
  endfacet
  facet normal 0 0 -1
    outer loop
      vertex 131.75 145.35 19.6
      vertex 131.5 146.5 19.6
      vertex 153.5 146.5 19.6
    endloop
  endfacet
  facet normal 0 0 -1
    outer loop
      vertex 131.646 145.341 19.6
      vertex 131.5 146.5 19.6
      vertex 131.698 145.348 19.6
    endloop
  endfacet
  facet normal 0 0 -1
    outer loop
      vertex 131.595 145.33 19.6
      vertex 131.5 146.5 19.6
      vertex 131.646 145.341 19.6
    endloop
  endfacet
  facet normal 0 0 -1
    outer loop
      vertex 131.369 146.494 19.6
      vertex 131.595 145.33 19.6
      vertex 131.545 145.314 19.6
    endloop
  endfacet
  facet normal 0 0 -1
    outer loop
      vertex 131.112 146.449 19.6
      vertex 131.545 145.314 19.6
      vertex 131.496 145.294 19.6
    endloop
  endfacet
  facet normal 0 0 -1
    outer loop
      vertex 130.987 146.41 19.6
      vertex 131.496 145.294 19.6
      vertex 131.45 145.27 19.6
    endloop
  endfacet
  facet normal 0 0 -1
    outer loop
      vertex 130.866 146.359 19.6
      vertex 131.45 145.27 19.6
      vertex 131.406 145.241 19.6
    endloop
  endfacet
  facet normal 0 0 -1
    outer loop
      vertex 131.595 145.33 19.6
      vertex 131.369 146.494 19.6
      vertex 131.5 146.5 19.6
    endloop
  endfacet
  facet normal 0 0 -1
    outer loop
      vertex 130.64 146.229 19.6
      vertex 131.406 145.241 19.6
      vertex 131.364 145.21 19.6
    endloop
  endfacet
  facet normal 0 0 -1
    outer loop
      vertex 130.536 146.149 19.6
      vertex 131.364 145.21 19.6
      vertex 131.326 145.174 19.6
    endloop
  endfacet
  facet normal 0 0 -1
    outer loop
      vertex 130.351 145.964 19.6
      vertex 131.326 145.174 19.6
      vertex 131.29 145.136 19.6
    endloop
  endfacet
  facet normal 0 0 -1
    outer loop
      vertex 130.271 145.86 19.6
      vertex 131.29 145.136 19.6
      vertex 131.258 145.094 19.6
    endloop
  endfacet
  facet normal 0 0 -1
    outer loop
      vertex 131.545 145.314 19.6
      vertex 131.24 146.477 19.6
      vertex 131.369 146.494 19.6
    endloop
  endfacet
  facet normal 0 0 -1
    outer loop
      vertex 130.201 145.75 19.6
      vertex 131.258 145.094 19.6
      vertex 131.23 145.05 19.6
    endloop
  endfacet
  facet normal 0 0 -1
    outer loop
      vertex 130.09 145.513 19.6
      vertex 131.23 145.05 19.6
      vertex 131.206 145.004 19.6
    endloop
  endfacet
  facet normal 0 0 -1
    outer loop
      vertex 130.051 145.388 19.6
      vertex 131.206 145.004 19.6
      vertex 131.186 144.955 19.6
    endloop
  endfacet
  facet normal 0 0 -1
    outer loop
      vertex 130.006 145.131 19.6
      vertex 131.186 144.955 19.6
      vertex 131.17 144.905 19.6
    endloop
  endfacet
  facet normal 0 0 -1
    outer loop
      vertex 130 145 19.6
      vertex 131.17 144.905 19.6
      vertex 131.159 144.854 19.6
    endloop
  endfacet
  facet normal 0 0 -1
    outer loop
      vertex 130 145 19.6
      vertex 131.159 144.854 19.6
      vertex 131.152 144.802 19.6
    endloop
  endfacet
  facet normal 0 0 -1
    outer loop
      vertex 131.545 145.314 19.6
      vertex 131.112 146.449 19.6
      vertex 131.24 146.477 19.6
    endloop
  endfacet
  facet normal 0 0 -1
    outer loop
      vertex 130 145 19.6
      vertex 131.152 144.802 19.6
      vertex 131.15 144.75 19.6
    endloop
  endfacet
  facet normal -0 0 -1
    outer loop
      vertex 131.15 111.25 19.6
      vertex 130 111 19.6
      vertex 131.15 144.75 19.6
    endloop
  endfacet
  facet normal 0 0 -1
    outer loop
      vertex 130.201 110.25 19.6
      vertex 131.258 110.906 19.6
      vertex 130.271 110.14 19.6
    endloop
  endfacet
  facet normal 0 0 -1
    outer loop
      vertex 130 145 19.6
      vertex 131.15 144.75 19.6
      vertex 130 111 19.6
    endloop
  endfacet
  facet normal -0 0 -1
    outer loop
      vertex 131.258 110.906 19.6
      vertex 130.201 110.25 19.6
      vertex 131.23 110.95 19.6
    endloop
  endfacet
  facet normal 0 0 -1
    outer loop
      vertex 131.17 144.905 19.6
      vertex 130 145 19.6
      vertex 130.006 145.131 19.6
    endloop
  endfacet
  facet normal 0 0 -1
    outer loop
      vertex 130.141 110.366 19.6
      vertex 131.23 110.95 19.6
      vertex 130.201 110.25 19.6
    endloop
  endfacet
  facet normal 0 0 -1
    outer loop
      vertex 131.496 145.294 19.6
      vertex 130.987 146.41 19.6
      vertex 131.112 146.449 19.6
    endloop
  endfacet
  facet normal 0 0 -1
    outer loop
      vertex 130.09 110.487 19.6
      vertex 131.23 110.95 19.6
      vertex 130.141 110.366 19.6
    endloop
  endfacet
  facet normal 0 0 -1
    outer loop
      vertex 131.45 145.27 19.6
      vertex 130.866 146.359 19.6
      vertex 130.987 146.41 19.6
    endloop
  endfacet
  facet normal -0 0 -1
    outer loop
      vertex 131.23 110.95 19.6
      vertex 130.09 110.487 19.6
      vertex 131.206 110.996 19.6
    endloop
  endfacet
  facet normal 0 0 -1
    outer loop
      vertex 131.406 145.241 19.6
      vertex 130.75 146.299 19.6
      vertex 130.866 146.359 19.6
    endloop
  endfacet
  facet normal 0 0 -1
    outer loop
      vertex 130.051 110.612 19.6
      vertex 131.206 110.996 19.6
      vertex 130.09 110.487 19.6
    endloop
  endfacet
  facet normal 0 0 -1
    outer loop
      vertex 131.406 145.241 19.6
      vertex 130.64 146.229 19.6
      vertex 130.75 146.299 19.6
    endloop
  endfacet
  facet normal -0 0 -1
    outer loop
      vertex 131.206 110.996 19.6
      vertex 130.051 110.612 19.6
      vertex 131.186 111.045 19.6
    endloop
  endfacet
  facet normal 0 0 -1
    outer loop
      vertex 131.364 145.21 19.6
      vertex 130.536 146.149 19.6
      vertex 130.64 146.229 19.6
    endloop
  endfacet
  facet normal 0 0 -1
    outer loop
      vertex 130.023 110.74 19.6
      vertex 131.186 111.045 19.6
      vertex 130.051 110.612 19.6
    endloop
  endfacet
  facet normal 0 0 -1
    outer loop
      vertex 131.326 145.174 19.6
      vertex 130.439 146.061 19.6
      vertex 130.536 146.149 19.6
    endloop
  endfacet
  facet normal 0 0 -1
    outer loop
      vertex 130.006 110.869 19.6
      vertex 131.186 111.045 19.6
      vertex 130.023 110.74 19.6
    endloop
  endfacet
  facet normal 0 0 -1
    outer loop
      vertex 131.326 145.174 19.6
      vertex 130.351 145.964 19.6
      vertex 130.439 146.061 19.6
    endloop
  endfacet
  facet normal -0 0 -1
    outer loop
      vertex 131.186 111.045 19.6
      vertex 130.006 110.869 19.6
      vertex 131.17 111.095 19.6
    endloop
  endfacet
  facet normal 0 0 -1
    outer loop
      vertex 131.29 145.136 19.6
      vertex 130.271 145.86 19.6
      vertex 130.351 145.964 19.6
    endloop
  endfacet
  facet normal 0 0 -1
    outer loop
      vertex 130 111 19.6
      vertex 131.17 111.095 19.6
      vertex 130.006 110.869 19.6
    endloop
  endfacet
  facet normal 0 0 -1
    outer loop
      vertex 131.258 145.094 19.6
      vertex 130.201 145.75 19.6
      vertex 130.271 145.86 19.6
    endloop
  endfacet
  facet normal -0 0 -1
    outer loop
      vertex 131.17 111.095 19.6
      vertex 130 111 19.6
      vertex 131.159 111.146 19.6
    endloop
  endfacet
  facet normal 0 0 -1
    outer loop
      vertex 131.23 145.05 19.6
      vertex 130.141 145.634 19.6
      vertex 130.201 145.75 19.6
    endloop
  endfacet
  facet normal -0 0 -1
    outer loop
      vertex 131.159 111.146 19.6
      vertex 130 111 19.6
      vertex 131.152 111.198 19.6
    endloop
  endfacet
  facet normal 0 0 -1
    outer loop
      vertex 131.23 145.05 19.6
      vertex 130.09 145.513 19.6
      vertex 130.141 145.634 19.6
    endloop
  endfacet
  facet normal -0 0 -1
    outer loop
      vertex 131.152 111.198 19.6
      vertex 130 111 19.6
      vertex 131.15 111.25 19.6
    endloop
  endfacet
  facet normal 0 0 -1
    outer loop
      vertex 131.206 145.004 19.6
      vertex 130.051 145.388 19.6
      vertex 130.09 145.513 19.6
    endloop
  endfacet
  facet normal 0 0 -1
    outer loop
      vertex 131.186 144.955 19.6
      vertex 130.023 145.26 19.6
      vertex 130.051 145.388 19.6
    endloop
  endfacet
  facet normal 0 0 -1
    outer loop
      vertex 131.186 144.955 19.6
      vertex 130.006 145.131 19.6
      vertex 130.023 145.26 19.6
    endloop
  endfacet
  facet normal 0.991061 0.133412 0
    outer loop
      vertex 131.159 111.146 21.45
      vertex 131.152 111.198 19.6
      vertex 131.152 111.198 21.45
    endloop
  endfacet
  facet normal 0.991061 0.133412 0
    outer loop
      vertex 131.152 111.198 19.6
      vertex 131.159 111.146 21.45
      vertex 131.159 111.146 19.6
    endloop
  endfacet
  facet normal -0.834958 0.550313 0
    outer loop
      vertex 153.741 110.906 19.6
      vertex 153.77 110.95 21.45
      vertex 153.77 110.95 19.6
    endloop
  endfacet
  facet normal -0.834958 0.550313 0
    outer loop
      vertex 153.77 110.95 21.45
      vertex 153.741 110.906 19.6
      vertex 153.741 110.906 21.45
    endloop
  endfacet
  facet normal 0.999261 0.0384331 0
    outer loop
      vertex 131.152 111.198 21.45
      vertex 131.15 111.25 19.6
      vertex 131.15 111.25 21.45
    endloop
  endfacet
  facet normal 0.999261 0.0384331 0
    outer loop
      vertex 131.15 111.25 19.6
      vertex 131.152 111.198 21.45
      vertex 131.152 111.198 19.6
    endloop
  endfacet
  facet normal -0.886585 0.462566 0
    outer loop
      vertex 153.77 110.95 19.6
      vertex 153.794 110.996 21.45
      vertex 153.794 110.996 19.6
    endloop
  endfacet
  facet normal -0.886585 0.462566 0
    outer loop
      vertex 153.794 110.996 21.45
      vertex 153.77 110.95 19.6
      vertex 153.77 110.95 21.45
    endloop
  endfacet
  facet normal -0.462566 -0.886585 0
    outer loop
      vertex 153.504 145.294 19.6
      vertex 153.55 145.27 21.45
      vertex 153.504 145.294 21.45
    endloop
  endfacet
  facet normal -0.462566 -0.886585 -0
    outer loop
      vertex 153.55 145.27 21.45
      vertex 153.504 145.294 19.6
      vertex 153.55 145.27 19.6
    endloop
  endfacet
  facet normal 0.687745 -0.725953 0
    outer loop
      vertex 131.326 145.174 19.6
      vertex 131.364 145.21 21.45
      vertex 131.326 145.174 21.45
    endloop
  endfacet
  facet normal 0.687745 -0.725953 0
    outer loop
      vertex 131.364 145.21 21.45
      vertex 131.326 145.174 19.6
      vertex 131.364 145.21 19.6
    endloop
  endfacet
  facet normal -1 0 0
    outer loop
      vertex 153.85 111.25 19.6
      vertex 153.85 144.75 21.45
      vertex 153.85 144.75 19.6
    endloop
  endfacet
  facet normal -1 -0 0
    outer loop
      vertex 153.85 144.75 21.45
      vertex 153.85 111.25 19.6
      vertex 153.85 111.25 21.45
    endloop
  endfacet
  facet normal 0 -1 0
    outer loop
      vertex 131.75 145.35 19.6
      vertex 153.25 145.35 21.45
      vertex 131.75 145.35 21.45
    endloop
  endfacet
  facet normal 0 -1 -0
    outer loop
      vertex 153.25 145.35 21.45
      vertex 131.75 145.35 19.6
      vertex 153.25 145.35 19.6
    endloop
  endfacet
  facet normal -0.804574 -0.593852 0
    outer loop
      vertex 153.741 145.094 19.6
      vertex 153.71 145.136 21.45
      vertex 153.71 145.136 19.6
    endloop
  endfacet
  facet normal -0.804574 -0.593852 0
    outer loop
      vertex 153.71 145.136 21.45
      vertex 153.741 145.094 19.6
      vertex 153.741 145.094 21.45
    endloop
  endfacet
  facet normal -0.550313 -0.834958 0
    outer loop
      vertex 153.55 145.27 19.6
      vertex 153.594 145.241 21.45
      vertex 153.55 145.27 21.45
    endloop
  endfacet
  facet normal -0.550313 -0.834958 -0
    outer loop
      vertex 153.594 145.241 21.45
      vertex 153.55 145.27 19.6
      vertex 153.594 145.241 19.6
    endloop
  endfacet
  facet normal 1 -0 0
    outer loop
      vertex 131.15 111.25 21.45
      vertex 131.15 144.75 19.6
      vertex 131.15 144.75 21.45
    endloop
  endfacet
  facet normal 1 0 0
    outer loop
      vertex 131.15 144.75 19.6
      vertex 131.15 111.25 21.45
      vertex 131.15 111.25 19.6
    endloop
  endfacet
  facet normal 0.991061 -0.133412 0
    outer loop
      vertex 131.152 144.802 21.45
      vertex 131.159 144.854 19.6
      vertex 131.159 144.854 21.45
    endloop
  endfacet
  facet normal 0.991061 -0.133412 0
    outer loop
      vertex 131.159 144.854 19.6
      vertex 131.152 144.802 21.45
      vertex 131.152 144.802 19.6
    endloop
  endfacet
  facet normal 0 1 -0
    outer loop
      vertex 153.25 110.65 19.6
      vertex 131.75 110.65 21.45
      vertex 153.25 110.65 21.45
    endloop
  endfacet
  facet normal 0 1 0
    outer loop
      vertex 131.75 110.65 21.45
      vertex 153.25 110.65 19.6
      vertex 131.75 110.65 19.6
    endloop
  endfacet
  facet normal -0.991061 0.133412 0
    outer loop
      vertex 153.841 111.146 19.6
      vertex 153.848 111.198 21.45
      vertex 153.848 111.198 19.6
    endloop
  endfacet
  facet normal -0.991061 0.133412 0
    outer loop
      vertex 153.848 111.198 21.45
      vertex 153.841 111.146 19.6
      vertex 153.841 111.146 21.45
    endloop
  endfacet
  facet normal -0.834958 -0.550313 0
    outer loop
      vertex 153.77 145.05 19.6
      vertex 153.741 145.094 21.45
      vertex 153.741 145.094 19.6
    endloop
  endfacet
  facet normal -0.834958 -0.550313 0
    outer loop
      vertex 153.741 145.094 21.45
      vertex 153.77 145.05 19.6
      vertex 153.77 145.05 21.45
    endloop
  endfacet
  facet normal -0.377897 -0.925848 0
    outer loop
      vertex 153.455 145.314 19.6
      vertex 153.504 145.294 21.45
      vertex 153.455 145.314 21.45
    endloop
  endfacet
  facet normal -0.377897 -0.925848 -0
    outer loop
      vertex 153.504 145.294 21.45
      vertex 153.455 145.314 19.6
      vertex 153.504 145.294 19.6
    endloop
  endfacet
  facet normal -0.977521 -0.210838 0
    outer loop
      vertex 153.841 144.854 19.6
      vertex 153.83 144.905 21.45
      vertex 153.83 144.905 19.6
    endloop
  endfacet
  facet normal -0.977521 -0.210838 0
    outer loop
      vertex 153.83 144.905 21.45
      vertex 153.841 144.854 19.6
      vertex 153.841 144.854 21.45
    endloop
  endfacet
  facet normal -0.462566 0.886585 0
    outer loop
      vertex 153.55 110.73 19.6
      vertex 153.504 110.706 21.45
      vertex 153.55 110.73 21.45
    endloop
  endfacet
  facet normal -0.462566 0.886585 0
    outer loop
      vertex 153.504 110.706 21.45
      vertex 153.55 110.73 19.6
      vertex 153.504 110.706 19.6
    endloop
  endfacet
  facet normal -0.886585 -0.462566 0
    outer loop
      vertex 153.794 145.004 19.6
      vertex 153.77 145.05 21.45
      vertex 153.77 145.05 19.6
    endloop
  endfacet
  facet normal -0.886585 -0.462566 0
    outer loop
      vertex 153.77 145.05 21.45
      vertex 153.794 145.004 19.6
      vertex 153.794 145.004 21.45
    endloop
  endfacet
  facet normal -0.999261 0.0384331 0
    outer loop
      vertex 153.848 111.198 19.6
      vertex 153.85 111.25 21.45
      vertex 153.85 111.25 19.6
    endloop
  endfacet
  facet normal -0.999261 0.0384331 0
    outer loop
      vertex 153.85 111.25 21.45
      vertex 153.848 111.198 19.6
      vertex 153.848 111.198 21.45
    endloop
  endfacet
  facet normal 0.843661 -0.536875 0
    outer loop
      vertex 131.23 145.05 21.45
      vertex 131.258 145.094 19.6
      vertex 131.258 145.094 21.45
    endloop
  endfacet
  facet normal 0.843661 -0.536875 0
    outer loop
      vertex 131.258 145.094 19.6
      vertex 131.23 145.05 21.45
      vertex 131.23 145.05 19.6
    endloop
  endfacet
  facet normal 0.925848 -0.377897 0
    outer loop
      vertex 131.186 144.955 21.45
      vertex 131.206 145.004 19.6
      vertex 131.206 145.004 21.45
    endloop
  endfacet
  facet normal 0.925848 -0.377897 0
    outer loop
      vertex 131.206 145.004 19.6
      vertex 131.186 144.955 21.45
      vertex 131.186 144.955 19.6
    endloop
  endfacet
  facet normal -0.999261 -0.0384331 0
    outer loop
      vertex 153.85 144.75 19.6
      vertex 153.848 144.802 21.45
      vertex 153.848 144.802 19.6
    endloop
  endfacet
  facet normal -0.999261 -0.0384331 0
    outer loop
      vertex 153.848 144.802 21.45
      vertex 153.85 144.75 19.6
      vertex 153.85 144.75 21.45
    endloop
  endfacet
  facet normal 0.886585 -0.462566 0
    outer loop
      vertex 131.206 145.004 21.45
      vertex 131.23 145.05 19.6
      vertex 131.23 145.05 21.45
    endloop
  endfacet
  facet normal 0.886585 -0.462566 0
    outer loop
      vertex 131.23 145.05 19.6
      vertex 131.206 145.004 21.45
      vertex 131.206 145.004 19.6
    endloop
  endfacet
  facet normal 0.593852 0.804574 -0
    outer loop
      vertex 131.406 110.759 19.6
      vertex 131.364 110.79 21.45
      vertex 131.406 110.759 21.45
    endloop
  endfacet
  facet normal 0.593852 0.804574 0
    outer loop
      vertex 131.364 110.79 21.45
      vertex 131.406 110.759 19.6
      vertex 131.364 110.79 19.6
    endloop
  endfacet
  facet normal -0.304776 -0.952424 0
    outer loop
      vertex 153.405 145.33 19.6
      vertex 153.455 145.314 21.45
      vertex 153.405 145.33 21.45
    endloop
  endfacet
  facet normal -0.304776 -0.952424 -0
    outer loop
      vertex 153.455 145.314 21.45
      vertex 153.405 145.33 19.6
      vertex 153.455 145.314 19.6
    endloop
  endfacet
  facet normal 0.462566 0.886585 -0
    outer loop
      vertex 131.496 110.706 19.6
      vertex 131.45 110.73 21.45
      vertex 131.496 110.706 21.45
    endloop
  endfacet
  facet normal 0.462566 0.886585 0
    outer loop
      vertex 131.45 110.73 21.45
      vertex 131.496 110.706 19.6
      vertex 131.45 110.73 19.6
    endloop
  endfacet
  facet normal 0.999261 -0.0384331 0
    outer loop
      vertex 131.15 144.75 21.45
      vertex 131.152 144.802 19.6
      vertex 131.152 144.802 21.45
    endloop
  endfacet
  facet normal 0.999261 -0.0384331 0
    outer loop
      vertex 131.152 144.802 19.6
      vertex 131.15 144.75 21.45
      vertex 131.15 144.75 19.6
    endloop
  endfacet
  facet normal 0.550313 -0.834958 0
    outer loop
      vertex 131.406 145.241 19.6
      vertex 131.45 145.27 21.45
      vertex 131.406 145.241 21.45
    endloop
  endfacet
  facet normal 0.550313 -0.834958 0
    outer loop
      vertex 131.45 145.27 21.45
      vertex 131.406 145.241 19.6
      vertex 131.45 145.27 19.6
    endloop
  endfacet
  facet normal -0.550313 0.834958 0
    outer loop
      vertex 153.594 110.759 19.6
      vertex 153.55 110.73 21.45
      vertex 153.594 110.759 21.45
    endloop
  endfacet
  facet normal -0.550313 0.834958 0
    outer loop
      vertex 153.55 110.73 21.45
      vertex 153.594 110.759 19.6
      vertex 153.55 110.73 19.6
    endloop
  endfacet
  facet normal 0.977521 -0.210838 0
    outer loop
      vertex 131.159 144.854 21.45
      vertex 131.17 144.905 19.6
      vertex 131.17 144.905 21.45
    endloop
  endfacet
  facet normal 0.977521 -0.210838 0
    outer loop
      vertex 131.17 144.905 19.6
      vertex 131.159 144.854 21.45
      vertex 131.159 144.854 19.6
    endloop
  endfacet
  facet normal 0.795432 0.606043 0
    outer loop
      vertex 131.29 110.864 21.45
      vertex 131.258 110.906 19.6
      vertex 131.258 110.906 21.45
    endloop
  endfacet
  facet normal 0.795432 0.606043 0
    outer loop
      vertex 131.258 110.906 19.6
      vertex 131.29 110.864 21.45
      vertex 131.29 110.864 19.6
    endloop
  endfacet
  facet normal 0.977521 0.210838 0
    outer loop
      vertex 131.17 111.095 21.45
      vertex 131.159 111.146 19.6
      vertex 131.159 111.146 21.45
    endloop
  endfacet
  facet normal 0.977521 0.210838 0
    outer loop
      vertex 131.159 111.146 19.6
      vertex 131.17 111.095 21.45
      vertex 131.17 111.095 19.6
    endloop
  endfacet
  facet normal -0.687745 0.725953 0
    outer loop
      vertex 153.674 110.826 19.6
      vertex 153.636 110.79 21.45
      vertex 153.674 110.826 21.45
    endloop
  endfacet
  facet normal -0.687745 0.725953 0
    outer loop
      vertex 153.636 110.79 21.45
      vertex 153.674 110.826 19.6
      vertex 153.636 110.79 19.6
    endloop
  endfacet
  facet normal -0.991061 -0.133412 0
    outer loop
      vertex 153.848 144.802 19.6
      vertex 153.841 144.854 21.45
      vertex 153.841 144.854 19.6
    endloop
  endfacet
  facet normal -0.991061 -0.133412 0
    outer loop
      vertex 153.841 144.854 21.45
      vertex 153.848 144.802 19.6
      vertex 153.848 144.802 21.45
    endloop
  endfacet
  facet normal -0.687745 -0.725953 0
    outer loop
      vertex 153.636 145.21 19.6
      vertex 153.674 145.174 21.45
      vertex 153.636 145.21 21.45
    endloop
  endfacet
  facet normal -0.687745 -0.725953 -0
    outer loop
      vertex 153.674 145.174 21.45
      vertex 153.636 145.21 19.6
      vertex 153.674 145.174 19.6
    endloop
  endfacet
  facet normal 0.952424 -0.304776 0
    outer loop
      vertex 131.17 144.905 21.45
      vertex 131.186 144.955 19.6
      vertex 131.186 144.955 21.45
    endloop
  endfacet
  facet normal 0.952424 -0.304776 0
    outer loop
      vertex 131.186 144.955 19.6
      vertex 131.17 144.905 21.45
      vertex 131.17 144.905 19.6
    endloop
  endfacet
  facet normal -0.0384331 -0.999261 0
    outer loop
      vertex 153.25 145.35 19.6
      vertex 153.302 145.348 21.45
      vertex 153.25 145.35 21.45
    endloop
  endfacet
  facet normal -0.0384331 -0.999261 -0
    outer loop
      vertex 153.302 145.348 21.45
      vertex 153.25 145.35 19.6
      vertex 153.302 145.348 19.6
    endloop
  endfacet
  facet normal -0.304776 0.952424 0
    outer loop
      vertex 153.455 110.686 19.6
      vertex 153.405 110.67 21.45
      vertex 153.455 110.686 21.45
    endloop
  endfacet
  facet normal -0.304776 0.952424 0
    outer loop
      vertex 153.405 110.67 21.45
      vertex 153.455 110.686 19.6
      vertex 153.405 110.67 19.6
    endloop
  endfacet
  facet normal 0.210838 -0.977521 0
    outer loop
      vertex 131.595 145.33 19.6
      vertex 131.646 145.341 21.45
      vertex 131.595 145.33 21.45
    endloop
  endfacet
  facet normal 0.210838 -0.977521 0
    outer loop
      vertex 131.646 145.341 21.45
      vertex 131.595 145.33 19.6
      vertex 131.646 145.341 19.6
    endloop
  endfacet
  facet normal -0.952424 -0.304776 0
    outer loop
      vertex 153.83 144.905 19.6
      vertex 153.814 144.955 21.45
      vertex 153.814 144.955 19.6
    endloop
  endfacet
  facet normal -0.952424 -0.304776 0
    outer loop
      vertex 153.814 144.955 21.45
      vertex 153.83 144.905 19.6
      vertex 153.83 144.905 21.45
    endloop
  endfacet
  facet normal -0.925848 -0.377897 0
    outer loop
      vertex 153.814 144.955 19.6
      vertex 153.794 145.004 21.45
      vertex 153.794 145.004 19.6
    endloop
  endfacet
  facet normal -0.925848 -0.377897 0
    outer loop
      vertex 153.794 145.004 21.45
      vertex 153.814 144.955 19.6
      vertex 153.814 144.955 21.45
    endloop
  endfacet
  facet normal -0.210838 -0.977521 0
    outer loop
      vertex 153.354 145.341 19.6
      vertex 153.405 145.33 21.45
      vertex 153.354 145.341 21.45
    endloop
  endfacet
  facet normal -0.210838 -0.977521 -0
    outer loop
      vertex 153.405 145.33 21.45
      vertex 153.354 145.341 19.6
      vertex 153.405 145.33 19.6
    endloop
  endfacet
  facet normal -0.725953 -0.687745 0
    outer loop
      vertex 153.71 145.136 19.6
      vertex 153.674 145.174 21.45
      vertex 153.674 145.174 19.6
    endloop
  endfacet
  facet normal -0.725953 -0.687745 0
    outer loop
      vertex 153.674 145.174 21.45
      vertex 153.71 145.136 19.6
      vertex 153.71 145.136 21.45
    endloop
  endfacet
  facet normal 0.0384331 -0.999261 0
    outer loop
      vertex 131.698 145.348 19.6
      vertex 131.75 145.35 21.45
      vertex 131.698 145.348 21.45
    endloop
  endfacet
  facet normal 0.0384331 -0.999261 0
    outer loop
      vertex 131.75 145.35 21.45
      vertex 131.698 145.348 19.6
      vertex 131.75 145.35 19.6
    endloop
  endfacet
  facet normal 0.304776 -0.952424 0
    outer loop
      vertex 131.545 145.314 19.6
      vertex 131.595 145.33 21.45
      vertex 131.545 145.314 21.45
    endloop
  endfacet
  facet normal 0.304776 -0.952424 0
    outer loop
      vertex 131.595 145.33 21.45
      vertex 131.545 145.314 19.6
      vertex 131.595 145.33 19.6
    endloop
  endfacet
  facet normal -0.593852 -0.804574 0
    outer loop
      vertex 153.594 145.241 19.6
      vertex 153.636 145.21 21.45
      vertex 153.594 145.241 21.45
    endloop
  endfacet
  facet normal -0.593852 -0.804574 -0
    outer loop
      vertex 153.636 145.21 21.45
      vertex 153.594 145.241 19.6
      vertex 153.636 145.21 19.6
    endloop
  endfacet
  facet normal 0.0384331 0.999261 -0
    outer loop
      vertex 131.75 110.65 19.6
      vertex 131.698 110.652 21.45
      vertex 131.75 110.65 21.45
    endloop
  endfacet
  facet normal 0.0384331 0.999261 0
    outer loop
      vertex 131.698 110.652 21.45
      vertex 131.75 110.65 19.6
      vertex 131.698 110.652 19.6
    endloop
  endfacet
  facet normal 0.795432 -0.606043 0
    outer loop
      vertex 131.258 145.094 21.45
      vertex 131.29 145.136 19.6
      vertex 131.29 145.136 21.45
    endloop
  endfacet
  facet normal 0.795432 -0.606043 0
    outer loop
      vertex 131.29 145.136 19.6
      vertex 131.258 145.094 21.45
      vertex 131.258 145.094 19.6
    endloop
  endfacet
  facet normal -0.925848 0.377897 0
    outer loop
      vertex 153.794 110.996 19.6
      vertex 153.814 111.045 21.45
      vertex 153.814 111.045 19.6
    endloop
  endfacet
  facet normal -0.925848 0.377897 0
    outer loop
      vertex 153.814 111.045 21.45
      vertex 153.794 110.996 19.6
      vertex 153.794 110.996 21.45
    endloop
  endfacet
  facet normal -0.952424 0.304776 0
    outer loop
      vertex 153.814 111.045 19.6
      vertex 153.83 111.095 21.45
      vertex 153.83 111.095 19.6
    endloop
  endfacet
  facet normal -0.952424 0.304776 0
    outer loop
      vertex 153.83 111.095 21.45
      vertex 153.814 111.045 19.6
      vertex 153.814 111.045 21.45
    endloop
  endfacet
  facet normal 0.133412 -0.991061 0
    outer loop
      vertex 131.646 145.341 19.6
      vertex 131.698 145.348 21.45
      vertex 131.646 145.341 21.45
    endloop
  endfacet
  facet normal 0.133412 -0.991061 0
    outer loop
      vertex 131.698 145.348 21.45
      vertex 131.646 145.341 19.6
      vertex 131.698 145.348 19.6
    endloop
  endfacet
  facet normal -0.593852 0.804574 0
    outer loop
      vertex 153.636 110.79 19.6
      vertex 153.594 110.759 21.45
      vertex 153.636 110.79 21.45
    endloop
  endfacet
  facet normal -0.593852 0.804574 0
    outer loop
      vertex 153.594 110.759 21.45
      vertex 153.636 110.79 19.6
      vertex 153.594 110.759 19.6
    endloop
  endfacet
  facet normal 0.886585 0.462566 0
    outer loop
      vertex 131.23 110.95 21.45
      vertex 131.206 110.996 19.6
      vertex 131.206 110.996 21.45
    endloop
  endfacet
  facet normal 0.886585 0.462566 0
    outer loop
      vertex 131.206 110.996 19.6
      vertex 131.23 110.95 21.45
      vertex 131.23 110.95 19.6
    endloop
  endfacet
  facet normal -0.377897 0.925848 0
    outer loop
      vertex 153.504 110.706 19.6
      vertex 153.455 110.686 21.45
      vertex 153.504 110.706 21.45
    endloop
  endfacet
  facet normal -0.377897 0.925848 0
    outer loop
      vertex 153.455 110.686 21.45
      vertex 153.504 110.706 19.6
      vertex 153.455 110.686 19.6
    endloop
  endfacet
  facet normal -0.977521 0.210838 0
    outer loop
      vertex 153.83 111.095 19.6
      vertex 153.841 111.146 21.45
      vertex 153.841 111.146 19.6
    endloop
  endfacet
  facet normal -0.977521 0.210838 0
    outer loop
      vertex 153.841 111.146 21.45
      vertex 153.83 111.095 19.6
      vertex 153.83 111.095 21.45
    endloop
  endfacet
  facet normal -0.0384331 0.999261 0
    outer loop
      vertex 153.302 110.652 19.6
      vertex 153.25 110.65 21.45
      vertex 153.302 110.652 21.45
    endloop
  endfacet
  facet normal -0.0384331 0.999261 0
    outer loop
      vertex 153.25 110.65 21.45
      vertex 153.302 110.652 19.6
      vertex 153.25 110.65 19.6
    endloop
  endfacet
  facet normal 0.462566 -0.886585 0
    outer loop
      vertex 131.45 145.27 19.6
      vertex 131.496 145.294 21.45
      vertex 131.45 145.27 21.45
    endloop
  endfacet
  facet normal 0.462566 -0.886585 0
    outer loop
      vertex 131.496 145.294 21.45
      vertex 131.45 145.27 19.6
      vertex 131.496 145.294 19.6
    endloop
  endfacet
  facet normal -0.133412 -0.991061 0
    outer loop
      vertex 153.302 145.348 19.6
      vertex 153.354 145.341 21.45
      vertex 153.302 145.348 21.45
    endloop
  endfacet
  facet normal -0.133412 -0.991061 -0
    outer loop
      vertex 153.354 145.341 21.45
      vertex 153.302 145.348 19.6
      vertex 153.354 145.341 19.6
    endloop
  endfacet
  facet normal 0.725953 -0.687745 0
    outer loop
      vertex 131.29 145.136 21.45
      vertex 131.326 145.174 19.6
      vertex 131.326 145.174 21.45
    endloop
  endfacet
  facet normal 0.725953 -0.687745 0
    outer loop
      vertex 131.326 145.174 19.6
      vertex 131.29 145.136 21.45
      vertex 131.29 145.136 19.6
    endloop
  endfacet
  facet normal 0.210838 0.977521 -0
    outer loop
      vertex 131.646 110.659 19.6
      vertex 131.595 110.67 21.45
      vertex 131.646 110.659 21.45
    endloop
  endfacet
  facet normal 0.210838 0.977521 0
    outer loop
      vertex 131.595 110.67 21.45
      vertex 131.646 110.659 19.6
      vertex 131.595 110.67 19.6
    endloop
  endfacet
  facet normal 0.925848 0.377897 0
    outer loop
      vertex 131.206 110.996 21.45
      vertex 131.186 111.045 19.6
      vertex 131.186 111.045 21.45
    endloop
  endfacet
  facet normal 0.925848 0.377897 0
    outer loop
      vertex 131.186 111.045 19.6
      vertex 131.206 110.996 21.45
      vertex 131.206 110.996 19.6
    endloop
  endfacet
  facet normal -0.804574 0.593852 0
    outer loop
      vertex 153.71 110.864 19.6
      vertex 153.741 110.906 21.45
      vertex 153.741 110.906 19.6
    endloop
  endfacet
  facet normal -0.804574 0.593852 0
    outer loop
      vertex 153.741 110.906 21.45
      vertex 153.71 110.864 19.6
      vertex 153.71 110.864 21.45
    endloop
  endfacet
  facet normal -0.725953 0.687745 0
    outer loop
      vertex 153.674 110.826 19.6
      vertex 153.71 110.864 21.45
      vertex 153.71 110.864 19.6
    endloop
  endfacet
  facet normal -0.725953 0.687745 0
    outer loop
      vertex 153.71 110.864 21.45
      vertex 153.674 110.826 19.6
      vertex 153.674 110.826 21.45
    endloop
  endfacet
  facet normal 0.377897 0.925848 -0
    outer loop
      vertex 131.545 110.686 19.6
      vertex 131.496 110.706 21.45
      vertex 131.545 110.686 21.45
    endloop
  endfacet
  facet normal 0.377897 0.925848 0
    outer loop
      vertex 131.496 110.706 21.45
      vertex 131.545 110.686 19.6
      vertex 131.496 110.706 19.6
    endloop
  endfacet
  facet normal 0.843661 0.536875 0
    outer loop
      vertex 131.258 110.906 21.45
      vertex 131.23 110.95 19.6
      vertex 131.23 110.95 21.45
    endloop
  endfacet
  facet normal 0.843661 0.536875 0
    outer loop
      vertex 131.23 110.95 19.6
      vertex 131.258 110.906 21.45
      vertex 131.258 110.906 19.6
    endloop
  endfacet
  facet normal -0.133412 0.991061 0
    outer loop
      vertex 153.354 110.659 19.6
      vertex 153.302 110.652 21.45
      vertex 153.354 110.659 21.45
    endloop
  endfacet
  facet normal -0.133412 0.991061 0
    outer loop
      vertex 153.302 110.652 21.45
      vertex 153.354 110.659 19.6
      vertex 153.302 110.652 19.6
    endloop
  endfacet
  facet normal -0.210838 0.977521 0
    outer loop
      vertex 153.405 110.67 19.6
      vertex 153.354 110.659 21.45
      vertex 153.405 110.67 21.45
    endloop
  endfacet
  facet normal -0.210838 0.977521 0
    outer loop
      vertex 153.354 110.659 21.45
      vertex 153.405 110.67 19.6
      vertex 153.354 110.659 19.6
    endloop
  endfacet
  facet normal 0.593852 -0.804574 0
    outer loop
      vertex 131.364 145.21 19.6
      vertex 131.406 145.241 21.45
      vertex 131.364 145.21 21.45
    endloop
  endfacet
  facet normal 0.593852 -0.804574 0
    outer loop
      vertex 131.406 145.241 21.45
      vertex 131.364 145.21 19.6
      vertex 131.406 145.241 19.6
    endloop
  endfacet
  facet normal 0.725953 0.687745 0
    outer loop
      vertex 131.326 110.826 21.45
      vertex 131.29 110.864 19.6
      vertex 131.29 110.864 21.45
    endloop
  endfacet
  facet normal 0.725953 0.687745 0
    outer loop
      vertex 131.29 110.864 19.6
      vertex 131.326 110.826 21.45
      vertex 131.326 110.826 19.6
    endloop
  endfacet
  facet normal 0.133412 0.991061 -0
    outer loop
      vertex 131.698 110.652 19.6
      vertex 131.646 110.659 21.45
      vertex 131.698 110.652 21.45
    endloop
  endfacet
  facet normal 0.133412 0.991061 0
    outer loop
      vertex 131.646 110.659 21.45
      vertex 131.698 110.652 19.6
      vertex 131.646 110.659 19.6
    endloop
  endfacet
  facet normal 0.304776 0.952424 -0
    outer loop
      vertex 131.595 110.67 19.6
      vertex 131.545 110.686 21.45
      vertex 131.595 110.67 21.45
    endloop
  endfacet
  facet normal 0.304776 0.952424 0
    outer loop
      vertex 131.545 110.686 21.45
      vertex 131.595 110.67 19.6
      vertex 131.545 110.686 19.6
    endloop
  endfacet
  facet normal 0.687745 0.725953 -0
    outer loop
      vertex 131.364 110.79 19.6
      vertex 131.326 110.826 21.45
      vertex 131.364 110.79 21.45
    endloop
  endfacet
  facet normal 0.687745 0.725953 0
    outer loop
      vertex 131.326 110.826 21.45
      vertex 131.364 110.79 19.6
      vertex 131.326 110.826 19.6
    endloop
  endfacet
  facet normal 0.550313 0.834958 -0
    outer loop
      vertex 131.45 110.73 19.6
      vertex 131.406 110.759 21.45
      vertex 131.45 110.73 21.45
    endloop
  endfacet
  facet normal 0.550313 0.834958 0
    outer loop
      vertex 131.406 110.759 21.45
      vertex 131.45 110.73 19.6
      vertex 131.406 110.759 19.6
    endloop
  endfacet
  facet normal 0.377897 -0.925848 0
    outer loop
      vertex 131.496 145.294 19.6
      vertex 131.545 145.314 21.45
      vertex 131.496 145.294 21.45
    endloop
  endfacet
  facet normal 0.377897 -0.925848 0
    outer loop
      vertex 131.545 145.314 21.45
      vertex 131.496 145.294 19.6
      vertex 131.545 145.314 19.6
    endloop
  endfacet
  facet normal 0.952424 0.304776 0
    outer loop
      vertex 131.186 111.045 21.45
      vertex 131.17 111.095 19.6
      vertex 131.17 111.095 21.45
    endloop
  endfacet
  facet normal 0.952424 0.304776 0
    outer loop
      vertex 131.17 111.095 19.6
      vertex 131.186 111.045 21.45
      vertex 131.186 111.045 19.6
    endloop
  endfacet
  facet normal 0.0425843 0.999093 -0
    outer loop
      vertex 125.855 119.487 21.45
      vertex 125.55 119.5 24.05
      vertex 125.855 119.487 24.05
    endloop
  endfacet
  facet normal 0.0425843 0.999093 0
    outer loop
      vertex 125.55 119.5 24.05
      vertex 125.855 119.487 21.45
      vertex 125.55 119.5 21.45
    endloop
  endfacet
  facet normal -0.675279 -0.737562 0
    outer loop
      vertex 123.075 113.525 21.45
      vertex 123.3 113.319 24.05
      vertex 123.075 113.525 24.05
    endloop
  endfacet
  facet normal -0.675279 -0.737562 -0
    outer loop
      vertex 123.3 113.319 24.05
      vertex 123.075 113.525 21.45
      vertex 123.3 113.319 21.45
    endloop
  endfacet
  facet normal -0.792868 0.609394 0
    outer loop
      vertex 122.683 118.008 21.45
      vertex 122.869 118.25 24.05
      vertex 122.869 118.25 21.45
    endloop
  endfacet
  facet normal -0.792868 0.609394 0
    outer loop
      vertex 122.869 118.25 24.05
      vertex 122.683 118.008 21.45
      vertex 122.683 118.008 24.05
    endloop
  endfacet
  facet normal -0.130878 -0.991399 0
    outer loop
      vertex 124.942 112.553 21.45
      vertex 125.245 112.513 24.05
      vertex 124.942 112.553 24.05
    endloop
  endfacet
  facet normal -0.130878 -0.991399 -0
    outer loop
      vertex 125.245 112.513 24.05
      vertex 124.942 112.553 21.45
      vertex 125.245 112.513 21.45
    endloop
  endfacet
  facet normal -0.999093 0.0425843 0
    outer loop
      vertex 122.05 116 21.45
      vertex 122.063 116.305 24.05
      vertex 122.063 116.305 21.45
    endloop
  endfacet
  facet normal -0.999093 0.0425843 0
    outer loop
      vertex 122.063 116.305 24.05
      vertex 122.05 116 21.45
      vertex 122.05 116 24.05
    endloop
  endfacet
  facet normal -0.991399 0.130878 0
    outer loop
      vertex 122.063 116.305 21.45
      vertex 122.103 116.608 24.05
      vertex 122.103 116.608 21.45
    endloop
  endfacet
  facet normal -0.991399 0.130878 0
    outer loop
      vertex 122.103 116.608 24.05
      vertex 122.063 116.305 21.45
      vertex 122.063 116.305 24.05
    endloop
  endfacet
  facet normal -0.461559 -0.88711 0
    outer loop
      vertex 123.8 112.969 21.45
      vertex 124.071 112.828 24.05
      vertex 123.8 112.969 24.05
    endloop
  endfacet
  facet normal -0.461559 -0.88711 -0
    outer loop
      vertex 124.071 112.828 24.05
      vertex 123.8 112.969 21.45
      vertex 124.071 112.828 21.45
    endloop
  endfacet
  facet normal -0.843931 0.536452 0
    outer loop
      vertex 122.519 117.75 21.45
      vertex 122.683 118.008 24.05
      vertex 122.683 118.008 21.45
    endloop
  endfacet
  facet normal -0.843931 0.536452 0
    outer loop
      vertex 122.683 118.008 24.05
      vertex 122.519 117.75 21.45
      vertex 122.519 117.75 24.05
    endloop
  endfacet
  facet normal 0.38322 0.923657 -0
    outer loop
      vertex 127.029 119.172 21.45
      vertex 126.747 119.289 24.05
      vertex 127.029 119.172 24.05
    endloop
  endfacet
  facet normal 0.38322 0.923657 0
    outer loop
      vertex 126.747 119.289 24.05
      vertex 127.029 119.172 21.45
      vertex 126.747 119.289 21.45
    endloop
  endfacet
  facet normal 0.301445 0.953484 -0
    outer loop
      vertex 126.747 119.289 21.45
      vertex 126.456 119.381 24.05
      vertex 126.747 119.289 24.05
    endloop
  endfacet
  facet normal 0.301445 0.953484 0
    outer loop
      vertex 126.456 119.381 24.05
      vertex 126.747 119.289 21.45
      vertex 126.456 119.381 21.45
    endloop
  endfacet
  facet normal 0.536452 0.843931 -0
    outer loop
      vertex 127.558 118.867 21.45
      vertex 127.3 119.031 24.05
      vertex 127.558 118.867 24.05
    endloop
  endfacet
  facet normal 0.536452 0.843931 0
    outer loop
      vertex 127.3 119.031 24.05
      vertex 127.558 118.867 21.45
      vertex 127.3 119.031 21.45
    endloop
  endfacet
  facet normal -0.609394 -0.792868 0
    outer loop
      vertex 123.3 113.319 21.45
      vertex 123.542 113.133 24.05
      vertex 123.3 113.319 24.05
    endloop
  endfacet
  facet normal -0.609394 -0.792868 -0
    outer loop
      vertex 123.542 113.133 24.05
      vertex 123.3 113.319 21.45
      vertex 123.542 113.133 21.45
    endloop
  endfacet
  facet normal -0.737562 0.675279 0
    outer loop
      vertex 122.869 118.25 21.45
      vertex 123.075 118.475 24.05
      vertex 123.075 118.475 21.45
    endloop
  endfacet
  facet normal -0.737562 0.675279 0
    outer loop
      vertex 123.075 118.475 24.05
      vertex 122.869 118.25 21.45
      vertex 122.869 118.25 24.05
    endloop
  endfacet
  facet normal -0.999093 -0.0425843 0
    outer loop
      vertex 122.063 115.695 21.45
      vertex 122.05 116 24.05
      vertex 122.05 116 21.45
    endloop
  endfacet
  facet normal -0.999093 -0.0425843 0
    outer loop
      vertex 122.05 116 24.05
      vertex 122.063 115.695 21.45
      vertex 122.063 115.695 24.05
    endloop
  endfacet
  facet normal -0.216237 -0.976341 0
    outer loop
      vertex 124.644 112.619 21.45
      vertex 124.942 112.553 24.05
      vertex 124.644 112.619 24.05
    endloop
  endfacet
  facet normal -0.216237 -0.976341 -0
    outer loop
      vertex 124.942 112.553 24.05
      vertex 124.644 112.619 21.45
      vertex 124.942 112.553 21.45
    endloop
  endfacet
  facet normal 0.0425843 -0.999093 0
    outer loop
      vertex 125.55 112.5 21.45
      vertex 125.855 112.513 24.05
      vertex 125.55 112.5 24.05
    endloop
  endfacet
  facet normal 0.0425843 -0.999093 0
    outer loop
      vertex 125.855 112.513 24.05
      vertex 125.55 112.5 21.45
      vertex 125.855 112.513 21.45
    endloop
  endfacet
  facet normal -0.88711 0.461559 0
    outer loop
      vertex 122.378 117.479 21.45
      vertex 122.519 117.75 24.05
      vertex 122.519 117.75 21.45
    endloop
  endfacet
  facet normal -0.88711 0.461559 0
    outer loop
      vertex 122.519 117.75 24.05
      vertex 122.378 117.479 21.45
      vertex 122.378 117.479 24.05
    endloop
  endfacet
  facet normal 0.301445 -0.953484 0
    outer loop
      vertex 126.456 112.619 21.45
      vertex 126.747 112.711 24.05
      vertex 126.456 112.619 24.05
    endloop
  endfacet
  facet normal 0.301445 -0.953484 0
    outer loop
      vertex 126.747 112.711 24.05
      vertex 126.456 112.619 21.45
      vertex 126.747 112.711 21.45
    endloop
  endfacet
  facet normal -0.923657 0.38322 0
    outer loop
      vertex 122.261 117.197 21.45
      vertex 122.378 117.479 24.05
      vertex 122.378 117.479 21.45
    endloop
  endfacet
  facet normal -0.923657 0.38322 0
    outer loop
      vertex 122.378 117.479 24.05
      vertex 122.261 117.197 21.45
      vertex 122.261 117.197 24.05
    endloop
  endfacet
  facet normal -0.461559 0.88711 0
    outer loop
      vertex 124.071 119.172 21.45
      vertex 123.8 119.031 24.05
      vertex 124.071 119.172 24.05
    endloop
  endfacet
  facet normal -0.461559 0.88711 0
    outer loop
      vertex 123.8 119.031 24.05
      vertex 124.071 119.172 21.45
      vertex 123.8 119.031 21.45
    endloop
  endfacet
  facet normal -0.976341 0.216237 0
    outer loop
      vertex 122.103 116.608 21.45
      vertex 122.169 116.906 24.05
      vertex 122.169 116.906 21.45
    endloop
  endfacet
  facet normal -0.976341 0.216237 0
    outer loop
      vertex 122.169 116.906 24.05
      vertex 122.103 116.608 21.45
      vertex 122.103 116.608 24.05
    endloop
  endfacet
  facet normal -0.792868 -0.609394 0
    outer loop
      vertex 122.869 113.75 21.45
      vertex 122.683 113.992 24.05
      vertex 122.683 113.992 21.45
    endloop
  endfacet
  facet normal -0.792868 -0.609394 0
    outer loop
      vertex 122.683 113.992 24.05
      vertex 122.869 113.75 21.45
      vertex 122.869 113.75 24.05
    endloop
  endfacet
  facet normal -0.38322 -0.923657 0
    outer loop
      vertex 124.071 112.828 21.45
      vertex 124.353 112.711 24.05
      vertex 124.071 112.828 24.05
    endloop
  endfacet
  facet normal -0.38322 -0.923657 -0
    outer loop
      vertex 124.353 112.711 24.05
      vertex 124.071 112.828 21.45
      vertex 124.353 112.711 21.45
    endloop
  endfacet
  facet normal 0.577081 0.816687 -0
    outer loop
      vertex 127.8 118.696 21.45
      vertex 127.558 118.867 24.05
      vertex 127.8 118.696 24.05
    endloop
  endfacet
  facet normal 0.577081 0.816687 0
    outer loop
      vertex 127.558 118.867 24.05
      vertex 127.8 118.696 21.45
      vertex 127.558 118.867 21.45
    endloop
  endfacet
  facet normal -0.843931 -0.536452 0
    outer loop
      vertex 122.683 113.992 21.45
      vertex 122.519 114.25 24.05
      vertex 122.519 114.25 21.45
    endloop
  endfacet
  facet normal -0.843931 -0.536452 0
    outer loop
      vertex 122.519 114.25 24.05
      vertex 122.683 113.992 21.45
      vertex 122.683 113.992 24.05
    endloop
  endfacet
  facet normal -0.536452 -0.843931 0
    outer loop
      vertex 123.542 113.133 21.45
      vertex 123.8 112.969 24.05
      vertex 123.542 113.133 24.05
    endloop
  endfacet
  facet normal -0.536452 -0.843931 -0
    outer loop
      vertex 123.8 112.969 24.05
      vertex 123.542 113.133 21.45
      vertex 123.8 112.969 21.45
    endloop
  endfacet
  facet normal 0.216237 0.976341 -0
    outer loop
      vertex 126.456 119.381 21.45
      vertex 126.158 119.447 24.05
      vertex 126.456 119.381 24.05
    endloop
  endfacet
  facet normal 0.216237 0.976341 0
    outer loop
      vertex 126.158 119.447 24.05
      vertex 126.456 119.381 21.45
      vertex 126.158 119.447 21.45
    endloop
  endfacet
  facet normal 0.130878 -0.991399 0
    outer loop
      vertex 125.855 112.513 21.45
      vertex 126.158 112.553 24.05
      vertex 125.855 112.513 24.05
    endloop
  endfacet
  facet normal 0.130878 -0.991399 0
    outer loop
      vertex 126.158 112.553 24.05
      vertex 125.855 112.513 21.45
      vertex 126.158 112.553 21.45
    endloop
  endfacet
  facet normal -0.88711 -0.461559 0
    outer loop
      vertex 122.519 114.25 21.45
      vertex 122.378 114.521 24.05
      vertex 122.378 114.521 21.45
    endloop
  endfacet
  facet normal -0.88711 -0.461559 0
    outer loop
      vertex 122.378 114.521 24.05
      vertex 122.519 114.25 21.45
      vertex 122.519 114.25 24.05
    endloop
  endfacet
  facet normal -0.130878 0.991399 0
    outer loop
      vertex 125.245 119.487 21.45
      vertex 124.942 119.447 24.05
      vertex 125.245 119.487 24.05
    endloop
  endfacet
  facet normal -0.130878 0.991399 0
    outer loop
      vertex 124.942 119.447 24.05
      vertex 125.245 119.487 21.45
      vertex 124.942 119.447 21.45
    endloop
  endfacet
  facet normal -0.216237 0.976341 0
    outer loop
      vertex 124.942 119.447 21.45
      vertex 124.644 119.381 24.05
      vertex 124.942 119.447 24.05
    endloop
  endfacet
  facet normal -0.216237 0.976341 0
    outer loop
      vertex 124.644 119.381 24.05
      vertex 124.942 119.447 21.45
      vertex 124.644 119.381 21.45
    endloop
  endfacet
  facet normal 0.536452 -0.843931 0
    outer loop
      vertex 127.3 112.969 21.45
      vertex 127.558 113.133 24.05
      vertex 127.3 112.969 24.05
    endloop
  endfacet
  facet normal 0.536452 -0.843931 0
    outer loop
      vertex 127.558 113.133 24.05
      vertex 127.3 112.969 21.45
      vertex 127.558 113.133 21.45
    endloop
  endfacet
  facet normal -0.609394 0.792868 0
    outer loop
      vertex 123.542 118.867 21.45
      vertex 123.3 118.681 24.05
      vertex 123.542 118.867 24.05
    endloop
  endfacet
  facet normal -0.609394 0.792868 0
    outer loop
      vertex 123.3 118.681 24.05
      vertex 123.542 118.867 21.45
      vertex 123.3 118.681 21.45
    endloop
  endfacet
  facet normal -0.675279 0.737562 0
    outer loop
      vertex 123.3 118.681 21.45
      vertex 123.075 118.475 24.05
      vertex 123.3 118.681 24.05
    endloop
  endfacet
  facet normal -0.675279 0.737562 0
    outer loop
      vertex 123.075 118.475 24.05
      vertex 123.3 118.681 21.45
      vertex 123.075 118.475 21.45
    endloop
  endfacet
  facet normal -0.536452 0.843931 0
    outer loop
      vertex 123.8 119.031 21.45
      vertex 123.542 118.867 24.05
      vertex 123.8 119.031 24.05
    endloop
  endfacet
  facet normal -0.536452 0.843931 0
    outer loop
      vertex 123.542 118.867 24.05
      vertex 123.8 119.031 21.45
      vertex 123.542 118.867 21.45
    endloop
  endfacet
  facet normal -0.953484 0.301445 0
    outer loop
      vertex 122.169 116.906 21.45
      vertex 122.261 117.197 24.05
      vertex 122.261 117.197 21.45
    endloop
  endfacet
  facet normal -0.953484 0.301445 0
    outer loop
      vertex 122.261 117.197 24.05
      vertex 122.169 116.906 21.45
      vertex 122.169 116.906 24.05
    endloop
  endfacet
  facet normal 0.461559 -0.88711 0
    outer loop
      vertex 127.029 112.828 21.45
      vertex 127.3 112.969 24.05
      vertex 127.029 112.828 24.05
    endloop
  endfacet
  facet normal 0.461559 -0.88711 0
    outer loop
      vertex 127.3 112.969 24.05
      vertex 127.029 112.828 21.45
      vertex 127.3 112.969 21.45
    endloop
  endfacet
  facet normal 0.38322 -0.923657 0
    outer loop
      vertex 126.747 112.711 21.45
      vertex 127.029 112.828 24.05
      vertex 126.747 112.711 24.05
    endloop
  endfacet
  facet normal 0.38322 -0.923657 0
    outer loop
      vertex 127.029 112.828 24.05
      vertex 126.747 112.711 21.45
      vertex 127.029 112.828 21.45
    endloop
  endfacet
  facet normal -0.301445 -0.953484 0
    outer loop
      vertex 124.353 112.711 21.45
      vertex 124.644 112.619 24.05
      vertex 124.353 112.711 24.05
    endloop
  endfacet
  facet normal -0.301445 -0.953484 -0
    outer loop
      vertex 124.644 112.619 24.05
      vertex 124.353 112.711 21.45
      vertex 124.644 112.619 21.45
    endloop
  endfacet
  facet normal -0.0425843 -0.999093 0
    outer loop
      vertex 125.245 112.513 21.45
      vertex 125.55 112.5 24.05
      vertex 125.245 112.513 24.05
    endloop
  endfacet
  facet normal -0.0425843 -0.999093 -0
    outer loop
      vertex 125.55 112.5 24.05
      vertex 125.245 112.513 21.45
      vertex 125.55 112.5 21.45
    endloop
  endfacet
  facet normal 0.130878 0.991399 -0
    outer loop
      vertex 126.158 119.447 21.45
      vertex 125.855 119.487 24.05
      vertex 126.158 119.447 24.05
    endloop
  endfacet
  facet normal 0.130878 0.991399 0
    outer loop
      vertex 125.855 119.487 24.05
      vertex 126.158 119.447 21.45
      vertex 125.855 119.487 21.45
    endloop
  endfacet
  facet normal -0.38322 0.923657 0
    outer loop
      vertex 124.353 119.289 21.45
      vertex 124.071 119.172 24.05
      vertex 124.353 119.289 24.05
    endloop
  endfacet
  facet normal -0.38322 0.923657 0
    outer loop
      vertex 124.071 119.172 24.05
      vertex 124.353 119.289 21.45
      vertex 124.071 119.172 21.45
    endloop
  endfacet
  facet normal -0.737562 -0.675279 0
    outer loop
      vertex 123.075 113.525 21.45
      vertex 122.869 113.75 24.05
      vertex 122.869 113.75 21.45
    endloop
  endfacet
  facet normal -0.737562 -0.675279 0
    outer loop
      vertex 122.869 113.75 24.05
      vertex 123.075 113.525 21.45
      vertex 123.075 113.525 24.05
    endloop
  endfacet
  facet normal -0.301445 0.953484 0
    outer loop
      vertex 124.644 119.381 21.45
      vertex 124.353 119.289 24.05
      vertex 124.644 119.381 24.05
    endloop
  endfacet
  facet normal -0.301445 0.953484 0
    outer loop
      vertex 124.353 119.289 24.05
      vertex 124.644 119.381 21.45
      vertex 124.353 119.289 21.45
    endloop
  endfacet
  facet normal 0.577081 -0.816687 0
    outer loop
      vertex 127.558 113.133 21.45
      vertex 127.8 113.304 24.05
      vertex 127.558 113.133 24.05
    endloop
  endfacet
  facet normal 0.577081 -0.816687 0
    outer loop
      vertex 127.8 113.304 24.05
      vertex 127.558 113.133 21.45
      vertex 127.8 113.304 21.45
    endloop
  endfacet
  facet normal 0.461559 0.88711 -0
    outer loop
      vertex 127.3 119.031 21.45
      vertex 127.029 119.172 24.05
      vertex 127.3 119.031 24.05
    endloop
  endfacet
  facet normal 0.461559 0.88711 0
    outer loop
      vertex 127.029 119.172 24.05
      vertex 127.3 119.031 21.45
      vertex 127.029 119.172 21.45
    endloop
  endfacet
  facet normal 0.216237 -0.976341 0
    outer loop
      vertex 126.158 112.553 21.45
      vertex 126.456 112.619 24.05
      vertex 126.158 112.553 24.05
    endloop
  endfacet
  facet normal 0.216237 -0.976341 0
    outer loop
      vertex 126.456 112.619 24.05
      vertex 126.158 112.553 21.45
      vertex 126.456 112.619 21.45
    endloop
  endfacet
  facet normal -0.0425843 0.999093 0
    outer loop
      vertex 125.55 119.5 21.45
      vertex 125.245 119.487 24.05
      vertex 125.55 119.5 24.05
    endloop
  endfacet
  facet normal -0.0425843 0.999093 0
    outer loop
      vertex 125.245 119.487 24.05
      vertex 125.55 119.5 21.45
      vertex 125.245 119.487 21.45
    endloop
  endfacet
  facet normal 0 0 1
    outer loop
      vertex 128.158 139.301 24.05
      vertex 157.2 145.9 24.05
      vertex 128.209 139.531 24.05
    endloop
  endfacet
  facet normal 0 0 1
    outer loop
      vertex 157.2 110.1 24.05
      vertex 128.24 116.235 24.05
      vertex 128.25 116 24.05
    endloop
  endfacet
  facet normal 0 0 1
    outer loop
      vertex 157.2 145.9 24.05
      vertex 127.8 137.304 24.05
      vertex 157.2 110.1 24.05
    endloop
  endfacet
  facet normal 0 0 1
    outer loop
      vertex 157.2 110.1 24.05
      vertex 128.209 116.469 24.05
      vertex 128.24 116.235 24.05
    endloop
  endfacet
  facet normal 0 0 1
    outer loop
      vertex 157.2 145.9 24.05
      vertex 128.158 139.301 24.05
      vertex 127.8 137.304 24.05
    endloop
  endfacet
  facet normal -0 0 1
    outer loop
      vertex 127.8 118.696 24.05
      vertex 157.2 110.1 24.05
      vertex 127.8 137.304 24.05
    endloop
  endfacet
  facet normal 0 0 1
    outer loop
      vertex 127.8 137.304 24.05
      vertex 128.158 139.301 24.05
      vertex 128.087 139.077 24.05
    endloop
  endfacet
  facet normal -0 -0 1
    outer loop
      vertex 128.158 116.699 24.05
      vertex 157.2 110.1 24.05
      vertex 127.8 118.696 24.05
    endloop
  endfacet
  facet normal 0 0 1
    outer loop
      vertex 127.8 137.304 24.05
      vertex 128.087 139.077 24.05
      vertex 127.997 138.859 24.05
    endloop
  endfacet
  facet normal 0 0 1
    outer loop
      vertex 157.2 110.1 24.05
      vertex 128.158 116.699 24.05
      vertex 128.209 116.469 24.05
    endloop
  endfacet
  facet normal 0 0 1
    outer loop
      vertex 127.8 137.304 24.05
      vertex 127.997 138.859 24.05
      vertex 127.888 138.65 24.05
    endloop
  endfacet
  facet normal 0 0 1
    outer loop
      vertex 128.158 116.699 24.05
      vertex 127.8 118.696 24.05
      vertex 128.087 116.923 24.05
    endloop
  endfacet
  facet normal 0 0 1
    outer loop
      vertex 128.087 116.923 24.05
      vertex 127.8 118.696 24.05
      vertex 127.997 117.141 24.05
    endloop
  endfacet
  facet normal -0 0 1
    outer loop
      vertex 127.762 138.451 24.05
      vertex 127.8 137.304 24.05
      vertex 127.888 138.65 24.05
    endloop
  endfacet
  facet normal -0 0 1
    outer loop
      vertex 127.618 138.264 24.05
      vertex 127.8 137.304 24.05
      vertex 127.762 138.451 24.05
    endloop
  endfacet
  facet normal -0 0 1
    outer loop
      vertex 127.459 138.091 24.05
      vertex 127.8 137.304 24.05
      vertex 127.618 138.264 24.05
    endloop
  endfacet
  facet normal -0 0 1
    outer loop
      vertex 127.286 137.932 24.05
      vertex 127.8 137.304 24.05
      vertex 127.459 138.091 24.05
    endloop
  endfacet
  facet normal 0 0 1
    outer loop
      vertex 127.8 137.304 24.05
      vertex 127.286 137.932 24.05
      vertex 127.558 137.133 24.05
    endloop
  endfacet
  facet normal -0 0 1
    outer loop
      vertex 127.099 137.788 24.05
      vertex 127.558 137.133 24.05
      vertex 127.286 137.932 24.05
    endloop
  endfacet
  facet normal 0 0 1
    outer loop
      vertex 127.558 137.133 24.05
      vertex 127.099 137.788 24.05
      vertex 127.3 136.969 24.05
    endloop
  endfacet
  facet normal -0 0 1
    outer loop
      vertex 126.9 137.662 24.05
      vertex 127.3 136.969 24.05
      vertex 127.099 137.788 24.05
    endloop
  endfacet
  facet normal 0 0 1
    outer loop
      vertex 127.3 136.969 24.05
      vertex 126.9 137.662 24.05
      vertex 127.029 136.828 24.05
    endloop
  endfacet
  facet normal -0 0 1
    outer loop
      vertex 126.691 137.553 24.05
      vertex 127.029 136.828 24.05
      vertex 126.9 137.662 24.05
    endloop
  endfacet
  facet normal 0 0 1
    outer loop
      vertex 127.029 136.828 24.05
      vertex 126.691 137.553 24.05
      vertex 126.747 136.711 24.05
    endloop
  endfacet
  facet normal -0 0 1
    outer loop
      vertex 126.473 137.463 24.05
      vertex 126.747 136.711 24.05
      vertex 126.691 137.553 24.05
    endloop
  endfacet
  facet normal 0 0 1
    outer loop
      vertex 126.473 137.463 24.05
      vertex 126.456 136.619 24.05
      vertex 126.747 136.711 24.05
    endloop
  endfacet
  facet normal -0 0 1
    outer loop
      vertex 126.249 137.392 24.05
      vertex 126.456 136.619 24.05
      vertex 126.473 137.463 24.05
    endloop
  endfacet
  facet normal 0 0 1
    outer loop
      vertex 126.249 137.392 24.05
      vertex 126.158 136.553 24.05
      vertex 126.456 136.619 24.05
    endloop
  endfacet
  facet normal -0 0 1
    outer loop
      vertex 126.019 137.341 24.05
      vertex 126.158 136.553 24.05
      vertex 126.249 137.392 24.05
    endloop
  endfacet
  facet normal 0 0 1
    outer loop
      vertex 126.019 137.341 24.05
      vertex 125.855 136.513 24.05
      vertex 126.158 136.553 24.05
    endloop
  endfacet
  facet normal -0 0 1
    outer loop
      vertex 125.785 137.31 24.05
      vertex 125.855 136.513 24.05
      vertex 126.019 137.341 24.05
    endloop
  endfacet
  facet normal -0 0 1
    outer loop
      vertex 125.55 137.3 24.05
      vertex 125.855 136.513 24.05
      vertex 125.785 137.31 24.05
    endloop
  endfacet
  facet normal 0 0 1
    outer loop
      vertex 125.55 137.3 24.05
      vertex 125.55 136.5 24.05
      vertex 125.855 136.513 24.05
    endloop
  endfacet
  facet normal 0 0 1
    outer loop
      vertex 125.315 137.31 24.05
      vertex 125.55 136.5 24.05
      vertex 125.55 137.3 24.05
    endloop
  endfacet
  facet normal 0 0 1
    outer loop
      vertex 125.315 137.31 24.05
      vertex 125.245 136.513 24.05
      vertex 125.55 136.5 24.05
    endloop
  endfacet
  facet normal 0 0 1
    outer loop
      vertex 125.081 137.341 24.05
      vertex 125.245 136.513 24.05
      vertex 125.315 137.31 24.05
    endloop
  endfacet
  facet normal 0 0 1
    outer loop
      vertex 125.081 137.341 24.05
      vertex 124.942 136.553 24.05
      vertex 125.245 136.513 24.05
    endloop
  endfacet
  facet normal 0 0 1
    outer loop
      vertex 124.851 137.392 24.05
      vertex 124.942 136.553 24.05
      vertex 125.081 137.341 24.05
    endloop
  endfacet
  facet normal 0 0 1
    outer loop
      vertex 124.851 137.392 24.05
      vertex 124.644 136.619 24.05
      vertex 124.942 136.553 24.05
    endloop
  endfacet
  facet normal 0 0 1
    outer loop
      vertex 124.627 137.463 24.05
      vertex 124.644 136.619 24.05
      vertex 124.851 137.392 24.05
    endloop
  endfacet
  facet normal 0 0 1
    outer loop
      vertex 124.353 136.711 24.05
      vertex 124.627 137.463 24.05
      vertex 124.409 137.553 24.05
    endloop
  endfacet
  facet normal 0 0 1
    outer loop
      vertex 124.627 137.463 24.05
      vertex 124.353 136.711 24.05
      vertex 124.644 136.619 24.05
    endloop
  endfacet
  facet normal 0 0 1
    outer loop
      vertex 124.071 136.828 24.05
      vertex 124.409 137.553 24.05
      vertex 124.2 137.662 24.05
    endloop
  endfacet
  facet normal 0 0 1
    outer loop
      vertex 124.409 137.553 24.05
      vertex 124.071 136.828 24.05
      vertex 124.353 136.711 24.05
    endloop
  endfacet
  facet normal 0 0 1
    outer loop
      vertex 123.8 136.969 24.05
      vertex 124.2 137.662 24.05
      vertex 124.001 137.788 24.05
    endloop
  endfacet
  facet normal 0 0 1
    outer loop
      vertex 123.542 137.133 24.05
      vertex 124.001 137.788 24.05
      vertex 123.814 137.932 24.05
    endloop
  endfacet
  facet normal 0 0 1
    outer loop
      vertex 124.2 137.662 24.05
      vertex 123.8 136.969 24.05
      vertex 124.071 136.828 24.05
    endloop
  endfacet
  facet normal 0 0 1
    outer loop
      vertex 123.3 137.319 24.05
      vertex 123.814 137.932 24.05
      vertex 123.641 138.091 24.05
    endloop
  endfacet
  facet normal 0 0 1
    outer loop
      vertex 124.001 137.788 24.05
      vertex 123.542 137.133 24.05
      vertex 123.8 136.969 24.05
    endloop
  endfacet
  facet normal 0 0 1
    outer loop
      vertex 123.075 137.525 24.05
      vertex 123.641 138.091 24.05
      vertex 123.482 138.264 24.05
    endloop
  endfacet
  facet normal 0 0 1
    outer loop
      vertex 122.869 137.75 24.05
      vertex 123.482 138.264 24.05
      vertex 123.338 138.451 24.05
    endloop
  endfacet
  facet normal 0 0 1
    outer loop
      vertex 123.814 137.932 24.05
      vertex 123.3 137.319 24.05
      vertex 123.542 137.133 24.05
    endloop
  endfacet
  facet normal 0 0 1
    outer loop
      vertex 122.683 137.992 24.05
      vertex 123.338 138.451 24.05
      vertex 123.212 138.65 24.05
    endloop
  endfacet
  facet normal 0 0 1
    outer loop
      vertex 122.519 138.25 24.05
      vertex 123.212 138.65 24.05
      vertex 123.103 138.859 24.05
    endloop
  endfacet
  facet normal 0 0 1
    outer loop
      vertex 123.641 138.091 24.05
      vertex 123.075 137.525 24.05
      vertex 123.3 137.319 24.05
    endloop
  endfacet
  facet normal 0 0 1
    outer loop
      vertex 122.378 138.521 24.05
      vertex 123.103 138.859 24.05
      vertex 123.013 139.077 24.05
    endloop
  endfacet
  facet normal 0 0 1
    outer loop
      vertex 122.261 138.803 24.05
      vertex 123.013 139.077 24.05
      vertex 122.942 139.301 24.05
    endloop
  endfacet
  facet normal 0 0 1
    outer loop
      vertex 122.169 139.094 24.05
      vertex 122.942 139.301 24.05
      vertex 122.891 139.531 24.05
    endloop
  endfacet
  facet normal 0 0 1
    outer loop
      vertex 123.482 138.264 24.05
      vertex 122.869 137.75 24.05
      vertex 123.075 137.525 24.05
    endloop
  endfacet
  facet normal 0 0 1
    outer loop
      vertex 122.103 139.392 24.05
      vertex 122.891 139.531 24.05
      vertex 122.86 139.765 24.05
    endloop
  endfacet
  facet normal 0 0 1
    outer loop
      vertex 122.063 139.695 24.05
      vertex 122.86 139.765 24.05
      vertex 122.85 140 24.05
    endloop
  endfacet
  facet normal -0 0 1
    outer loop
      vertex 122.169 140.906 24.05
      vertex 122.942 140.699 24.05
      vertex 122.261 141.197 24.05
    endloop
  endfacet
  facet normal 0 0 1
    outer loop
      vertex 123.338 138.451 24.05
      vertex 122.683 137.992 24.05
      vertex 122.869 137.75 24.05
    endloop
  endfacet
  facet normal 0 0 1
    outer loop
      vertex 122.942 140.699 24.05
      vertex 122.169 140.906 24.05
      vertex 122.891 140.469 24.05
    endloop
  endfacet
  facet normal 0 0 1
    outer loop
      vertex 123.212 138.65 24.05
      vertex 122.519 138.25 24.05
      vertex 122.683 137.992 24.05
    endloop
  endfacet
  facet normal -0 0 1
    outer loop
      vertex 122.103 140.608 24.05
      vertex 122.891 140.469 24.05
      vertex 122.169 140.906 24.05
    endloop
  endfacet
  facet normal 0 0 1
    outer loop
      vertex 123.103 138.859 24.05
      vertex 122.378 138.521 24.05
      vertex 122.519 138.25 24.05
    endloop
  endfacet
  facet normal 0 0 1
    outer loop
      vertex 122.891 140.469 24.05
      vertex 122.103 140.608 24.05
      vertex 122.86 140.235 24.05
    endloop
  endfacet
  facet normal 0 0 1
    outer loop
      vertex 123.013 139.077 24.05
      vertex 122.261 138.803 24.05
      vertex 122.378 138.521 24.05
    endloop
  endfacet
  facet normal -0 0 1
    outer loop
      vertex 122.063 140.305 24.05
      vertex 122.86 140.235 24.05
      vertex 122.103 140.608 24.05
    endloop
  endfacet
  facet normal 0 0 1
    outer loop
      vertex 122.942 139.301 24.05
      vertex 122.169 139.094 24.05
      vertex 122.261 138.803 24.05
    endloop
  endfacet
  facet normal 0 0 1
    outer loop
      vertex 122.86 140.235 24.05
      vertex 122.063 140.305 24.05
      vertex 122.85 140 24.05
    endloop
  endfacet
  facet normal 0 0 1
    outer loop
      vertex 122.891 139.531 24.05
      vertex 122.103 139.392 24.05
      vertex 122.169 139.094 24.05
    endloop
  endfacet
  facet normal 0 0 1
    outer loop
      vertex 122.05 140 24.05
      vertex 122.85 140 24.05
      vertex 122.063 140.305 24.05
    endloop
  endfacet
  facet normal 0 0 1
    outer loop
      vertex 122.86 139.765 24.05
      vertex 122.063 139.695 24.05
      vertex 122.103 139.392 24.05
    endloop
  endfacet
  facet normal 0 0 1
    outer loop
      vertex 122.85 140 24.05
      vertex 122.05 140 24.05
      vertex 122.063 139.695 24.05
    endloop
  endfacet
  facet normal 0 0 1
    outer loop
      vertex 154.4 148.7 24.05
      vertex 157.2 145.9 24.05
      vertex 157.189 146.144 24.05
    endloop
  endfacet
  facet normal 0 0 1
    outer loop
      vertex 128.209 139.531 24.05
      vertex 154.4 148.7 24.05
      vertex 128.24 139.765 24.05
    endloop
  endfacet
  facet normal 0 0 1
    outer loop
      vertex 154.4 148.7 24.05
      vertex 157.189 146.144 24.05
      vertex 157.157 146.386 24.05
    endloop
  endfacet
  facet normal 0 0 1
    outer loop
      vertex 154.4 148.7 24.05
      vertex 128.209 139.531 24.05
      vertex 157.2 145.9 24.05
    endloop
  endfacet
  facet normal 0 0 1
    outer loop
      vertex 154.4 148.7 24.05
      vertex 157.157 146.386 24.05
      vertex 157.105 146.625 24.05
    endloop
  endfacet
  facet normal 0 -0 1
    outer loop
      vertex 154.4 107.3 24.05
      vertex 157.2 110.1 24.05
      vertex 128.25 116 24.05
    endloop
  endfacet
  facet normal 0 0 1
    outer loop
      vertex 154.4 148.7 24.05
      vertex 157.105 146.625 24.05
      vertex 157.031 146.858 24.05
    endloop
  endfacet
  facet normal 0 0 1
    outer loop
      vertex 157.2 110.1 24.05
      vertex 154.4 107.3 24.05
      vertex 157.189 109.856 24.05
    endloop
  endfacet
  facet normal 0 0 1
    outer loop
      vertex 154.4 148.7 24.05
      vertex 157.031 146.858 24.05
      vertex 156.938 147.083 24.05
    endloop
  endfacet
  facet normal 0 0 1
    outer loop
      vertex 157.189 109.856 24.05
      vertex 154.4 107.3 24.05
      vertex 157.157 109.614 24.05
    endloop
  endfacet
  facet normal 0 0 1
    outer loop
      vertex 154.4 148.7 24.05
      vertex 156.938 147.083 24.05
      vertex 156.825 147.3 24.05
    endloop
  endfacet
  facet normal 0 0 1
    outer loop
      vertex 157.157 109.614 24.05
      vertex 154.4 107.3 24.05
      vertex 157.105 109.375 24.05
    endloop
  endfacet
  facet normal 0 0 1
    outer loop
      vertex 154.4 148.7 24.05
      vertex 156.825 147.3 24.05
      vertex 156.694 147.506 24.05
    endloop
  endfacet
  facet normal 0 0 1
    outer loop
      vertex 157.105 109.375 24.05
      vertex 154.4 107.3 24.05
      vertex 157.031 109.142 24.05
    endloop
  endfacet
  facet normal 0 0 1
    outer loop
      vertex 154.4 148.7 24.05
      vertex 156.694 147.506 24.05
      vertex 156.545 147.7 24.05
    endloop
  endfacet
  facet normal 0 0 1
    outer loop
      vertex 157.031 109.142 24.05
      vertex 154.4 107.3 24.05
      vertex 156.938 108.917 24.05
    endloop
  endfacet
  facet normal 0 0 1
    outer loop
      vertex 154.4 148.7 24.05
      vertex 156.545 147.7 24.05
      vertex 156.38 147.88 24.05
    endloop
  endfacet
  facet normal 0 0 1
    outer loop
      vertex 128.24 139.765 24.05
      vertex 154.4 148.7 24.05
      vertex 128.25 140 24.05
    endloop
  endfacet
  facet normal 0 0 1
    outer loop
      vertex 154.4 148.7 24.05
      vertex 156.38 147.88 24.05
      vertex 156.2 148.045 24.05
    endloop
  endfacet
  facet normal 0 0 1
    outer loop
      vertex 156.938 108.917 24.05
      vertex 154.4 107.3 24.05
      vertex 156.825 108.7 24.05
    endloop
  endfacet
  facet normal 0 0 1
    outer loop
      vertex 154.4 148.7 24.05
      vertex 156.2 148.045 24.05
      vertex 156.006 148.194 24.05
    endloop
  endfacet
  facet normal 0 0 1
    outer loop
      vertex 156.545 108.3 24.05
      vertex 154.4 107.3 24.05
      vertex 156.38 108.12 24.05
    endloop
  endfacet
  facet normal 0 0 1
    outer loop
      vertex 154.4 148.7 24.05
      vertex 156.006 148.194 24.05
      vertex 155.8 148.325 24.05
    endloop
  endfacet
  facet normal 0 0 1
    outer loop
      vertex 156.38 108.12 24.05
      vertex 154.4 107.3 24.05
      vertex 156.2 107.955 24.05
    endloop
  endfacet
  facet normal 0 0 1
    outer loop
      vertex 154.4 148.7 24.05
      vertex 155.8 148.325 24.05
      vertex 155.583 148.438 24.05
    endloop
  endfacet
  facet normal 0 0 1
    outer loop
      vertex 156.2 107.955 24.05
      vertex 154.4 107.3 24.05
      vertex 156.006 107.806 24.05
    endloop
  endfacet
  facet normal 0 0 1
    outer loop
      vertex 154.4 148.7 24.05
      vertex 155.583 148.438 24.05
      vertex 155.358 148.531 24.05
    endloop
  endfacet
  facet normal 0 0 1
    outer loop
      vertex 156.006 107.806 24.05
      vertex 154.4 107.3 24.05
      vertex 155.8 107.675 24.05
    endloop
  endfacet
  facet normal 0 0 1
    outer loop
      vertex 154.4 148.7 24.05
      vertex 155.358 148.531 24.05
      vertex 155.125 148.605 24.05
    endloop
  endfacet
  facet normal 0 0 1
    outer loop
      vertex 155.8 107.675 24.05
      vertex 154.4 107.3 24.05
      vertex 155.583 107.562 24.05
    endloop
  endfacet
  facet normal 0 0 1
    outer loop
      vertex 154.4 148.7 24.05
      vertex 155.125 148.605 24.05
      vertex 154.886 148.657 24.05
    endloop
  endfacet
  facet normal 0 0 1
    outer loop
      vertex 155.583 107.562 24.05
      vertex 154.4 107.3 24.05
      vertex 155.358 107.469 24.05
    endloop
  endfacet
  facet normal 0 0 1
    outer loop
      vertex 154.4 148.7 24.05
      vertex 154.886 148.657 24.05
      vertex 154.644 148.689 24.05
    endloop
  endfacet
  facet normal 0 0 1
    outer loop
      vertex 155.358 107.469 24.05
      vertex 154.4 107.3 24.05
      vertex 155.125 107.395 24.05
    endloop
  endfacet
  facet normal 0 0 1
    outer loop
      vertex 155.125 107.395 24.05
      vertex 154.4 107.3 24.05
      vertex 154.886 107.343 24.05
    endloop
  endfacet
  facet normal 0 0 1
    outer loop
      vertex 154.886 107.343 24.05
      vertex 154.4 107.3 24.05
      vertex 154.644 107.311 24.05
    endloop
  endfacet
  facet normal 0 0 1
    outer loop
      vertex 128.25 140 24.05
      vertex 154.4 148.7 24.05
      vertex 130.6 148.7 24.05
    endloop
  endfacet
  facet normal 0 0 1
    outer loop
      vertex 156.825 108.7 24.05
      vertex 154.4 107.3 24.05
      vertex 156.694 108.494 24.05
    endloop
  endfacet
  facet normal 0 0 1
    outer loop
      vertex 127.8 145.9 24.05
      vertex 130.6 148.7 24.05
      vertex 130.356 148.689 24.05
    endloop
  endfacet
  facet normal 0 0 1
    outer loop
      vertex 156.694 108.494 24.05
      vertex 154.4 107.3 24.05
      vertex 156.545 108.3 24.05
    endloop
  endfacet
  facet normal 0 0 1
    outer loop
      vertex 127.8 145.9 24.05
      vertex 130.356 148.689 24.05
      vertex 130.114 148.657 24.05
    endloop
  endfacet
  facet normal 0 0 1
    outer loop
      vertex 154.4 107.3 24.05
      vertex 128.25 116 24.05
      vertex 130.6 107.3 24.05
    endloop
  endfacet
  facet normal 0 0 1
    outer loop
      vertex 127.8 145.9 24.05
      vertex 130.114 148.657 24.05
      vertex 129.875 148.605 24.05
    endloop
  endfacet
  facet normal -0 0 1
    outer loop
      vertex 128.24 115.765 24.05
      vertex 130.6 107.3 24.05
      vertex 128.25 116 24.05
    endloop
  endfacet
  facet normal 0 0 1
    outer loop
      vertex 127.8 145.9 24.05
      vertex 129.875 148.605 24.05
      vertex 129.642 148.531 24.05
    endloop
  endfacet
  facet normal -0 0 1
    outer loop
      vertex 128.209 115.531 24.05
      vertex 130.6 107.3 24.05
      vertex 128.24 115.765 24.05
    endloop
  endfacet
  facet normal 0 0 1
    outer loop
      vertex 127.8 145.9 24.05
      vertex 129.642 148.531 24.05
      vertex 129.417 148.438 24.05
    endloop
  endfacet
  facet normal -0 0 1
    outer loop
      vertex 128.158 115.301 24.05
      vertex 130.6 107.3 24.05
      vertex 128.209 115.531 24.05
    endloop
  endfacet
  facet normal 0 0 1
    outer loop
      vertex 127.8 145.9 24.05
      vertex 129.417 148.438 24.05
      vertex 129.2 148.325 24.05
    endloop
  endfacet
  facet normal -0 0 1
    outer loop
      vertex 127.8 113.304 24.05
      vertex 130.6 107.3 24.05
      vertex 128.158 115.301 24.05
    endloop
  endfacet
  facet normal 0 0 1
    outer loop
      vertex 127.8 145.9 24.05
      vertex 129.2 148.325 24.05
      vertex 128.994 148.194 24.05
    endloop
  endfacet
  facet normal -0 0 1
    outer loop
      vertex 127.8 110.1 24.05
      vertex 130.6 107.3 24.05
      vertex 127.8 113.304 24.05
    endloop
  endfacet
  facet normal 0 0 1
    outer loop
      vertex 127.8 145.9 24.05
      vertex 128.994 148.194 24.05
      vertex 128.8 148.045 24.05
    endloop
  endfacet
  facet normal 0 0 1
    outer loop
      vertex 130.6 107.3 24.05
      vertex 127.8 110.1 24.05
      vertex 130.356 107.311 24.05
    endloop
  endfacet
  facet normal 0 0 1
    outer loop
      vertex 127.8 145.9 24.05
      vertex 128.8 148.045 24.05
      vertex 128.62 147.88 24.05
    endloop
  endfacet
  facet normal 0 0 1
    outer loop
      vertex 130.356 107.311 24.05
      vertex 127.8 110.1 24.05
      vertex 130.114 107.343 24.05
    endloop
  endfacet
  facet normal 0 0 1
    outer loop
      vertex 127.8 145.9 24.05
      vertex 128.62 147.88 24.05
      vertex 128.455 147.7 24.05
    endloop
  endfacet
  facet normal 0 0 1
    outer loop
      vertex 130.114 107.343 24.05
      vertex 127.8 110.1 24.05
      vertex 129.875 107.395 24.05
    endloop
  endfacet
  facet normal 0 0 1
    outer loop
      vertex 127.8 145.9 24.05
      vertex 128.455 147.7 24.05
      vertex 128.306 147.506 24.05
    endloop
  endfacet
  facet normal 0 0 1
    outer loop
      vertex 129.875 107.395 24.05
      vertex 127.8 110.1 24.05
      vertex 129.642 107.469 24.05
    endloop
  endfacet
  facet normal 0 0 1
    outer loop
      vertex 129.642 107.469 24.05
      vertex 127.8 110.1 24.05
      vertex 129.417 107.562 24.05
    endloop
  endfacet
  facet normal 0 0 1
    outer loop
      vertex 130.6 148.7 24.05
      vertex 128.24 140.235 24.05
      vertex 128.25 140 24.05
    endloop
  endfacet
  facet normal 0 0 1
    outer loop
      vertex 130.6 148.7 24.05
      vertex 128.209 140.469 24.05
      vertex 128.24 140.235 24.05
    endloop
  endfacet
  facet normal 0 0 1
    outer loop
      vertex 127.8 145.9 24.05
      vertex 128.306 147.506 24.05
      vertex 128.175 147.3 24.05
    endloop
  endfacet
  facet normal 0 0 1
    outer loop
      vertex 130.6 148.7 24.05
      vertex 128.158 140.699 24.05
      vertex 128.209 140.469 24.05
    endloop
  endfacet
  facet normal 0 0 1
    outer loop
      vertex 130.6 148.7 24.05
      vertex 127.8 142.696 24.05
      vertex 128.158 140.699 24.05
    endloop
  endfacet
  facet normal 0 0 1
    outer loop
      vertex 127.8 145.9 24.05
      vertex 128.175 147.3 24.05
      vertex 128.062 147.083 24.05
    endloop
  endfacet
  facet normal 0 0 1
    outer loop
      vertex 128.158 140.699 24.05
      vertex 127.8 142.696 24.05
      vertex 128.087 140.923 24.05
    endloop
  endfacet
  facet normal 0 0 1
    outer loop
      vertex 127.8 145.9 24.05
      vertex 128.062 147.083 24.05
      vertex 127.969 146.858 24.05
    endloop
  endfacet
  facet normal 0 0 1
    outer loop
      vertex 127.8 145.9 24.05
      vertex 127.969 146.858 24.05
      vertex 127.895 146.625 24.05
    endloop
  endfacet
  facet normal 0 0 1
    outer loop
      vertex 128.087 140.923 24.05
      vertex 127.8 142.696 24.05
      vertex 127.997 141.141 24.05
    endloop
  endfacet
  facet normal 0 0 1
    outer loop
      vertex 127.8 145.9 24.05
      vertex 127.895 146.625 24.05
      vertex 127.843 146.386 24.05
    endloop
  endfacet
  facet normal 0 0 1
    outer loop
      vertex 127.8 145.9 24.05
      vertex 127.843 146.386 24.05
      vertex 127.811 146.144 24.05
    endloop
  endfacet
  facet normal 0 0 1
    outer loop
      vertex 130.6 148.7 24.05
      vertex 127.8 145.9 24.05
      vertex 127.8 142.696 24.05
    endloop
  endfacet
  facet normal 0 0 1
    outer loop
      vertex 127.997 141.141 24.05
      vertex 127.8 142.696 24.05
      vertex 127.888 141.35 24.05
    endloop
  endfacet
  facet normal 0 0 1
    outer loop
      vertex 127.8 142.696 24.05
      vertex 127.762 141.549 24.05
      vertex 127.888 141.35 24.05
    endloop
  endfacet
  facet normal 0 0 1
    outer loop
      vertex 127.8 142.696 24.05
      vertex 127.618 141.736 24.05
      vertex 127.762 141.549 24.05
    endloop
  endfacet
  facet normal 0 0 1
    outer loop
      vertex 127.286 142.068 24.05
      vertex 127.8 142.696 24.05
      vertex 127.558 142.867 24.05
    endloop
  endfacet
  facet normal 0 0 1
    outer loop
      vertex 127.8 142.696 24.05
      vertex 127.459 141.909 24.05
      vertex 127.618 141.736 24.05
    endloop
  endfacet
  facet normal 0 0 1
    outer loop
      vertex 127.099 142.212 24.05
      vertex 127.558 142.867 24.05
      vertex 127.3 143.031 24.05
    endloop
  endfacet
  facet normal 0 0 1
    outer loop
      vertex 127.8 142.696 24.05
      vertex 127.286 142.068 24.05
      vertex 127.459 141.909 24.05
    endloop
  endfacet
  facet normal 0 0 1
    outer loop
      vertex 127.558 142.867 24.05
      vertex 127.099 142.212 24.05
      vertex 127.286 142.068 24.05
    endloop
  endfacet
  facet normal 0 0 1
    outer loop
      vertex 126.9 142.338 24.05
      vertex 127.3 143.031 24.05
      vertex 127.029 143.172 24.05
    endloop
  endfacet
  facet normal 0 0 1
    outer loop
      vertex 127.3 143.031 24.05
      vertex 126.9 142.338 24.05
      vertex 127.099 142.212 24.05
    endloop
  endfacet
  facet normal 0 0 1
    outer loop
      vertex 126.691 142.447 24.05
      vertex 127.029 143.172 24.05
      vertex 126.747 143.289 24.05
    endloop
  endfacet
  facet normal 0 0 1
    outer loop
      vertex 127.029 143.172 24.05
      vertex 126.691 142.447 24.05
      vertex 126.9 142.338 24.05
    endloop
  endfacet
  facet normal 0 0 1
    outer loop
      vertex 126.747 143.289 24.05
      vertex 126.473 142.537 24.05
      vertex 126.691 142.447 24.05
    endloop
  endfacet
  facet normal 0 0 1
    outer loop
      vertex 126.456 143.381 24.05
      vertex 126.473 142.537 24.05
      vertex 126.747 143.289 24.05
    endloop
  endfacet
  facet normal 0 0 1
    outer loop
      vertex 126.456 143.381 24.05
      vertex 126.249 142.608 24.05
      vertex 126.473 142.537 24.05
    endloop
  endfacet
  facet normal 0 0 1
    outer loop
      vertex 126.158 143.447 24.05
      vertex 126.249 142.608 24.05
      vertex 126.456 143.381 24.05
    endloop
  endfacet
  facet normal 0 0 1
    outer loop
      vertex 126.158 143.447 24.05
      vertex 126.019 142.659 24.05
      vertex 126.249 142.608 24.05
    endloop
  endfacet
  facet normal 0 0 1
    outer loop
      vertex 125.855 143.487 24.05
      vertex 126.019 142.659 24.05
      vertex 126.158 143.447 24.05
    endloop
  endfacet
  facet normal 0 0 1
    outer loop
      vertex 125.855 143.487 24.05
      vertex 125.785 142.69 24.05
      vertex 126.019 142.659 24.05
    endloop
  endfacet
  facet normal 0 0 1
    outer loop
      vertex 125.55 143.5 24.05
      vertex 125.785 142.69 24.05
      vertex 125.855 143.487 24.05
    endloop
  endfacet
  facet normal 0 0 1
    outer loop
      vertex 125.55 143.5 24.05
      vertex 125.55 142.7 24.05
      vertex 125.785 142.69 24.05
    endloop
  endfacet
  facet normal 0 0 1
    outer loop
      vertex 125.55 143.5 24.05
      vertex 125.315 142.69 24.05
      vertex 125.55 142.7 24.05
    endloop
  endfacet
  facet normal -0 0 1
    outer loop
      vertex 125.245 143.487 24.05
      vertex 125.315 142.69 24.05
      vertex 125.55 143.5 24.05
    endloop
  endfacet
  facet normal 0 0 1
    outer loop
      vertex 125.245 143.487 24.05
      vertex 125.081 142.659 24.05
      vertex 125.315 142.69 24.05
    endloop
  endfacet
  facet normal -0 0 1
    outer loop
      vertex 124.942 143.447 24.05
      vertex 125.081 142.659 24.05
      vertex 125.245 143.487 24.05
    endloop
  endfacet
  facet normal 0 0 1
    outer loop
      vertex 124.942 143.447 24.05
      vertex 124.851 142.608 24.05
      vertex 125.081 142.659 24.05
    endloop
  endfacet
  facet normal -0 0 1
    outer loop
      vertex 124.644 143.381 24.05
      vertex 124.851 142.608 24.05
      vertex 124.942 143.447 24.05
    endloop
  endfacet
  facet normal 0 0 1
    outer loop
      vertex 124.644 143.381 24.05
      vertex 124.627 142.537 24.05
      vertex 124.851 142.608 24.05
    endloop
  endfacet
  facet normal -0 0 1
    outer loop
      vertex 124.353 143.289 24.05
      vertex 124.627 142.537 24.05
      vertex 124.644 143.381 24.05
    endloop
  endfacet
  facet normal 0 0 1
    outer loop
      vertex 124.627 142.537 24.05
      vertex 124.353 143.289 24.05
      vertex 124.409 142.447 24.05
    endloop
  endfacet
  facet normal -0 0 1
    outer loop
      vertex 124.071 143.172 24.05
      vertex 124.409 142.447 24.05
      vertex 124.353 143.289 24.05
    endloop
  endfacet
  facet normal 0 0 1
    outer loop
      vertex 124.409 142.447 24.05
      vertex 124.071 143.172 24.05
      vertex 124.2 142.338 24.05
    endloop
  endfacet
  facet normal -0 0 1
    outer loop
      vertex 123.8 143.031 24.05
      vertex 124.2 142.338 24.05
      vertex 124.071 143.172 24.05
    endloop
  endfacet
  facet normal 0 0 1
    outer loop
      vertex 124.2 142.338 24.05
      vertex 123.8 143.031 24.05
      vertex 124.001 142.212 24.05
    endloop
  endfacet
  facet normal -0 0 1
    outer loop
      vertex 123.542 142.867 24.05
      vertex 124.001 142.212 24.05
      vertex 123.8 143.031 24.05
    endloop
  endfacet
  facet normal 0 0 1
    outer loop
      vertex 124.001 142.212 24.05
      vertex 123.542 142.867 24.05
      vertex 123.814 142.068 24.05
    endloop
  endfacet
  facet normal -0 0 1
    outer loop
      vertex 123.3 142.681 24.05
      vertex 123.814 142.068 24.05
      vertex 123.542 142.867 24.05
    endloop
  endfacet
  facet normal 0 0 1
    outer loop
      vertex 123.814 142.068 24.05
      vertex 123.3 142.681 24.05
      vertex 123.641 141.909 24.05
    endloop
  endfacet
  facet normal -0 0 1
    outer loop
      vertex 123.075 142.475 24.05
      vertex 123.641 141.909 24.05
      vertex 123.3 142.681 24.05
    endloop
  endfacet
  facet normal 0 0 1
    outer loop
      vertex 123.641 141.909 24.05
      vertex 123.075 142.475 24.05
      vertex 123.482 141.736 24.05
    endloop
  endfacet
  facet normal -0 0 1
    outer loop
      vertex 122.869 142.25 24.05
      vertex 123.482 141.736 24.05
      vertex 123.075 142.475 24.05
    endloop
  endfacet
  facet normal 0 0 1
    outer loop
      vertex 123.482 141.736 24.05
      vertex 122.869 142.25 24.05
      vertex 123.338 141.549 24.05
    endloop
  endfacet
  facet normal -0 0 1
    outer loop
      vertex 122.683 142.008 24.05
      vertex 123.338 141.549 24.05
      vertex 122.869 142.25 24.05
    endloop
  endfacet
  facet normal 0 0 1
    outer loop
      vertex 123.338 141.549 24.05
      vertex 122.683 142.008 24.05
      vertex 123.212 141.35 24.05
    endloop
  endfacet
  facet normal -0 0 1
    outer loop
      vertex 122.519 141.75 24.05
      vertex 123.212 141.35 24.05
      vertex 122.683 142.008 24.05
    endloop
  endfacet
  facet normal 0 0 1
    outer loop
      vertex 123.212 141.35 24.05
      vertex 122.519 141.75 24.05
      vertex 123.103 141.141 24.05
    endloop
  endfacet
  facet normal -0 0 1
    outer loop
      vertex 122.378 141.479 24.05
      vertex 123.103 141.141 24.05
      vertex 122.519 141.75 24.05
    endloop
  endfacet
  facet normal 0 0 1
    outer loop
      vertex 123.103 141.141 24.05
      vertex 122.378 141.479 24.05
      vertex 123.013 140.923 24.05
    endloop
  endfacet
  facet normal -0 0 1
    outer loop
      vertex 122.261 141.197 24.05
      vertex 123.013 140.923 24.05
      vertex 122.378 141.479 24.05
    endloop
  endfacet
  facet normal 0 0 1
    outer loop
      vertex 123.013 140.923 24.05
      vertex 122.261 141.197 24.05
      vertex 122.942 140.699 24.05
    endloop
  endfacet
  facet normal 0 0 1
    outer loop
      vertex 129.417 107.562 24.05
      vertex 127.8 110.1 24.05
      vertex 129.2 107.675 24.05
    endloop
  endfacet
  facet normal 0 0 1
    outer loop
      vertex 129.2 107.675 24.05
      vertex 127.8 110.1 24.05
      vertex 128.994 107.806 24.05
    endloop
  endfacet
  facet normal 0 0 1
    outer loop
      vertex 128.994 107.806 24.05
      vertex 127.8 110.1 24.05
      vertex 128.8 107.955 24.05
    endloop
  endfacet
  facet normal 0 0 1
    outer loop
      vertex 128.8 107.955 24.05
      vertex 127.8 110.1 24.05
      vertex 128.62 108.12 24.05
    endloop
  endfacet
  facet normal 0 0 1
    outer loop
      vertex 128.62 108.12 24.05
      vertex 127.8 110.1 24.05
      vertex 128.455 108.3 24.05
    endloop
  endfacet
  facet normal 0 0 1
    outer loop
      vertex 127.8 113.304 24.05
      vertex 128.158 115.301 24.05
      vertex 128.087 115.077 24.05
    endloop
  endfacet
  facet normal 0 0 1
    outer loop
      vertex 128.455 108.3 24.05
      vertex 127.8 110.1 24.05
      vertex 128.306 108.494 24.05
    endloop
  endfacet
  facet normal 0 0 1
    outer loop
      vertex 127.8 113.304 24.05
      vertex 128.087 115.077 24.05
      vertex 127.997 114.859 24.05
    endloop
  endfacet
  facet normal 0 0 1
    outer loop
      vertex 128.306 108.494 24.05
      vertex 127.8 110.1 24.05
      vertex 128.175 108.7 24.05
    endloop
  endfacet
  facet normal 0 0 1
    outer loop
      vertex 128.175 108.7 24.05
      vertex 127.8 110.1 24.05
      vertex 128.062 108.917 24.05
    endloop
  endfacet
  facet normal 0 0 1
    outer loop
      vertex 127.8 113.304 24.05
      vertex 127.997 114.859 24.05
      vertex 127.888 114.65 24.05
    endloop
  endfacet
  facet normal 0 0 1
    outer loop
      vertex 128.062 108.917 24.05
      vertex 127.8 110.1 24.05
      vertex 127.969 109.142 24.05
    endloop
  endfacet
  facet normal 0 0 1
    outer loop
      vertex 127.969 109.142 24.05
      vertex 127.8 110.1 24.05
      vertex 127.895 109.375 24.05
    endloop
  endfacet
  facet normal 0 0 1
    outer loop
      vertex 127.895 109.375 24.05
      vertex 127.8 110.1 24.05
      vertex 127.843 109.614 24.05
    endloop
  endfacet
  facet normal -0 0 1
    outer loop
      vertex 127.762 114.451 24.05
      vertex 127.8 113.304 24.05
      vertex 127.888 114.65 24.05
    endloop
  endfacet
  facet normal -0 0 1
    outer loop
      vertex 127.618 114.264 24.05
      vertex 127.8 113.304 24.05
      vertex 127.762 114.451 24.05
    endloop
  endfacet
  facet normal -0 0 1
    outer loop
      vertex 127.459 114.091 24.05
      vertex 127.8 113.304 24.05
      vertex 127.618 114.264 24.05
    endloop
  endfacet
  facet normal -0 0 1
    outer loop
      vertex 127.286 113.932 24.05
      vertex 127.8 113.304 24.05
      vertex 127.459 114.091 24.05
    endloop
  endfacet
  facet normal 0 0 1
    outer loop
      vertex 127.8 113.304 24.05
      vertex 127.286 113.932 24.05
      vertex 127.558 113.133 24.05
    endloop
  endfacet
  facet normal -0 0 1
    outer loop
      vertex 127.099 113.788 24.05
      vertex 127.558 113.133 24.05
      vertex 127.286 113.932 24.05
    endloop
  endfacet
  facet normal 0 0 1
    outer loop
      vertex 127.558 113.133 24.05
      vertex 127.099 113.788 24.05
      vertex 127.3 112.969 24.05
    endloop
  endfacet
  facet normal -0 0 1
    outer loop
      vertex 126.9 113.662 24.05
      vertex 127.3 112.969 24.05
      vertex 127.099 113.788 24.05
    endloop
  endfacet
  facet normal 0 0 1
    outer loop
      vertex 127.3 112.969 24.05
      vertex 126.9 113.662 24.05
      vertex 127.029 112.828 24.05
    endloop
  endfacet
  facet normal -0 0 1
    outer loop
      vertex 126.691 113.553 24.05
      vertex 127.029 112.828 24.05
      vertex 126.9 113.662 24.05
    endloop
  endfacet
  facet normal 0 0 1
    outer loop
      vertex 127.029 112.828 24.05
      vertex 126.691 113.553 24.05
      vertex 126.747 112.711 24.05
    endloop
  endfacet
  facet normal -0 0 1
    outer loop
      vertex 126.473 113.463 24.05
      vertex 126.747 112.711 24.05
      vertex 126.691 113.553 24.05
    endloop
  endfacet
  facet normal 0 0 1
    outer loop
      vertex 126.473 113.463 24.05
      vertex 126.456 112.619 24.05
      vertex 126.747 112.711 24.05
    endloop
  endfacet
  facet normal -0 0 1
    outer loop
      vertex 126.249 113.392 24.05
      vertex 126.456 112.619 24.05
      vertex 126.473 113.463 24.05
    endloop
  endfacet
  facet normal 0 0 1
    outer loop
      vertex 126.249 113.392 24.05
      vertex 126.158 112.553 24.05
      vertex 126.456 112.619 24.05
    endloop
  endfacet
  facet normal -0 0 1
    outer loop
      vertex 126.019 113.341 24.05
      vertex 126.158 112.553 24.05
      vertex 126.249 113.392 24.05
    endloop
  endfacet
  facet normal 0 0 1
    outer loop
      vertex 126.019 113.341 24.05
      vertex 125.855 112.513 24.05
      vertex 126.158 112.553 24.05
    endloop
  endfacet
  facet normal -0 0 1
    outer loop
      vertex 125.785 113.31 24.05
      vertex 125.855 112.513 24.05
      vertex 126.019 113.341 24.05
    endloop
  endfacet
  facet normal -0 0 1
    outer loop
      vertex 125.55 113.3 24.05
      vertex 125.855 112.513 24.05
      vertex 125.785 113.31 24.05
    endloop
  endfacet
  facet normal 0 0 1
    outer loop
      vertex 125.55 113.3 24.05
      vertex 125.55 112.5 24.05
      vertex 125.855 112.513 24.05
    endloop
  endfacet
  facet normal 0 0 1
    outer loop
      vertex 125.315 113.31 24.05
      vertex 125.55 112.5 24.05
      vertex 125.55 113.3 24.05
    endloop
  endfacet
  facet normal 0 0 1
    outer loop
      vertex 125.315 113.31 24.05
      vertex 125.245 112.513 24.05
      vertex 125.55 112.5 24.05
    endloop
  endfacet
  facet normal 0 0 1
    outer loop
      vertex 125.081 113.341 24.05
      vertex 125.245 112.513 24.05
      vertex 125.315 113.31 24.05
    endloop
  endfacet
  facet normal 0 0 1
    outer loop
      vertex 125.081 113.341 24.05
      vertex 124.942 112.553 24.05
      vertex 125.245 112.513 24.05
    endloop
  endfacet
  facet normal 0 0 1
    outer loop
      vertex 124.851 113.392 24.05
      vertex 124.942 112.553 24.05
      vertex 125.081 113.341 24.05
    endloop
  endfacet
  facet normal 0 0 1
    outer loop
      vertex 124.851 113.392 24.05
      vertex 124.644 112.619 24.05
      vertex 124.942 112.553 24.05
    endloop
  endfacet
  facet normal 0 0 1
    outer loop
      vertex 124.627 113.463 24.05
      vertex 124.644 112.619 24.05
      vertex 124.851 113.392 24.05
    endloop
  endfacet
  facet normal 0 0 1
    outer loop
      vertex 124.353 112.711 24.05
      vertex 124.627 113.463 24.05
      vertex 124.409 113.553 24.05
    endloop
  endfacet
  facet normal 0 0 1
    outer loop
      vertex 124.627 113.463 24.05
      vertex 124.353 112.711 24.05
      vertex 124.644 112.619 24.05
    endloop
  endfacet
  facet normal 0 0 1
    outer loop
      vertex 124.071 112.828 24.05
      vertex 124.409 113.553 24.05
      vertex 124.2 113.662 24.05
    endloop
  endfacet
  facet normal 0 0 1
    outer loop
      vertex 124.409 113.553 24.05
      vertex 124.071 112.828 24.05
      vertex 124.353 112.711 24.05
    endloop
  endfacet
  facet normal 0 0 1
    outer loop
      vertex 123.8 112.969 24.05
      vertex 124.2 113.662 24.05
      vertex 124.001 113.788 24.05
    endloop
  endfacet
  facet normal 0 0 1
    outer loop
      vertex 123.542 113.133 24.05
      vertex 124.001 113.788 24.05
      vertex 123.814 113.932 24.05
    endloop
  endfacet
  facet normal 0 0 1
    outer loop
      vertex 124.2 113.662 24.05
      vertex 123.8 112.969 24.05
      vertex 124.071 112.828 24.05
    endloop
  endfacet
  facet normal 0 0 1
    outer loop
      vertex 123.3 113.319 24.05
      vertex 123.814 113.932 24.05
      vertex 123.641 114.091 24.05
    endloop
  endfacet
  facet normal 0 0 1
    outer loop
      vertex 124.001 113.788 24.05
      vertex 123.542 113.133 24.05
      vertex 123.8 112.969 24.05
    endloop
  endfacet
  facet normal 0 0 1
    outer loop
      vertex 123.075 113.525 24.05
      vertex 123.641 114.091 24.05
      vertex 123.482 114.264 24.05
    endloop
  endfacet
  facet normal 0 0 1
    outer loop
      vertex 122.869 113.75 24.05
      vertex 123.482 114.264 24.05
      vertex 123.338 114.451 24.05
    endloop
  endfacet
  facet normal 0 0 1
    outer loop
      vertex 123.814 113.932 24.05
      vertex 123.3 113.319 24.05
      vertex 123.542 113.133 24.05
    endloop
  endfacet
  facet normal 0 0 1
    outer loop
      vertex 122.683 113.992 24.05
      vertex 123.338 114.451 24.05
      vertex 123.212 114.65 24.05
    endloop
  endfacet
  facet normal 0 0 1
    outer loop
      vertex 122.519 114.25 24.05
      vertex 123.212 114.65 24.05
      vertex 123.103 114.859 24.05
    endloop
  endfacet
  facet normal 0 0 1
    outer loop
      vertex 123.641 114.091 24.05
      vertex 123.075 113.525 24.05
      vertex 123.3 113.319 24.05
    endloop
  endfacet
  facet normal 0 0 1
    outer loop
      vertex 122.378 114.521 24.05
      vertex 123.103 114.859 24.05
      vertex 123.013 115.077 24.05
    endloop
  endfacet
  facet normal 0 0 1
    outer loop
      vertex 122.261 114.803 24.05
      vertex 123.013 115.077 24.05
      vertex 122.942 115.301 24.05
    endloop
  endfacet
  facet normal 0 0 1
    outer loop
      vertex 122.169 115.094 24.05
      vertex 122.942 115.301 24.05
      vertex 122.891 115.531 24.05
    endloop
  endfacet
  facet normal 0 0 1
    outer loop
      vertex 123.482 114.264 24.05
      vertex 122.869 113.75 24.05
      vertex 123.075 113.525 24.05
    endloop
  endfacet
  facet normal 0 0 1
    outer loop
      vertex 122.103 115.392 24.05
      vertex 122.891 115.531 24.05
      vertex 122.86 115.765 24.05
    endloop
  endfacet
  facet normal 0 0 1
    outer loop
      vertex 122.063 115.695 24.05
      vertex 122.86 115.765 24.05
      vertex 122.85 116 24.05
    endloop
  endfacet
  facet normal -0 0 1
    outer loop
      vertex 122.169 116.906 24.05
      vertex 122.942 116.699 24.05
      vertex 122.261 117.197 24.05
    endloop
  endfacet
  facet normal 0 0 1
    outer loop
      vertex 123.338 114.451 24.05
      vertex 122.683 113.992 24.05
      vertex 122.869 113.75 24.05
    endloop
  endfacet
  facet normal 0 0 1
    outer loop
      vertex 122.942 116.699 24.05
      vertex 122.169 116.906 24.05
      vertex 122.891 116.469 24.05
    endloop
  endfacet
  facet normal 0 0 1
    outer loop
      vertex 123.212 114.65 24.05
      vertex 122.519 114.25 24.05
      vertex 122.683 113.992 24.05
    endloop
  endfacet
  facet normal -0 0 1
    outer loop
      vertex 122.103 116.608 24.05
      vertex 122.891 116.469 24.05
      vertex 122.169 116.906 24.05
    endloop
  endfacet
  facet normal 0 0 1
    outer loop
      vertex 123.103 114.859 24.05
      vertex 122.378 114.521 24.05
      vertex 122.519 114.25 24.05
    endloop
  endfacet
  facet normal 0 0 1
    outer loop
      vertex 122.891 116.469 24.05
      vertex 122.103 116.608 24.05
      vertex 122.86 116.235 24.05
    endloop
  endfacet
  facet normal 0 0 1
    outer loop
      vertex 123.013 115.077 24.05
      vertex 122.261 114.803 24.05
      vertex 122.378 114.521 24.05
    endloop
  endfacet
  facet normal -0 0 1
    outer loop
      vertex 122.063 116.305 24.05
      vertex 122.86 116.235 24.05
      vertex 122.103 116.608 24.05
    endloop
  endfacet
  facet normal 0 0 1
    outer loop
      vertex 122.942 115.301 24.05
      vertex 122.169 115.094 24.05
      vertex 122.261 114.803 24.05
    endloop
  endfacet
  facet normal 0 0 1
    outer loop
      vertex 122.86 116.235 24.05
      vertex 122.063 116.305 24.05
      vertex 122.85 116 24.05
    endloop
  endfacet
  facet normal 0 0 1
    outer loop
      vertex 122.891 115.531 24.05
      vertex 122.103 115.392 24.05
      vertex 122.169 115.094 24.05
    endloop
  endfacet
  facet normal 0 0 1
    outer loop
      vertex 122.05 116 24.05
      vertex 122.85 116 24.05
      vertex 122.063 116.305 24.05
    endloop
  endfacet
  facet normal 0 0 1
    outer loop
      vertex 122.86 115.765 24.05
      vertex 122.063 115.695 24.05
      vertex 122.103 115.392 24.05
    endloop
  endfacet
  facet normal 0 0 1
    outer loop
      vertex 122.85 116 24.05
      vertex 122.05 116 24.05
      vertex 122.063 115.695 24.05
    endloop
  endfacet
  facet normal 0 0 1
    outer loop
      vertex 127.997 117.141 24.05
      vertex 127.8 118.696 24.05
      vertex 127.888 117.35 24.05
    endloop
  endfacet
  facet normal 0 0 1
    outer loop
      vertex 127.8 118.696 24.05
      vertex 127.762 117.549 24.05
      vertex 127.888 117.35 24.05
    endloop
  endfacet
  facet normal 0 0 1
    outer loop
      vertex 127.8 118.696 24.05
      vertex 127.618 117.736 24.05
      vertex 127.762 117.549 24.05
    endloop
  endfacet
  facet normal 0 0 1
    outer loop
      vertex 127.286 118.068 24.05
      vertex 127.8 118.696 24.05
      vertex 127.558 118.867 24.05
    endloop
  endfacet
  facet normal 0 0 1
    outer loop
      vertex 127.8 118.696 24.05
      vertex 127.459 117.909 24.05
      vertex 127.618 117.736 24.05
    endloop
  endfacet
  facet normal 0 0 1
    outer loop
      vertex 127.099 118.212 24.05
      vertex 127.558 118.867 24.05
      vertex 127.3 119.031 24.05
    endloop
  endfacet
  facet normal 0 0 1
    outer loop
      vertex 127.8 118.696 24.05
      vertex 127.286 118.068 24.05
      vertex 127.459 117.909 24.05
    endloop
  endfacet
  facet normal 0 0 1
    outer loop
      vertex 127.558 118.867 24.05
      vertex 127.099 118.212 24.05
      vertex 127.286 118.068 24.05
    endloop
  endfacet
  facet normal 0 0 1
    outer loop
      vertex 126.9 118.338 24.05
      vertex 127.3 119.031 24.05
      vertex 127.029 119.172 24.05
    endloop
  endfacet
  facet normal 0 0 1
    outer loop
      vertex 127.3 119.031 24.05
      vertex 126.9 118.338 24.05
      vertex 127.099 118.212 24.05
    endloop
  endfacet
  facet normal 0 0 1
    outer loop
      vertex 126.691 118.447 24.05
      vertex 127.029 119.172 24.05
      vertex 126.747 119.289 24.05
    endloop
  endfacet
  facet normal 0 0 1
    outer loop
      vertex 127.029 119.172 24.05
      vertex 126.691 118.447 24.05
      vertex 126.9 118.338 24.05
    endloop
  endfacet
  facet normal 0 0 1
    outer loop
      vertex 126.747 119.289 24.05
      vertex 126.473 118.537 24.05
      vertex 126.691 118.447 24.05
    endloop
  endfacet
  facet normal 0 0 1
    outer loop
      vertex 126.456 119.381 24.05
      vertex 126.473 118.537 24.05
      vertex 126.747 119.289 24.05
    endloop
  endfacet
  facet normal 0 0 1
    outer loop
      vertex 126.456 119.381 24.05
      vertex 126.249 118.608 24.05
      vertex 126.473 118.537 24.05
    endloop
  endfacet
  facet normal 0 0 1
    outer loop
      vertex 126.158 119.447 24.05
      vertex 126.249 118.608 24.05
      vertex 126.456 119.381 24.05
    endloop
  endfacet
  facet normal 0 0 1
    outer loop
      vertex 126.158 119.447 24.05
      vertex 126.019 118.659 24.05
      vertex 126.249 118.608 24.05
    endloop
  endfacet
  facet normal 0 0 1
    outer loop
      vertex 125.855 119.487 24.05
      vertex 126.019 118.659 24.05
      vertex 126.158 119.447 24.05
    endloop
  endfacet
  facet normal 0 0 1
    outer loop
      vertex 125.855 119.487 24.05
      vertex 125.785 118.69 24.05
      vertex 126.019 118.659 24.05
    endloop
  endfacet
  facet normal 0 0 1
    outer loop
      vertex 125.55 119.5 24.05
      vertex 125.785 118.69 24.05
      vertex 125.855 119.487 24.05
    endloop
  endfacet
  facet normal 0 0 1
    outer loop
      vertex 125.55 119.5 24.05
      vertex 125.55 118.7 24.05
      vertex 125.785 118.69 24.05
    endloop
  endfacet
  facet normal 0 0 1
    outer loop
      vertex 125.55 119.5 24.05
      vertex 125.315 118.69 24.05
      vertex 125.55 118.7 24.05
    endloop
  endfacet
  facet normal -0 0 1
    outer loop
      vertex 125.245 119.487 24.05
      vertex 125.315 118.69 24.05
      vertex 125.55 119.5 24.05
    endloop
  endfacet
  facet normal 0 0 1
    outer loop
      vertex 125.245 119.487 24.05
      vertex 125.081 118.659 24.05
      vertex 125.315 118.69 24.05
    endloop
  endfacet
  facet normal -0 0 1
    outer loop
      vertex 124.942 119.447 24.05
      vertex 125.081 118.659 24.05
      vertex 125.245 119.487 24.05
    endloop
  endfacet
  facet normal 0 0 1
    outer loop
      vertex 124.942 119.447 24.05
      vertex 124.851 118.608 24.05
      vertex 125.081 118.659 24.05
    endloop
  endfacet
  facet normal -0 0 1
    outer loop
      vertex 124.644 119.381 24.05
      vertex 124.851 118.608 24.05
      vertex 124.942 119.447 24.05
    endloop
  endfacet
  facet normal 0 0 1
    outer loop
      vertex 124.644 119.381 24.05
      vertex 124.627 118.537 24.05
      vertex 124.851 118.608 24.05
    endloop
  endfacet
  facet normal -0 0 1
    outer loop
      vertex 124.353 119.289 24.05
      vertex 124.627 118.537 24.05
      vertex 124.644 119.381 24.05
    endloop
  endfacet
  facet normal 0 0 1
    outer loop
      vertex 124.627 118.537 24.05
      vertex 124.353 119.289 24.05
      vertex 124.409 118.447 24.05
    endloop
  endfacet
  facet normal -0 0 1
    outer loop
      vertex 124.071 119.172 24.05
      vertex 124.409 118.447 24.05
      vertex 124.353 119.289 24.05
    endloop
  endfacet
  facet normal 0 0 1
    outer loop
      vertex 124.409 118.447 24.05
      vertex 124.071 119.172 24.05
      vertex 124.2 118.338 24.05
    endloop
  endfacet
  facet normal -0 0 1
    outer loop
      vertex 123.8 119.031 24.05
      vertex 124.2 118.338 24.05
      vertex 124.071 119.172 24.05
    endloop
  endfacet
  facet normal 0 0 1
    outer loop
      vertex 124.2 118.338 24.05
      vertex 123.8 119.031 24.05
      vertex 124.001 118.212 24.05
    endloop
  endfacet
  facet normal -0 0 1
    outer loop
      vertex 123.542 118.867 24.05
      vertex 124.001 118.212 24.05
      vertex 123.8 119.031 24.05
    endloop
  endfacet
  facet normal 0 0 1
    outer loop
      vertex 124.001 118.212 24.05
      vertex 123.542 118.867 24.05
      vertex 123.814 118.068 24.05
    endloop
  endfacet
  facet normal -0 0 1
    outer loop
      vertex 123.3 118.681 24.05
      vertex 123.814 118.068 24.05
      vertex 123.542 118.867 24.05
    endloop
  endfacet
  facet normal 0 0 1
    outer loop
      vertex 123.814 118.068 24.05
      vertex 123.3 118.681 24.05
      vertex 123.641 117.909 24.05
    endloop
  endfacet
  facet normal -0 0 1
    outer loop
      vertex 123.075 118.475 24.05
      vertex 123.641 117.909 24.05
      vertex 123.3 118.681 24.05
    endloop
  endfacet
  facet normal 0 0 1
    outer loop
      vertex 123.641 117.909 24.05
      vertex 123.075 118.475 24.05
      vertex 123.482 117.736 24.05
    endloop
  endfacet
  facet normal -0 0 1
    outer loop
      vertex 122.869 118.25 24.05
      vertex 123.482 117.736 24.05
      vertex 123.075 118.475 24.05
    endloop
  endfacet
  facet normal 0 0 1
    outer loop
      vertex 123.482 117.736 24.05
      vertex 122.869 118.25 24.05
      vertex 123.338 117.549 24.05
    endloop
  endfacet
  facet normal -0 0 1
    outer loop
      vertex 122.683 118.008 24.05
      vertex 123.338 117.549 24.05
      vertex 122.869 118.25 24.05
    endloop
  endfacet
  facet normal 0 0 1
    outer loop
      vertex 123.338 117.549 24.05
      vertex 122.683 118.008 24.05
      vertex 123.212 117.35 24.05
    endloop
  endfacet
  facet normal -0 0 1
    outer loop
      vertex 122.519 117.75 24.05
      vertex 123.212 117.35 24.05
      vertex 122.683 118.008 24.05
    endloop
  endfacet
  facet normal 0 0 1
    outer loop
      vertex 123.212 117.35 24.05
      vertex 122.519 117.75 24.05
      vertex 123.103 117.141 24.05
    endloop
  endfacet
  facet normal -0 0 1
    outer loop
      vertex 122.378 117.479 24.05
      vertex 123.103 117.141 24.05
      vertex 122.519 117.75 24.05
    endloop
  endfacet
  facet normal 0 0 1
    outer loop
      vertex 123.103 117.141 24.05
      vertex 122.378 117.479 24.05
      vertex 123.013 116.923 24.05
    endloop
  endfacet
  facet normal -0 0 1
    outer loop
      vertex 122.261 117.197 24.05
      vertex 123.013 116.923 24.05
      vertex 122.378 117.479 24.05
    endloop
  endfacet
  facet normal 0 0 1
    outer loop
      vertex 123.013 116.923 24.05
      vertex 122.261 117.197 24.05
      vertex 122.942 116.699 24.05
    endloop
  endfacet
  facet normal 0 0 1
    outer loop
      vertex 127.843 109.614 24.05
      vertex 127.8 110.1 24.05
      vertex 127.811 109.856 24.05
    endloop
  endfacet
  facet normal -0.923657 -0.38322 0
    outer loop
      vertex 122.378 114.521 21.45
      vertex 122.261 114.803 24.05
      vertex 122.261 114.803 21.45
    endloop
  endfacet
  facet normal -0.923657 -0.38322 0
    outer loop
      vertex 122.261 114.803 24.05
      vertex 122.378 114.521 21.45
      vertex 122.378 114.521 24.05
    endloop
  endfacet
  facet normal -0.953484 -0.301445 0
    outer loop
      vertex 122.261 114.803 21.45
      vertex 122.169 115.094 24.05
      vertex 122.169 115.094 21.45
    endloop
  endfacet
  facet normal -0.953484 -0.301445 0
    outer loop
      vertex 122.169 115.094 24.05
      vertex 122.261 114.803 21.45
      vertex 122.261 114.803 24.05
    endloop
  endfacet
  facet normal 0 0 -1
    outer loop
      vertex 126.482 138.889 21.45
      vertex 127.8 137.304 21.45
      vertex 127.558 137.133 21.45
    endloop
  endfacet
  facet normal 0 0 -1
    outer loop
      vertex 127.8 137.304 21.45
      vertex 127 140 21.45
      vertex 127.8 142.696 21.45
    endloop
  endfacet
  facet normal 0 0 -1
    outer loop
      vertex 126.382 138.812 21.45
      vertex 127.558 137.133 21.45
      vertex 127.3 136.969 21.45
    endloop
  endfacet
  facet normal 0 0 -1
    outer loop
      vertex 126.994 140.126 21.45
      vertex 127.8 142.696 21.45
      vertex 127 140 21.45
    endloop
  endfacet
  facet normal 0 0 -1
    outer loop
      vertex 126.275 138.744 21.45
      vertex 127.3 136.969 21.45
      vertex 127.029 136.828 21.45
    endloop
  endfacet
  facet normal 0 0 -1
    outer loop
      vertex 126.978 140.252 21.45
      vertex 127.8 142.696 21.45
      vertex 126.994 140.126 21.45
    endloop
  endfacet
  facet normal 0 0 -1
    outer loop
      vertex 126.951 140.375 21.45
      vertex 127.8 142.696 21.45
      vertex 126.978 140.252 21.45
    endloop
  endfacet
  facet normal 0 0 -1
    outer loop
      vertex 127.8 137.304 21.45
      vertex 126.994 139.874 21.45
      vertex 127 140 21.45
    endloop
  endfacet
  facet normal 0 0 -1
    outer loop
      vertex 127.8 137.304 21.45
      vertex 126.978 139.748 21.45
      vertex 126.994 139.874 21.45
    endloop
  endfacet
  facet normal 0 0 -1
    outer loop
      vertex 127.8 137.304 21.45
      vertex 126.951 139.625 21.45
      vertex 126.978 139.748 21.45
    endloop
  endfacet
  facet normal 0 0 -1
    outer loop
      vertex 127.8 137.304 21.45
      vertex 126.913 139.504 21.45
      vertex 126.951 139.625 21.45
    endloop
  endfacet
  facet normal 0 0 -1
    outer loop
      vertex 127.8 137.304 21.45
      vertex 126.864 139.387 21.45
      vertex 126.913 139.504 21.45
    endloop
  endfacet
  facet normal 0 0 -1
    outer loop
      vertex 127.8 137.304 21.45
      vertex 126.806 139.275 21.45
      vertex 126.864 139.387 21.45
    endloop
  endfacet
  facet normal 0 0 -1
    outer loop
      vertex 126.163 138.686 21.45
      vertex 127.029 136.828 21.45
      vertex 126.747 136.711 21.45
    endloop
  endfacet
  facet normal 0 0 -1
    outer loop
      vertex 127.8 137.304 21.45
      vertex 126.738 139.168 21.45
      vertex 126.806 139.275 21.45
    endloop
  endfacet
  facet normal 0 0 -1
    outer loop
      vertex 127.8 137.304 21.45
      vertex 126.661 139.068 21.45
      vertex 126.738 139.168 21.45
    endloop
  endfacet
  facet normal 0 0 -1
    outer loop
      vertex 127.8 137.304 21.45
      vertex 126.575 138.975 21.45
      vertex 126.661 139.068 21.45
    endloop
  endfacet
  facet normal 0 0 -1
    outer loop
      vertex 127.8 137.304 21.45
      vertex 126.482 138.889 21.45
      vertex 126.575 138.975 21.45
    endloop
  endfacet
  facet normal 0 0 -1
    outer loop
      vertex 126.046 138.637 21.45
      vertex 126.747 136.711 21.45
      vertex 126.456 136.619 21.45
    endloop
  endfacet
  facet normal 0 0 -1
    outer loop
      vertex 127.558 137.133 21.45
      vertex 126.382 138.812 21.45
      vertex 126.482 138.889 21.45
    endloop
  endfacet
  facet normal 0 0 -1
    outer loop
      vertex 127.3 136.969 21.45
      vertex 126.275 138.744 21.45
      vertex 126.382 138.812 21.45
    endloop
  endfacet
  facet normal 0 0 -1
    outer loop
      vertex 127.029 136.828 21.45
      vertex 126.163 138.686 21.45
      vertex 126.275 138.744 21.45
    endloop
  endfacet
  facet normal 0 0 -1
    outer loop
      vertex 125.925 138.599 21.45
      vertex 126.456 136.619 21.45
      vertex 126.158 136.553 21.45
    endloop
  endfacet
  facet normal 0 0 -1
    outer loop
      vertex 126.747 136.711 21.45
      vertex 126.046 138.637 21.45
      vertex 126.163 138.686 21.45
    endloop
  endfacet
  facet normal 0 0 -1
    outer loop
      vertex 126.456 136.619 21.45
      vertex 125.925 138.599 21.45
      vertex 126.046 138.637 21.45
    endloop
  endfacet
  facet normal 0 0 -1
    outer loop
      vertex 125.802 138.572 21.45
      vertex 126.158 136.553 21.45
      vertex 125.855 136.513 21.45
    endloop
  endfacet
  facet normal 0 0 -1
    outer loop
      vertex 126.158 136.553 21.45
      vertex 125.802 138.572 21.45
      vertex 125.925 138.599 21.45
    endloop
  endfacet
  facet normal 0 0 -1
    outer loop
      vertex 125.855 136.513 21.45
      vertex 125.676 138.556 21.45
      vertex 125.802 138.572 21.45
    endloop
  endfacet
  facet normal 0 0 -1
    outer loop
      vertex 125.55 136.5 21.45
      vertex 125.676 138.556 21.45
      vertex 125.855 136.513 21.45
    endloop
  endfacet
  facet normal 0 0 -1
    outer loop
      vertex 125.55 136.5 21.45
      vertex 125.55 138.55 21.45
      vertex 125.676 138.556 21.45
    endloop
  endfacet
  facet normal 0 0 -1
    outer loop
      vertex 125.55 136.5 21.45
      vertex 125.424 138.556 21.45
      vertex 125.55 138.55 21.45
    endloop
  endfacet
  facet normal 0 0 -1
    outer loop
      vertex 125.245 136.513 21.45
      vertex 125.424 138.556 21.45
      vertex 125.55 136.5 21.45
    endloop
  endfacet
  facet normal -0 0 -1
    outer loop
      vertex 125.424 138.556 21.45
      vertex 125.245 136.513 21.45
      vertex 125.298 138.572 21.45
    endloop
  endfacet
  facet normal 0 0 -1
    outer loop
      vertex 124.942 136.553 21.45
      vertex 125.298 138.572 21.45
      vertex 125.245 136.513 21.45
    endloop
  endfacet
  facet normal -0 0 -1
    outer loop
      vertex 125.298 138.572 21.45
      vertex 124.942 136.553 21.45
      vertex 125.175 138.599 21.45
    endloop
  endfacet
  facet normal 0 0 -1
    outer loop
      vertex 124.644 136.619 21.45
      vertex 125.175 138.599 21.45
      vertex 124.942 136.553 21.45
    endloop
  endfacet
  facet normal -0 0 -1
    outer loop
      vertex 125.175 138.599 21.45
      vertex 124.644 136.619 21.45
      vertex 125.054 138.637 21.45
    endloop
  endfacet
  facet normal 0 0 -1
    outer loop
      vertex 124.353 136.711 21.45
      vertex 125.054 138.637 21.45
      vertex 124.644 136.619 21.45
    endloop
  endfacet
  facet normal -0 0 -1
    outer loop
      vertex 125.054 138.637 21.45
      vertex 124.353 136.711 21.45
      vertex 124.937 138.686 21.45
    endloop
  endfacet
  facet normal 0 0 -1
    outer loop
      vertex 124.071 136.828 21.45
      vertex 124.937 138.686 21.45
      vertex 124.353 136.711 21.45
    endloop
  endfacet
  facet normal -0 0 -1
    outer loop
      vertex 124.937 138.686 21.45
      vertex 124.071 136.828 21.45
      vertex 124.825 138.744 21.45
    endloop
  endfacet
  facet normal 0 0 -1
    outer loop
      vertex 123.8 136.969 21.45
      vertex 124.825 138.744 21.45
      vertex 124.071 136.828 21.45
    endloop
  endfacet
  facet normal -0 0 -1
    outer loop
      vertex 124.825 138.744 21.45
      vertex 123.8 136.969 21.45
      vertex 124.718 138.812 21.45
    endloop
  endfacet
  facet normal 0 0 -1
    outer loop
      vertex 123.542 137.133 21.45
      vertex 124.718 138.812 21.45
      vertex 123.8 136.969 21.45
    endloop
  endfacet
  facet normal -0 0 -1
    outer loop
      vertex 124.718 138.812 21.45
      vertex 123.542 137.133 21.45
      vertex 124.618 138.889 21.45
    endloop
  endfacet
  facet normal 0 0 -1
    outer loop
      vertex 123.3 137.319 21.45
      vertex 124.618 138.889 21.45
      vertex 123.542 137.133 21.45
    endloop
  endfacet
  facet normal -0 0 -1
    outer loop
      vertex 124.618 138.889 21.45
      vertex 123.3 137.319 21.45
      vertex 124.525 138.975 21.45
    endloop
  endfacet
  facet normal 0 0 -1
    outer loop
      vertex 123.075 137.525 21.45
      vertex 124.525 138.975 21.45
      vertex 123.3 137.319 21.45
    endloop
  endfacet
  facet normal -0 0 -1
    outer loop
      vertex 124.525 138.975 21.45
      vertex 123.075 137.525 21.45
      vertex 124.439 139.068 21.45
    endloop
  endfacet
  facet normal 0 0 -1
    outer loop
      vertex 122.869 137.75 21.45
      vertex 124.439 139.068 21.45
      vertex 123.075 137.525 21.45
    endloop
  endfacet
  facet normal -0 0 -1
    outer loop
      vertex 124.439 139.068 21.45
      vertex 122.869 137.75 21.45
      vertex 124.362 139.168 21.45
    endloop
  endfacet
  facet normal -0 0 -1
    outer loop
      vertex 124.362 139.168 21.45
      vertex 122.683 137.992 21.45
      vertex 124.294 139.275 21.45
    endloop
  endfacet
  facet normal 0 0 -1
    outer loop
      vertex 122.683 137.992 21.45
      vertex 124.362 139.168 21.45
      vertex 122.869 137.75 21.45
    endloop
  endfacet
  facet normal 0 0 -1
    outer loop
      vertex 126.482 114.889 21.45
      vertex 127.8 113.304 21.45
      vertex 127.558 113.133 21.45
    endloop
  endfacet
  facet normal 0 0 -1
    outer loop
      vertex 127.8 113.304 21.45
      vertex 127 116 21.45
      vertex 127.8 118.696 21.45
    endloop
  endfacet
  facet normal 0 0 -1
    outer loop
      vertex 126.382 114.812 21.45
      vertex 127.558 113.133 21.45
      vertex 127.3 112.969 21.45
    endloop
  endfacet
  facet normal 0 0 -1
    outer loop
      vertex 126.994 116.126 21.45
      vertex 127.8 118.696 21.45
      vertex 127 116 21.45
    endloop
  endfacet
  facet normal 0 0 -1
    outer loop
      vertex 126.275 114.744 21.45
      vertex 127.3 112.969 21.45
      vertex 127.029 112.828 21.45
    endloop
  endfacet
  facet normal 0 0 -1
    outer loop
      vertex 126.978 116.252 21.45
      vertex 127.8 118.696 21.45
      vertex 126.994 116.126 21.45
    endloop
  endfacet
  facet normal 0 0 -1
    outer loop
      vertex 126.951 116.375 21.45
      vertex 127.8 118.696 21.45
      vertex 126.978 116.252 21.45
    endloop
  endfacet
  facet normal 0 0 -1
    outer loop
      vertex 127.8 113.304 21.45
      vertex 126.994 115.874 21.45
      vertex 127 116 21.45
    endloop
  endfacet
  facet normal 0 0 -1
    outer loop
      vertex 127.8 113.304 21.45
      vertex 126.978 115.748 21.45
      vertex 126.994 115.874 21.45
    endloop
  endfacet
  facet normal 0 0 -1
    outer loop
      vertex 127.8 113.304 21.45
      vertex 126.951 115.625 21.45
      vertex 126.978 115.748 21.45
    endloop
  endfacet
  facet normal 0 0 -1
    outer loop
      vertex 127.8 113.304 21.45
      vertex 126.913 115.504 21.45
      vertex 126.951 115.625 21.45
    endloop
  endfacet
  facet normal 0 0 -1
    outer loop
      vertex 127.8 113.304 21.45
      vertex 126.864 115.387 21.45
      vertex 126.913 115.504 21.45
    endloop
  endfacet
  facet normal 0 0 -1
    outer loop
      vertex 127.8 113.304 21.45
      vertex 126.806 115.275 21.45
      vertex 126.864 115.387 21.45
    endloop
  endfacet
  facet normal 0 0 -1
    outer loop
      vertex 126.163 114.686 21.45
      vertex 127.029 112.828 21.45
      vertex 126.747 112.711 21.45
    endloop
  endfacet
  facet normal 0 0 -1
    outer loop
      vertex 127.8 113.304 21.45
      vertex 126.738 115.168 21.45
      vertex 126.806 115.275 21.45
    endloop
  endfacet
  facet normal 0 0 -1
    outer loop
      vertex 127.8 113.304 21.45
      vertex 126.661 115.068 21.45
      vertex 126.738 115.168 21.45
    endloop
  endfacet
  facet normal 0 0 -1
    outer loop
      vertex 127.8 113.304 21.45
      vertex 126.575 114.975 21.45
      vertex 126.661 115.068 21.45
    endloop
  endfacet
  facet normal 0 0 -1
    outer loop
      vertex 127.8 113.304 21.45
      vertex 126.482 114.889 21.45
      vertex 126.575 114.975 21.45
    endloop
  endfacet
  facet normal 0 0 -1
    outer loop
      vertex 126.046 114.637 21.45
      vertex 126.747 112.711 21.45
      vertex 126.456 112.619 21.45
    endloop
  endfacet
  facet normal 0 0 -1
    outer loop
      vertex 127.558 113.133 21.45
      vertex 126.382 114.812 21.45
      vertex 126.482 114.889 21.45
    endloop
  endfacet
  facet normal 0 0 -1
    outer loop
      vertex 127.3 112.969 21.45
      vertex 126.275 114.744 21.45
      vertex 126.382 114.812 21.45
    endloop
  endfacet
  facet normal 0 0 -1
    outer loop
      vertex 127.029 112.828 21.45
      vertex 126.163 114.686 21.45
      vertex 126.275 114.744 21.45
    endloop
  endfacet
  facet normal 0 0 -1
    outer loop
      vertex 125.925 114.599 21.45
      vertex 126.456 112.619 21.45
      vertex 126.158 112.553 21.45
    endloop
  endfacet
  facet normal 0 0 -1
    outer loop
      vertex 126.747 112.711 21.45
      vertex 126.046 114.637 21.45
      vertex 126.163 114.686 21.45
    endloop
  endfacet
  facet normal 0 0 -1
    outer loop
      vertex 126.456 112.619 21.45
      vertex 125.925 114.599 21.45
      vertex 126.046 114.637 21.45
    endloop
  endfacet
  facet normal 0 0 -1
    outer loop
      vertex 125.802 114.572 21.45
      vertex 126.158 112.553 21.45
      vertex 125.855 112.513 21.45
    endloop
  endfacet
  facet normal 0 0 -1
    outer loop
      vertex 126.158 112.553 21.45
      vertex 125.802 114.572 21.45
      vertex 125.925 114.599 21.45
    endloop
  endfacet
  facet normal 0 0 -1
    outer loop
      vertex 125.855 112.513 21.45
      vertex 125.676 114.556 21.45
      vertex 125.802 114.572 21.45
    endloop
  endfacet
  facet normal 0 0 -1
    outer loop
      vertex 125.55 112.5 21.45
      vertex 125.676 114.556 21.45
      vertex 125.855 112.513 21.45
    endloop
  endfacet
  facet normal 0 0 -1
    outer loop
      vertex 125.55 112.5 21.45
      vertex 125.55 114.55 21.45
      vertex 125.676 114.556 21.45
    endloop
  endfacet
  facet normal 0 0 -1
    outer loop
      vertex 125.55 112.5 21.45
      vertex 125.424 114.556 21.45
      vertex 125.55 114.55 21.45
    endloop
  endfacet
  facet normal 0 0 -1
    outer loop
      vertex 125.245 112.513 21.45
      vertex 125.424 114.556 21.45
      vertex 125.55 112.5 21.45
    endloop
  endfacet
  facet normal -0 0 -1
    outer loop
      vertex 125.424 114.556 21.45
      vertex 125.245 112.513 21.45
      vertex 125.298 114.572 21.45
    endloop
  endfacet
  facet normal 0 0 -1
    outer loop
      vertex 124.942 112.553 21.45
      vertex 125.298 114.572 21.45
      vertex 125.245 112.513 21.45
    endloop
  endfacet
  facet normal -0 0 -1
    outer loop
      vertex 125.298 114.572 21.45
      vertex 124.942 112.553 21.45
      vertex 125.175 114.599 21.45
    endloop
  endfacet
  facet normal 0 0 -1
    outer loop
      vertex 124.644 112.619 21.45
      vertex 125.175 114.599 21.45
      vertex 124.942 112.553 21.45
    endloop
  endfacet
  facet normal -0 0 -1
    outer loop
      vertex 125.175 114.599 21.45
      vertex 124.644 112.619 21.45
      vertex 125.054 114.637 21.45
    endloop
  endfacet
  facet normal 0 0 -1
    outer loop
      vertex 124.353 112.711 21.45
      vertex 125.054 114.637 21.45
      vertex 124.644 112.619 21.45
    endloop
  endfacet
  facet normal -0 0 -1
    outer loop
      vertex 125.054 114.637 21.45
      vertex 124.353 112.711 21.45
      vertex 124.937 114.686 21.45
    endloop
  endfacet
  facet normal 0 0 -1
    outer loop
      vertex 124.071 112.828 21.45
      vertex 124.937 114.686 21.45
      vertex 124.353 112.711 21.45
    endloop
  endfacet
  facet normal -0 0 -1
    outer loop
      vertex 124.937 114.686 21.45
      vertex 124.071 112.828 21.45
      vertex 124.825 114.744 21.45
    endloop
  endfacet
  facet normal 0 0 -1
    outer loop
      vertex 123.8 112.969 21.45
      vertex 124.825 114.744 21.45
      vertex 124.071 112.828 21.45
    endloop
  endfacet
  facet normal -0 0 -1
    outer loop
      vertex 124.825 114.744 21.45
      vertex 123.8 112.969 21.45
      vertex 124.718 114.812 21.45
    endloop
  endfacet
  facet normal 0 0 -1
    outer loop
      vertex 123.542 113.133 21.45
      vertex 124.718 114.812 21.45
      vertex 123.8 112.969 21.45
    endloop
  endfacet
  facet normal -0 0 -1
    outer loop
      vertex 124.718 114.812 21.45
      vertex 123.542 113.133 21.45
      vertex 124.618 114.889 21.45
    endloop
  endfacet
  facet normal 0 0 -1
    outer loop
      vertex 123.3 113.319 21.45
      vertex 124.618 114.889 21.45
      vertex 123.542 113.133 21.45
    endloop
  endfacet
  facet normal -0 0 -1
    outer loop
      vertex 124.618 114.889 21.45
      vertex 123.3 113.319 21.45
      vertex 124.525 114.975 21.45
    endloop
  endfacet
  facet normal 0 0 -1
    outer loop
      vertex 123.075 113.525 21.45
      vertex 124.525 114.975 21.45
      vertex 123.3 113.319 21.45
    endloop
  endfacet
  facet normal -0 0 -1
    outer loop
      vertex 124.525 114.975 21.45
      vertex 123.075 113.525 21.45
      vertex 124.439 115.068 21.45
    endloop
  endfacet
  facet normal 0 0 -1
    outer loop
      vertex 122.869 113.75 21.45
      vertex 124.439 115.068 21.45
      vertex 123.075 113.525 21.45
    endloop
  endfacet
  facet normal -0 0 -1
    outer loop
      vertex 124.439 115.068 21.45
      vertex 122.869 113.75 21.45
      vertex 124.362 115.168 21.45
    endloop
  endfacet
  facet normal -0 0 -1
    outer loop
      vertex 124.362 115.168 21.45
      vertex 122.683 113.992 21.45
      vertex 124.294 115.275 21.45
    endloop
  endfacet
  facet normal 0 0 -1
    outer loop
      vertex 122.683 113.992 21.45
      vertex 124.362 115.168 21.45
      vertex 122.869 113.75 21.45
    endloop
  endfacet
  facet normal 0 0 -1
    outer loop
      vertex 126.913 116.496 21.45
      vertex 127.8 118.696 21.45
      vertex 126.951 116.375 21.45
    endloop
  endfacet
  facet normal 0 0 -1
    outer loop
      vertex 126.864 116.613 21.45
      vertex 127.8 118.696 21.45
      vertex 126.913 116.496 21.45
    endloop
  endfacet
  facet normal 0 0 -1
    outer loop
      vertex 126.806 116.725 21.45
      vertex 127.8 118.696 21.45
      vertex 126.864 116.613 21.45
    endloop
  endfacet
  facet normal 0 0 -1
    outer loop
      vertex 126.738 116.832 21.45
      vertex 127.8 118.696 21.45
      vertex 126.806 116.725 21.45
    endloop
  endfacet
  facet normal 0 0 -1
    outer loop
      vertex 126.661 116.932 21.45
      vertex 127.8 118.696 21.45
      vertex 126.738 116.832 21.45
    endloop
  endfacet
  facet normal 0 0 -1
    outer loop
      vertex 126.575 117.025 21.45
      vertex 127.8 118.696 21.45
      vertex 126.661 116.932 21.45
    endloop
  endfacet
  facet normal 0 0 -1
    outer loop
      vertex 126.482 117.111 21.45
      vertex 127.8 118.696 21.45
      vertex 126.575 117.025 21.45
    endloop
  endfacet
  facet normal -0 0 -1
    outer loop
      vertex 127.8 118.696 21.45
      vertex 126.482 117.111 21.45
      vertex 127.558 118.867 21.45
    endloop
  endfacet
  facet normal 0 0 -1
    outer loop
      vertex 126.382 117.188 21.45
      vertex 127.558 118.867 21.45
      vertex 126.482 117.111 21.45
    endloop
  endfacet
  facet normal -0 0 -1
    outer loop
      vertex 127.558 118.867 21.45
      vertex 126.382 117.188 21.45
      vertex 127.3 119.031 21.45
    endloop
  endfacet
  facet normal 0 0 -1
    outer loop
      vertex 126.275 117.256 21.45
      vertex 127.3 119.031 21.45
      vertex 126.382 117.188 21.45
    endloop
  endfacet
  facet normal -0 0 -1
    outer loop
      vertex 127.3 119.031 21.45
      vertex 126.275 117.256 21.45
      vertex 127.029 119.172 21.45
    endloop
  endfacet
  facet normal 0 0 -1
    outer loop
      vertex 126.163 117.314 21.45
      vertex 127.029 119.172 21.45
      vertex 126.275 117.256 21.45
    endloop
  endfacet
  facet normal -0 0 -1
    outer loop
      vertex 127.029 119.172 21.45
      vertex 126.163 117.314 21.45
      vertex 126.747 119.289 21.45
    endloop
  endfacet
  facet normal 0 0 -1
    outer loop
      vertex 126.046 117.363 21.45
      vertex 126.747 119.289 21.45
      vertex 126.163 117.314 21.45
    endloop
  endfacet
  facet normal -0 0 -1
    outer loop
      vertex 126.747 119.289 21.45
      vertex 126.046 117.363 21.45
      vertex 126.456 119.381 21.45
    endloop
  endfacet
  facet normal 0 0 -1
    outer loop
      vertex 125.925 117.401 21.45
      vertex 126.456 119.381 21.45
      vertex 126.046 117.363 21.45
    endloop
  endfacet
  facet normal -0 0 -1
    outer loop
      vertex 126.456 119.381 21.45
      vertex 125.925 117.401 21.45
      vertex 126.158 119.447 21.45
    endloop
  endfacet
  facet normal 0 0 -1
    outer loop
      vertex 125.802 117.428 21.45
      vertex 126.158 119.447 21.45
      vertex 125.925 117.401 21.45
    endloop
  endfacet
  facet normal -0 0 -1
    outer loop
      vertex 126.158 119.447 21.45
      vertex 125.802 117.428 21.45
      vertex 125.855 119.487 21.45
    endloop
  endfacet
  facet normal 0 0 -1
    outer loop
      vertex 125.676 117.444 21.45
      vertex 125.855 119.487 21.45
      vertex 125.802 117.428 21.45
    endloop
  endfacet
  facet normal 0 0 -1
    outer loop
      vertex 125.55 117.45 21.45
      vertex 125.855 119.487 21.45
      vertex 125.676 117.444 21.45
    endloop
  endfacet
  facet normal 0 0 -1
    outer loop
      vertex 125.55 117.45 21.45
      vertex 125.55 119.5 21.45
      vertex 125.855 119.487 21.45
    endloop
  endfacet
  facet normal 0 0 -1
    outer loop
      vertex 125.424 117.444 21.45
      vertex 125.55 119.5 21.45
      vertex 125.55 117.45 21.45
    endloop
  endfacet
  facet normal 0 0 -1
    outer loop
      vertex 125.245 119.487 21.45
      vertex 125.424 117.444 21.45
      vertex 125.298 117.428 21.45
    endloop
  endfacet
  facet normal 0 0 -1
    outer loop
      vertex 125.424 117.444 21.45
      vertex 125.245 119.487 21.45
      vertex 125.55 119.5 21.45
    endloop
  endfacet
  facet normal 0 0 -1
    outer loop
      vertex 124.942 119.447 21.45
      vertex 125.298 117.428 21.45
      vertex 125.175 117.401 21.45
    endloop
  endfacet
  facet normal 0 0 -1
    outer loop
      vertex 124.644 119.381 21.45
      vertex 125.175 117.401 21.45
      vertex 125.054 117.363 21.45
    endloop
  endfacet
  facet normal 0 0 -1
    outer loop
      vertex 125.298 117.428 21.45
      vertex 124.942 119.447 21.45
      vertex 125.245 119.487 21.45
    endloop
  endfacet
  facet normal 0 0 -1
    outer loop
      vertex 124.353 119.289 21.45
      vertex 125.054 117.363 21.45
      vertex 124.937 117.314 21.45
    endloop
  endfacet
  facet normal 0 0 -1
    outer loop
      vertex 124.071 119.172 21.45
      vertex 124.937 117.314 21.45
      vertex 124.825 117.256 21.45
    endloop
  endfacet
  facet normal 0 0 -1
    outer loop
      vertex 123.8 119.031 21.45
      vertex 124.825 117.256 21.45
      vertex 124.718 117.188 21.45
    endloop
  endfacet
  facet normal 0 0 -1
    outer loop
      vertex 125.175 117.401 21.45
      vertex 124.644 119.381 21.45
      vertex 124.942 119.447 21.45
    endloop
  endfacet
  facet normal 0 0 -1
    outer loop
      vertex 123.542 118.867 21.45
      vertex 124.718 117.188 21.45
      vertex 124.618 117.111 21.45
    endloop
  endfacet
  facet normal 0 0 -1
    outer loop
      vertex 123.3 118.681 21.45
      vertex 124.618 117.111 21.45
      vertex 124.525 117.025 21.45
    endloop
  endfacet
  facet normal 0 0 -1
    outer loop
      vertex 123.075 118.475 21.45
      vertex 124.525 117.025 21.45
      vertex 124.439 116.932 21.45
    endloop
  endfacet
  facet normal 0 0 -1
    outer loop
      vertex 122.869 118.25 21.45
      vertex 124.439 116.932 21.45
      vertex 124.362 116.832 21.45
    endloop
  endfacet
  facet normal 0 0 -1
    outer loop
      vertex 125.054 117.363 21.45
      vertex 124.353 119.289 21.45
      vertex 124.644 119.381 21.45
    endloop
  endfacet
  facet normal 0 0 -1
    outer loop
      vertex 122.683 118.008 21.45
      vertex 124.362 116.832 21.45
      vertex 124.294 116.725 21.45
    endloop
  endfacet
  facet normal 0 0 -1
    outer loop
      vertex 122.519 117.75 21.45
      vertex 124.294 116.725 21.45
      vertex 124.236 116.613 21.45
    endloop
  endfacet
  facet normal 0 0 -1
    outer loop
      vertex 122.378 117.479 21.45
      vertex 124.236 116.613 21.45
      vertex 124.187 116.496 21.45
    endloop
  endfacet
  facet normal 0 0 -1
    outer loop
      vertex 122.261 117.197 21.45
      vertex 124.187 116.496 21.45
      vertex 124.149 116.375 21.45
    endloop
  endfacet
  facet normal 0 0 -1
    outer loop
      vertex 122.169 116.906 21.45
      vertex 124.149 116.375 21.45
      vertex 124.122 116.252 21.45
    endloop
  endfacet
  facet normal 0 0 -1
    outer loop
      vertex 122.103 116.608 21.45
      vertex 124.122 116.252 21.45
      vertex 124.106 116.126 21.45
    endloop
  endfacet
  facet normal 0 0 -1
    outer loop
      vertex 124.937 117.314 21.45
      vertex 124.071 119.172 21.45
      vertex 124.353 119.289 21.45
    endloop
  endfacet
  facet normal 0 0 -1
    outer loop
      vertex 122.063 116.305 21.45
      vertex 124.106 116.126 21.45
      vertex 124.1 116 21.45
    endloop
  endfacet
  facet normal 0 0 -1
    outer loop
      vertex 122.519 114.25 21.45
      vertex 124.294 115.275 21.45
      vertex 122.683 113.992 21.45
    endloop
  endfacet
  facet normal -0 0 -1
    outer loop
      vertex 124.294 115.275 21.45
      vertex 122.519 114.25 21.45
      vertex 124.236 115.387 21.45
    endloop
  endfacet
  facet normal 0 0 -1
    outer loop
      vertex 124.825 117.256 21.45
      vertex 123.8 119.031 21.45
      vertex 124.071 119.172 21.45
    endloop
  endfacet
  facet normal 0 0 -1
    outer loop
      vertex 122.378 114.521 21.45
      vertex 124.236 115.387 21.45
      vertex 122.519 114.25 21.45
    endloop
  endfacet
  facet normal 0 0 -1
    outer loop
      vertex 124.718 117.188 21.45
      vertex 123.542 118.867 21.45
      vertex 123.8 119.031 21.45
    endloop
  endfacet
  facet normal -0 0 -1
    outer loop
      vertex 124.236 115.387 21.45
      vertex 122.378 114.521 21.45
      vertex 124.187 115.504 21.45
    endloop
  endfacet
  facet normal 0 0 -1
    outer loop
      vertex 124.618 117.111 21.45
      vertex 123.3 118.681 21.45
      vertex 123.542 118.867 21.45
    endloop
  endfacet
  facet normal 0 0 -1
    outer loop
      vertex 122.261 114.803 21.45
      vertex 124.187 115.504 21.45
      vertex 122.378 114.521 21.45
    endloop
  endfacet
  facet normal 0 0 -1
    outer loop
      vertex 124.525 117.025 21.45
      vertex 123.075 118.475 21.45
      vertex 123.3 118.681 21.45
    endloop
  endfacet
  facet normal -0 0 -1
    outer loop
      vertex 124.187 115.504 21.45
      vertex 122.261 114.803 21.45
      vertex 124.149 115.625 21.45
    endloop
  endfacet
  facet normal 0 0 -1
    outer loop
      vertex 124.439 116.932 21.45
      vertex 122.869 118.25 21.45
      vertex 123.075 118.475 21.45
    endloop
  endfacet
  facet normal 0 0 -1
    outer loop
      vertex 122.169 115.094 21.45
      vertex 124.149 115.625 21.45
      vertex 122.261 114.803 21.45
    endloop
  endfacet
  facet normal 0 0 -1
    outer loop
      vertex 124.362 116.832 21.45
      vertex 122.683 118.008 21.45
      vertex 122.869 118.25 21.45
    endloop
  endfacet
  facet normal -0 0 -1
    outer loop
      vertex 124.149 115.625 21.45
      vertex 122.169 115.094 21.45
      vertex 124.122 115.748 21.45
    endloop
  endfacet
  facet normal 0 0 -1
    outer loop
      vertex 124.294 116.725 21.45
      vertex 122.519 117.75 21.45
      vertex 122.683 118.008 21.45
    endloop
  endfacet
  facet normal 0 0 -1
    outer loop
      vertex 122.103 115.392 21.45
      vertex 124.122 115.748 21.45
      vertex 122.169 115.094 21.45
    endloop
  endfacet
  facet normal 0 0 -1
    outer loop
      vertex 124.236 116.613 21.45
      vertex 122.378 117.479 21.45
      vertex 122.519 117.75 21.45
    endloop
  endfacet
  facet normal -0 0 -1
    outer loop
      vertex 124.122 115.748 21.45
      vertex 122.103 115.392 21.45
      vertex 124.106 115.874 21.45
    endloop
  endfacet
  facet normal 0 0 -1
    outer loop
      vertex 124.187 116.496 21.45
      vertex 122.261 117.197 21.45
      vertex 122.378 117.479 21.45
    endloop
  endfacet
  facet normal 0 0 -1
    outer loop
      vertex 122.063 115.695 21.45
      vertex 124.106 115.874 21.45
      vertex 122.103 115.392 21.45
    endloop
  endfacet
  facet normal 0 0 -1
    outer loop
      vertex 124.149 116.375 21.45
      vertex 122.169 116.906 21.45
      vertex 122.261 117.197 21.45
    endloop
  endfacet
  facet normal -0 0 -1
    outer loop
      vertex 124.106 115.874 21.45
      vertex 122.063 115.695 21.45
      vertex 124.1 116 21.45
    endloop
  endfacet
  facet normal 0 0 -1
    outer loop
      vertex 124.122 116.252 21.45
      vertex 122.103 116.608 21.45
      vertex 122.169 116.906 21.45
    endloop
  endfacet
  facet normal 0 0 -1
    outer loop
      vertex 122.05 116 21.45
      vertex 124.1 116 21.45
      vertex 122.063 115.695 21.45
    endloop
  endfacet
  facet normal 0 0 -1
    outer loop
      vertex 124.106 116.126 21.45
      vertex 122.063 116.305 21.45
      vertex 122.103 116.608 21.45
    endloop
  endfacet
  facet normal 0 0 -1
    outer loop
      vertex 124.1 116 21.45
      vertex 122.05 116 21.45
      vertex 122.063 116.305 21.45
    endloop
  endfacet
  facet normal 0 0 -1
    outer loop
      vertex 126.913 140.496 21.45
      vertex 127.8 142.696 21.45
      vertex 126.951 140.375 21.45
    endloop
  endfacet
  facet normal 0 0 -1
    outer loop
      vertex 126.864 140.613 21.45
      vertex 127.8 142.696 21.45
      vertex 126.913 140.496 21.45
    endloop
  endfacet
  facet normal 0 0 -1
    outer loop
      vertex 126.806 140.725 21.45
      vertex 127.8 142.696 21.45
      vertex 126.864 140.613 21.45
    endloop
  endfacet
  facet normal 0 0 -1
    outer loop
      vertex 126.738 140.832 21.45
      vertex 127.8 142.696 21.45
      vertex 126.806 140.725 21.45
    endloop
  endfacet
  facet normal 0 0 -1
    outer loop
      vertex 126.661 140.932 21.45
      vertex 127.8 142.696 21.45
      vertex 126.738 140.832 21.45
    endloop
  endfacet
  facet normal 0 0 -1
    outer loop
      vertex 126.575 141.025 21.45
      vertex 127.8 142.696 21.45
      vertex 126.661 140.932 21.45
    endloop
  endfacet
  facet normal 0 0 -1
    outer loop
      vertex 126.482 141.111 21.45
      vertex 127.8 142.696 21.45
      vertex 126.575 141.025 21.45
    endloop
  endfacet
  facet normal -0 0 -1
    outer loop
      vertex 127.8 142.696 21.45
      vertex 126.482 141.111 21.45
      vertex 127.558 142.867 21.45
    endloop
  endfacet
  facet normal 0 0 -1
    outer loop
      vertex 126.382 141.188 21.45
      vertex 127.558 142.867 21.45
      vertex 126.482 141.111 21.45
    endloop
  endfacet
  facet normal -0 0 -1
    outer loop
      vertex 127.558 142.867 21.45
      vertex 126.382 141.188 21.45
      vertex 127.3 143.031 21.45
    endloop
  endfacet
  facet normal 0 0 -1
    outer loop
      vertex 126.275 141.256 21.45
      vertex 127.3 143.031 21.45
      vertex 126.382 141.188 21.45
    endloop
  endfacet
  facet normal -0 0 -1
    outer loop
      vertex 127.3 143.031 21.45
      vertex 126.275 141.256 21.45
      vertex 127.029 143.172 21.45
    endloop
  endfacet
  facet normal 0 0 -1
    outer loop
      vertex 126.163 141.314 21.45
      vertex 127.029 143.172 21.45
      vertex 126.275 141.256 21.45
    endloop
  endfacet
  facet normal -0 0 -1
    outer loop
      vertex 127.029 143.172 21.45
      vertex 126.163 141.314 21.45
      vertex 126.747 143.289 21.45
    endloop
  endfacet
  facet normal 0 0 -1
    outer loop
      vertex 126.046 141.363 21.45
      vertex 126.747 143.289 21.45
      vertex 126.163 141.314 21.45
    endloop
  endfacet
  facet normal -0 0 -1
    outer loop
      vertex 126.747 143.289 21.45
      vertex 126.046 141.363 21.45
      vertex 126.456 143.381 21.45
    endloop
  endfacet
  facet normal 0 0 -1
    outer loop
      vertex 125.925 141.401 21.45
      vertex 126.456 143.381 21.45
      vertex 126.046 141.363 21.45
    endloop
  endfacet
  facet normal -0 0 -1
    outer loop
      vertex 126.456 143.381 21.45
      vertex 125.925 141.401 21.45
      vertex 126.158 143.447 21.45
    endloop
  endfacet
  facet normal 0 0 -1
    outer loop
      vertex 125.802 141.428 21.45
      vertex 126.158 143.447 21.45
      vertex 125.925 141.401 21.45
    endloop
  endfacet
  facet normal -0 0 -1
    outer loop
      vertex 126.158 143.447 21.45
      vertex 125.802 141.428 21.45
      vertex 125.855 143.487 21.45
    endloop
  endfacet
  facet normal 0 0 -1
    outer loop
      vertex 125.676 141.444 21.45
      vertex 125.855 143.487 21.45
      vertex 125.802 141.428 21.45
    endloop
  endfacet
  facet normal 0 0 -1
    outer loop
      vertex 125.55 141.45 21.45
      vertex 125.855 143.487 21.45
      vertex 125.676 141.444 21.45
    endloop
  endfacet
  facet normal 0 0 -1
    outer loop
      vertex 125.55 141.45 21.45
      vertex 125.55 143.5 21.45
      vertex 125.855 143.487 21.45
    endloop
  endfacet
  facet normal 0 0 -1
    outer loop
      vertex 125.424 141.444 21.45
      vertex 125.55 143.5 21.45
      vertex 125.55 141.45 21.45
    endloop
  endfacet
  facet normal 0 0 -1
    outer loop
      vertex 125.245 143.487 21.45
      vertex 125.424 141.444 21.45
      vertex 125.298 141.428 21.45
    endloop
  endfacet
  facet normal 0 0 -1
    outer loop
      vertex 125.424 141.444 21.45
      vertex 125.245 143.487 21.45
      vertex 125.55 143.5 21.45
    endloop
  endfacet
  facet normal 0 0 -1
    outer loop
      vertex 124.942 143.447 21.45
      vertex 125.298 141.428 21.45
      vertex 125.175 141.401 21.45
    endloop
  endfacet
  facet normal 0 0 -1
    outer loop
      vertex 124.644 143.381 21.45
      vertex 125.175 141.401 21.45
      vertex 125.054 141.363 21.45
    endloop
  endfacet
  facet normal 0 0 -1
    outer loop
      vertex 125.298 141.428 21.45
      vertex 124.942 143.447 21.45
      vertex 125.245 143.487 21.45
    endloop
  endfacet
  facet normal 0 0 -1
    outer loop
      vertex 124.353 143.289 21.45
      vertex 125.054 141.363 21.45
      vertex 124.937 141.314 21.45
    endloop
  endfacet
  facet normal 0 0 -1
    outer loop
      vertex 124.071 143.172 21.45
      vertex 124.937 141.314 21.45
      vertex 124.825 141.256 21.45
    endloop
  endfacet
  facet normal 0 0 -1
    outer loop
      vertex 123.8 143.031 21.45
      vertex 124.825 141.256 21.45
      vertex 124.718 141.188 21.45
    endloop
  endfacet
  facet normal 0 0 -1
    outer loop
      vertex 125.175 141.401 21.45
      vertex 124.644 143.381 21.45
      vertex 124.942 143.447 21.45
    endloop
  endfacet
  facet normal 0 0 -1
    outer loop
      vertex 123.542 142.867 21.45
      vertex 124.718 141.188 21.45
      vertex 124.618 141.111 21.45
    endloop
  endfacet
  facet normal 0 0 -1
    outer loop
      vertex 123.3 142.681 21.45
      vertex 124.618 141.111 21.45
      vertex 124.525 141.025 21.45
    endloop
  endfacet
  facet normal 0 0 -1
    outer loop
      vertex 123.075 142.475 21.45
      vertex 124.525 141.025 21.45
      vertex 124.439 140.932 21.45
    endloop
  endfacet
  facet normal 0 0 -1
    outer loop
      vertex 122.869 142.25 21.45
      vertex 124.439 140.932 21.45
      vertex 124.362 140.832 21.45
    endloop
  endfacet
  facet normal 0 0 -1
    outer loop
      vertex 125.054 141.363 21.45
      vertex 124.353 143.289 21.45
      vertex 124.644 143.381 21.45
    endloop
  endfacet
  facet normal 0 0 -1
    outer loop
      vertex 122.683 142.008 21.45
      vertex 124.362 140.832 21.45
      vertex 124.294 140.725 21.45
    endloop
  endfacet
  facet normal 0 0 -1
    outer loop
      vertex 122.519 141.75 21.45
      vertex 124.294 140.725 21.45
      vertex 124.236 140.613 21.45
    endloop
  endfacet
  facet normal 0 0 -1
    outer loop
      vertex 122.378 141.479 21.45
      vertex 124.236 140.613 21.45
      vertex 124.187 140.496 21.45
    endloop
  endfacet
  facet normal 0 0 -1
    outer loop
      vertex 122.261 141.197 21.45
      vertex 124.187 140.496 21.45
      vertex 124.149 140.375 21.45
    endloop
  endfacet
  facet normal 0 0 -1
    outer loop
      vertex 122.169 140.906 21.45
      vertex 124.149 140.375 21.45
      vertex 124.122 140.252 21.45
    endloop
  endfacet
  facet normal 0 0 -1
    outer loop
      vertex 122.103 140.608 21.45
      vertex 124.122 140.252 21.45
      vertex 124.106 140.126 21.45
    endloop
  endfacet
  facet normal 0 0 -1
    outer loop
      vertex 124.937 141.314 21.45
      vertex 124.071 143.172 21.45
      vertex 124.353 143.289 21.45
    endloop
  endfacet
  facet normal 0 0 -1
    outer loop
      vertex 122.063 140.305 21.45
      vertex 124.106 140.126 21.45
      vertex 124.1 140 21.45
    endloop
  endfacet
  facet normal 0 0 -1
    outer loop
      vertex 122.519 138.25 21.45
      vertex 124.294 139.275 21.45
      vertex 122.683 137.992 21.45
    endloop
  endfacet
  facet normal -0 0 -1
    outer loop
      vertex 124.294 139.275 21.45
      vertex 122.519 138.25 21.45
      vertex 124.236 139.387 21.45
    endloop
  endfacet
  facet normal 0 0 -1
    outer loop
      vertex 124.825 141.256 21.45
      vertex 123.8 143.031 21.45
      vertex 124.071 143.172 21.45
    endloop
  endfacet
  facet normal 0 0 -1
    outer loop
      vertex 122.378 138.521 21.45
      vertex 124.236 139.387 21.45
      vertex 122.519 138.25 21.45
    endloop
  endfacet
  facet normal 0 0 -1
    outer loop
      vertex 124.718 141.188 21.45
      vertex 123.542 142.867 21.45
      vertex 123.8 143.031 21.45
    endloop
  endfacet
  facet normal -0 0 -1
    outer loop
      vertex 124.236 139.387 21.45
      vertex 122.378 138.521 21.45
      vertex 124.187 139.504 21.45
    endloop
  endfacet
  facet normal 0 0 -1
    outer loop
      vertex 124.618 141.111 21.45
      vertex 123.3 142.681 21.45
      vertex 123.542 142.867 21.45
    endloop
  endfacet
  facet normal 0 0 -1
    outer loop
      vertex 122.261 138.803 21.45
      vertex 124.187 139.504 21.45
      vertex 122.378 138.521 21.45
    endloop
  endfacet
  facet normal 0 0 -1
    outer loop
      vertex 124.525 141.025 21.45
      vertex 123.075 142.475 21.45
      vertex 123.3 142.681 21.45
    endloop
  endfacet
  facet normal -0 0 -1
    outer loop
      vertex 124.187 139.504 21.45
      vertex 122.261 138.803 21.45
      vertex 124.149 139.625 21.45
    endloop
  endfacet
  facet normal 0 0 -1
    outer loop
      vertex 124.439 140.932 21.45
      vertex 122.869 142.25 21.45
      vertex 123.075 142.475 21.45
    endloop
  endfacet
  facet normal 0 0 -1
    outer loop
      vertex 122.169 139.094 21.45
      vertex 124.149 139.625 21.45
      vertex 122.261 138.803 21.45
    endloop
  endfacet
  facet normal 0 0 -1
    outer loop
      vertex 124.362 140.832 21.45
      vertex 122.683 142.008 21.45
      vertex 122.869 142.25 21.45
    endloop
  endfacet
  facet normal -0 0 -1
    outer loop
      vertex 124.149 139.625 21.45
      vertex 122.169 139.094 21.45
      vertex 124.122 139.748 21.45
    endloop
  endfacet
  facet normal 0 0 -1
    outer loop
      vertex 124.294 140.725 21.45
      vertex 122.519 141.75 21.45
      vertex 122.683 142.008 21.45
    endloop
  endfacet
  facet normal 0 0 -1
    outer loop
      vertex 122.103 139.392 21.45
      vertex 124.122 139.748 21.45
      vertex 122.169 139.094 21.45
    endloop
  endfacet
  facet normal 0 0 -1
    outer loop
      vertex 124.236 140.613 21.45
      vertex 122.378 141.479 21.45
      vertex 122.519 141.75 21.45
    endloop
  endfacet
  facet normal -0 0 -1
    outer loop
      vertex 124.122 139.748 21.45
      vertex 122.103 139.392 21.45
      vertex 124.106 139.874 21.45
    endloop
  endfacet
  facet normal 0 0 -1
    outer loop
      vertex 124.187 140.496 21.45
      vertex 122.261 141.197 21.45
      vertex 122.378 141.479 21.45
    endloop
  endfacet
  facet normal 0 0 -1
    outer loop
      vertex 122.063 139.695 21.45
      vertex 124.106 139.874 21.45
      vertex 122.103 139.392 21.45
    endloop
  endfacet
  facet normal 0 0 -1
    outer loop
      vertex 124.149 140.375 21.45
      vertex 122.169 140.906 21.45
      vertex 122.261 141.197 21.45
    endloop
  endfacet
  facet normal -0 0 -1
    outer loop
      vertex 124.106 139.874 21.45
      vertex 122.063 139.695 21.45
      vertex 124.1 140 21.45
    endloop
  endfacet
  facet normal 0 0 -1
    outer loop
      vertex 124.122 140.252 21.45
      vertex 122.103 140.608 21.45
      vertex 122.169 140.906 21.45
    endloop
  endfacet
  facet normal 0 0 -1
    outer loop
      vertex 122.05 140 21.45
      vertex 124.1 140 21.45
      vertex 122.063 139.695 21.45
    endloop
  endfacet
  facet normal 0 0 -1
    outer loop
      vertex 124.106 140.126 21.45
      vertex 122.063 140.305 21.45
      vertex 122.103 140.608 21.45
    endloop
  endfacet
  facet normal 0 0 -1
    outer loop
      vertex 124.1 140 21.45
      vertex 122.05 140 21.45
      vertex 122.063 140.305 21.45
    endloop
  endfacet
  facet normal 0 0 -1
    outer loop
      vertex 154.91 110.487 21.45
      vertex 157.2 110.1 21.45
      vertex 157.189 109.856 21.45
    endloop
  endfacet
  facet normal 0 0 -1
    outer loop
      vertex 157.2 110.1 21.45
      vertex 155 111 21.45
      vertex 157.2 145.9 21.45
    endloop
  endfacet
  facet normal 0 0 -1
    outer loop
      vertex 154.859 110.366 21.45
      vertex 157.189 109.856 21.45
      vertex 157.157 109.614 21.45
    endloop
  endfacet
  facet normal 0 0 -1
    outer loop
      vertex 155 145 21.45
      vertex 157.2 145.9 21.45
      vertex 155 111 21.45
    endloop
  endfacet
  facet normal 0 0 -1
    outer loop
      vertex 154.859 110.366 21.45
      vertex 157.157 109.614 21.45
      vertex 157.105 109.375 21.45
    endloop
  endfacet
  facet normal 0 0 -1
    outer loop
      vertex 154.994 145.131 21.45
      vertex 157.2 145.9 21.45
      vertex 155 145 21.45
    endloop
  endfacet
  facet normal 0 0 -1
    outer loop
      vertex 154.799 110.25 21.45
      vertex 157.105 109.375 21.45
      vertex 157.031 109.142 21.45
    endloop
  endfacet
  facet normal 0 0 -1
    outer loop
      vertex 154.977 145.26 21.45
      vertex 157.2 145.9 21.45
      vertex 154.994 145.131 21.45
    endloop
  endfacet
  facet normal 0 0 -1
    outer loop
      vertex 154.799 110.25 21.45
      vertex 157.031 109.142 21.45
      vertex 156.938 108.917 21.45
    endloop
  endfacet
  facet normal 0 0 -1
    outer loop
      vertex 154.949 145.388 21.45
      vertex 157.2 145.9 21.45
      vertex 154.977 145.26 21.45
    endloop
  endfacet
  facet normal 0 0 -1
    outer loop
      vertex 154.729 110.14 21.45
      vertex 156.938 108.917 21.45
      vertex 156.825 108.7 21.45
    endloop
  endfacet
  facet normal 0 0 -1
    outer loop
      vertex 154.91 145.513 21.45
      vertex 157.2 145.9 21.45
      vertex 154.949 145.388 21.45
    endloop
  endfacet
  facet normal 0 0 -1
    outer loop
      vertex 154.649 110.036 21.45
      vertex 156.825 108.7 21.45
      vertex 156.694 108.494 21.45
    endloop
  endfacet
  facet normal -0 0 -1
    outer loop
      vertex 157.2 145.9 21.45
      vertex 154.91 145.513 21.45
      vertex 157.189 146.144 21.45
    endloop
  endfacet
  facet normal 0 0 -1
    outer loop
      vertex 154.649 110.036 21.45
      vertex 156.694 108.494 21.45
      vertex 156.545 108.3 21.45
    endloop
  endfacet
  facet normal 0 0 -1
    outer loop
      vertex 154.859 145.634 21.45
      vertex 157.189 146.144 21.45
      vertex 154.91 145.513 21.45
    endloop
  endfacet
  facet normal 0 0 -1
    outer loop
      vertex 154.561 109.939 21.45
      vertex 156.545 108.3 21.45
      vertex 156.38 108.12 21.45
    endloop
  endfacet
  facet normal -0 0 -1
    outer loop
      vertex 157.189 146.144 21.45
      vertex 154.859 145.634 21.45
      vertex 157.157 146.386 21.45
    endloop
  endfacet
  facet normal 0 0 -1
    outer loop
      vertex 154.561 109.939 21.45
      vertex 156.38 108.12 21.45
      vertex 156.2 107.955 21.45
    endloop
  endfacet
  facet normal -0 0 -1
    outer loop
      vertex 157.157 146.386 21.45
      vertex 154.859 145.634 21.45
      vertex 157.105 146.625 21.45
    endloop
  endfacet
  facet normal 0 0 -1
    outer loop
      vertex 154.464 109.851 21.45
      vertex 156.2 107.955 21.45
      vertex 156.006 107.806 21.45
    endloop
  endfacet
  facet normal 0 0 -1
    outer loop
      vertex 154.799 145.75 21.45
      vertex 157.105 146.625 21.45
      vertex 154.859 145.634 21.45
    endloop
  endfacet
  facet normal 0 0 -1
    outer loop
      vertex 154.464 109.851 21.45
      vertex 156.006 107.806 21.45
      vertex 155.8 107.675 21.45
    endloop
  endfacet
  facet normal -0 0 -1
    outer loop
      vertex 157.105 146.625 21.45
      vertex 154.799 145.75 21.45
      vertex 157.031 146.858 21.45
    endloop
  endfacet
  facet normal 0 0 -1
    outer loop
      vertex 154.36 109.771 21.45
      vertex 155.8 107.675 21.45
      vertex 155.583 107.562 21.45
    endloop
  endfacet
  facet normal -0 0 -1
    outer loop
      vertex 157.031 146.858 21.45
      vertex 154.799 145.75 21.45
      vertex 156.938 147.083 21.45
    endloop
  endfacet
  facet normal 0 0 -1
    outer loop
      vertex 154.36 109.771 21.45
      vertex 155.583 107.562 21.45
      vertex 155.358 107.469 21.45
    endloop
  endfacet
  facet normal 0 0 -1
    outer loop
      vertex 154.729 145.86 21.45
      vertex 156.938 147.083 21.45
      vertex 154.799 145.75 21.45
    endloop
  endfacet
  facet normal 0 0 -1
    outer loop
      vertex 154.25 109.701 21.45
      vertex 155.358 107.469 21.45
      vertex 155.125 107.395 21.45
    endloop
  endfacet
  facet normal -0 0 -1
    outer loop
      vertex 156.938 147.083 21.45
      vertex 154.729 145.86 21.45
      vertex 156.825 147.3 21.45
    endloop
  endfacet
  facet normal 0 0 -1
    outer loop
      vertex 154.649 145.964 21.45
      vertex 156.825 147.3 21.45
      vertex 154.729 145.86 21.45
    endloop
  endfacet
  facet normal 0 0 -1
    outer loop
      vertex 157.2 110.1 21.45
      vertex 154.994 110.869 21.45
      vertex 155 111 21.45
    endloop
  endfacet
  facet normal 0 0 -1
    outer loop
      vertex 157.2 110.1 21.45
      vertex 154.977 110.74 21.45
      vertex 154.994 110.869 21.45
    endloop
  endfacet
  facet normal 0 0 -1
    outer loop
      vertex 157.2 110.1 21.45
      vertex 154.949 110.612 21.45
      vertex 154.977 110.74 21.45
    endloop
  endfacet
  facet normal 0 0 -1
    outer loop
      vertex 157.2 110.1 21.45
      vertex 154.91 110.487 21.45
      vertex 154.949 110.612 21.45
    endloop
  endfacet
  facet normal 0 0 -1
    outer loop
      vertex 154.134 109.641 21.45
      vertex 155.125 107.395 21.45
      vertex 154.886 107.343 21.45
    endloop
  endfacet
  facet normal 0 0 -1
    outer loop
      vertex 157.189 109.856 21.45
      vertex 154.859 110.366 21.45
      vertex 154.91 110.487 21.45
    endloop
  endfacet
  facet normal 0 0 -1
    outer loop
      vertex 157.105 109.375 21.45
      vertex 154.799 110.25 21.45
      vertex 154.859 110.366 21.45
    endloop
  endfacet
  facet normal 0 0 -1
    outer loop
      vertex 156.938 108.917 21.45
      vertex 154.729 110.14 21.45
      vertex 154.799 110.25 21.45
    endloop
  endfacet
  facet normal 0 0 -1
    outer loop
      vertex 156.825 108.7 21.45
      vertex 154.649 110.036 21.45
      vertex 154.729 110.14 21.45
    endloop
  endfacet
  facet normal 0 0 -1
    outer loop
      vertex 154.134 109.641 21.45
      vertex 154.886 107.343 21.45
      vertex 154.644 107.311 21.45
    endloop
  endfacet
  facet normal 0 0 -1
    outer loop
      vertex 156.545 108.3 21.45
      vertex 154.561 109.939 21.45
      vertex 154.649 110.036 21.45
    endloop
  endfacet
  facet normal 0 0 -1
    outer loop
      vertex 156.2 107.955 21.45
      vertex 154.464 109.851 21.45
      vertex 154.561 109.939 21.45
    endloop
  endfacet
  facet normal 0 0 -1
    outer loop
      vertex 154.013 109.59 21.45
      vertex 154.644 107.311 21.45
      vertex 154.4 107.3 21.45
    endloop
  endfacet
  facet normal 0 0 -1
    outer loop
      vertex 155.8 107.675 21.45
      vertex 154.36 109.771 21.45
      vertex 154.464 109.851 21.45
    endloop
  endfacet
  facet normal 0 0 -1
    outer loop
      vertex 155.358 107.469 21.45
      vertex 154.25 109.701 21.45
      vertex 154.36 109.771 21.45
    endloop
  endfacet
  facet normal 0 0 -1
    outer loop
      vertex 155.125 107.395 21.45
      vertex 154.134 109.641 21.45
      vertex 154.25 109.701 21.45
    endloop
  endfacet
  facet normal 0 0 -1
    outer loop
      vertex 154.644 107.311 21.45
      vertex 154.013 109.59 21.45
      vertex 154.134 109.641 21.45
    endloop
  endfacet
  facet normal 0 0 -1
    outer loop
      vertex 154.4 107.3 21.45
      vertex 153.888 109.551 21.45
      vertex 154.013 109.59 21.45
    endloop
  endfacet
  facet normal 0 0 -1
    outer loop
      vertex 154.4 107.3 21.45
      vertex 153.76 109.523 21.45
      vertex 153.888 109.551 21.45
    endloop
  endfacet
  facet normal 0 0 -1
    outer loop
      vertex 154.4 107.3 21.45
      vertex 153.631 109.506 21.45
      vertex 153.76 109.523 21.45
    endloop
  endfacet
  facet normal 0 0 -1
    outer loop
      vertex 154.4 107.3 21.45
      vertex 153.5 109.5 21.45
      vertex 153.631 109.506 21.45
    endloop
  endfacet
  facet normal 0 0 -1
    outer loop
      vertex 154.4 107.3 21.45
      vertex 131.5 109.5 21.45
      vertex 153.5 109.5 21.45
    endloop
  endfacet
  facet normal 0 0 -1
    outer loop
      vertex 130.6 107.3 21.45
      vertex 131.5 109.5 21.45
      vertex 154.4 107.3 21.45
    endloop
  endfacet
  facet normal -0 0 -1
    outer loop
      vertex 131.5 109.5 21.45
      vertex 130.6 107.3 21.45
      vertex 131.369 109.506 21.45
    endloop
  endfacet
  facet normal 0 0 -1
    outer loop
      vertex 130.6 107.3 21.45
      vertex 131.24 109.523 21.45
      vertex 131.369 109.506 21.45
    endloop
  endfacet
  facet normal 0 0 -1
    outer loop
      vertex 130.6 107.3 21.45
      vertex 131.112 109.551 21.45
      vertex 131.24 109.523 21.45
    endloop
  endfacet
  facet normal 0 0 -1
    outer loop
      vertex 130.6 107.3 21.45
      vertex 130.987 109.59 21.45
      vertex 131.112 109.551 21.45
    endloop
  endfacet
  facet normal 0 0 -1
    outer loop
      vertex 130.356 107.311 21.45
      vertex 130.987 109.59 21.45
      vertex 130.6 107.3 21.45
    endloop
  endfacet
  facet normal -0 0 -1
    outer loop
      vertex 130.987 109.59 21.45
      vertex 130.356 107.311 21.45
      vertex 130.866 109.641 21.45
    endloop
  endfacet
  facet normal 0 0 -1
    outer loop
      vertex 130.114 107.343 21.45
      vertex 130.866 109.641 21.45
      vertex 130.356 107.311 21.45
    endloop
  endfacet
  facet normal 0 0 -1
    outer loop
      vertex 129.875 107.395 21.45
      vertex 130.866 109.641 21.45
      vertex 130.114 107.343 21.45
    endloop
  endfacet
  facet normal -0 0 -1
    outer loop
      vertex 130.866 109.641 21.45
      vertex 129.875 107.395 21.45
      vertex 130.75 109.701 21.45
    endloop
  endfacet
  facet normal 0 0 -1
    outer loop
      vertex 129.642 107.469 21.45
      vertex 130.75 109.701 21.45
      vertex 129.875 107.395 21.45
    endloop
  endfacet
  facet normal -0 0 -1
    outer loop
      vertex 130.75 109.701 21.45
      vertex 129.642 107.469 21.45
      vertex 130.64 109.771 21.45
    endloop
  endfacet
  facet normal 0 0 -1
    outer loop
      vertex 129.417 107.562 21.45
      vertex 130.64 109.771 21.45
      vertex 129.642 107.469 21.45
    endloop
  endfacet
  facet normal 0 0 -1
    outer loop
      vertex 129.2 107.675 21.45
      vertex 130.64 109.771 21.45
      vertex 129.417 107.562 21.45
    endloop
  endfacet
  facet normal -0 0 -1
    outer loop
      vertex 130.64 109.771 21.45
      vertex 129.2 107.675 21.45
      vertex 130.536 109.851 21.45
    endloop
  endfacet
  facet normal 0 0 -1
    outer loop
      vertex 128.994 107.806 21.45
      vertex 130.536 109.851 21.45
      vertex 129.2 107.675 21.45
    endloop
  endfacet
  facet normal 0 0 -1
    outer loop
      vertex 128.8 107.955 21.45
      vertex 130.536 109.851 21.45
      vertex 128.994 107.806 21.45
    endloop
  endfacet
  facet normal -0 0 -1
    outer loop
      vertex 130.536 109.851 21.45
      vertex 128.8 107.955 21.45
      vertex 130.439 109.939 21.45
    endloop
  endfacet
  facet normal 0 0 -1
    outer loop
      vertex 128.62 108.12 21.45
      vertex 130.439 109.939 21.45
      vertex 128.8 107.955 21.45
    endloop
  endfacet
  facet normal 0 0 -1
    outer loop
      vertex 128.455 108.3 21.45
      vertex 130.439 109.939 21.45
      vertex 128.62 108.12 21.45
    endloop
  endfacet
  facet normal -0 0 -1
    outer loop
      vertex 130.439 109.939 21.45
      vertex 128.455 108.3 21.45
      vertex 130.351 110.036 21.45
    endloop
  endfacet
  facet normal 0 0 -1
    outer loop
      vertex 128.175 108.7 21.45
      vertex 130.351 110.036 21.45
      vertex 128.306 108.494 21.45
    endloop
  endfacet
  facet normal 0 0 -1
    outer loop
      vertex 128.306 108.494 21.45
      vertex 130.351 110.036 21.45
      vertex 128.455 108.3 21.45
    endloop
  endfacet
  facet normal -0 0 -1
    outer loop
      vertex 156.825 147.3 21.45
      vertex 154.649 145.964 21.45
      vertex 156.694 147.506 21.45
    endloop
  endfacet
  facet normal -0 0 -1
    outer loop
      vertex 156.694 147.506 21.45
      vertex 154.649 145.964 21.45
      vertex 156.545 147.7 21.45
    endloop
  endfacet
  facet normal 0 0 -1
    outer loop
      vertex 154.561 146.061 21.45
      vertex 156.545 147.7 21.45
      vertex 154.649 145.964 21.45
    endloop
  endfacet
  facet normal -0 0 -1
    outer loop
      vertex 156.545 147.7 21.45
      vertex 154.561 146.061 21.45
      vertex 156.38 147.88 21.45
    endloop
  endfacet
  facet normal -0 0 -1
    outer loop
      vertex 156.38 147.88 21.45
      vertex 154.561 146.061 21.45
      vertex 156.2 148.045 21.45
    endloop
  endfacet
  facet normal 0 0 -1
    outer loop
      vertex 154.464 146.149 21.45
      vertex 156.2 148.045 21.45
      vertex 154.561 146.061 21.45
    endloop
  endfacet
  facet normal -0 0 -1
    outer loop
      vertex 156.2 148.045 21.45
      vertex 154.464 146.149 21.45
      vertex 156.006 148.194 21.45
    endloop
  endfacet
  facet normal -0 0 -1
    outer loop
      vertex 156.006 148.194 21.45
      vertex 154.464 146.149 21.45
      vertex 155.8 148.325 21.45
    endloop
  endfacet
  facet normal 0 0 -1
    outer loop
      vertex 154.36 146.229 21.45
      vertex 155.8 148.325 21.45
      vertex 154.464 146.149 21.45
    endloop
  endfacet
  facet normal -0 0 -1
    outer loop
      vertex 155.8 148.325 21.45
      vertex 154.36 146.229 21.45
      vertex 155.583 148.438 21.45
    endloop
  endfacet
  facet normal -0 0 -1
    outer loop
      vertex 155.583 148.438 21.45
      vertex 154.36 146.229 21.45
      vertex 155.358 148.531 21.45
    endloop
  endfacet
  facet normal 0 0 -1
    outer loop
      vertex 154.25 146.299 21.45
      vertex 155.358 148.531 21.45
      vertex 154.36 146.229 21.45
    endloop
  endfacet
  facet normal -0 0 -1
    outer loop
      vertex 155.358 148.531 21.45
      vertex 154.25 146.299 21.45
      vertex 155.125 148.605 21.45
    endloop
  endfacet
  facet normal 0 0 -1
    outer loop
      vertex 154.134 146.359 21.45
      vertex 155.125 148.605 21.45
      vertex 154.25 146.299 21.45
    endloop
  endfacet
  facet normal -0 0 -1
    outer loop
      vertex 155.125 148.605 21.45
      vertex 154.134 146.359 21.45
      vertex 154.886 148.657 21.45
    endloop
  endfacet
  facet normal -0 0 -1
    outer loop
      vertex 154.886 148.657 21.45
      vertex 154.134 146.359 21.45
      vertex 154.644 148.689 21.45
    endloop
  endfacet
  facet normal 0 0 -1
    outer loop
      vertex 154.013 146.41 21.45
      vertex 154.644 148.689 21.45
      vertex 154.134 146.359 21.45
    endloop
  endfacet
  facet normal -0 0 -1
    outer loop
      vertex 154.644 148.689 21.45
      vertex 154.013 146.41 21.45
      vertex 154.4 148.7 21.45
    endloop
  endfacet
  facet normal 0 0 -1
    outer loop
      vertex 153.888 146.449 21.45
      vertex 154.4 148.7 21.45
      vertex 154.013 146.41 21.45
    endloop
  endfacet
  facet normal 0 0 -1
    outer loop
      vertex 153.76 146.477 21.45
      vertex 154.4 148.7 21.45
      vertex 153.888 146.449 21.45
    endloop
  endfacet
  facet normal 0 0 -1
    outer loop
      vertex 153.631 146.494 21.45
      vertex 154.4 148.7 21.45
      vertex 153.76 146.477 21.45
    endloop
  endfacet
  facet normal 0 0 -1
    outer loop
      vertex 153.5 146.5 21.45
      vertex 154.4 148.7 21.45
      vertex 153.631 146.494 21.45
    endloop
  endfacet
  facet normal 0 0 -1
    outer loop
      vertex 131.5 146.5 21.45
      vertex 154.4 148.7 21.45
      vertex 153.5 146.5 21.45
    endloop
  endfacet
  facet normal 0 0 -1
    outer loop
      vertex 130.6 148.7 21.45
      vertex 131.5 146.5 21.45
      vertex 131.369 146.494 21.45
    endloop
  endfacet
  facet normal 0 0 -1
    outer loop
      vertex 131.5 146.5 21.45
      vertex 130.6 148.7 21.45
      vertex 154.4 148.7 21.45
    endloop
  endfacet
  facet normal 0 0 -1
    outer loop
      vertex 131.24 146.477 21.45
      vertex 130.6 148.7 21.45
      vertex 131.369 146.494 21.45
    endloop
  endfacet
  facet normal 0 0 -1
    outer loop
      vertex 131.112 146.449 21.45
      vertex 130.6 148.7 21.45
      vertex 131.24 146.477 21.45
    endloop
  endfacet
  facet normal 0 0 -1
    outer loop
      vertex 130.987 146.41 21.45
      vertex 130.6 148.7 21.45
      vertex 131.112 146.449 21.45
    endloop
  endfacet
  facet normal 0 0 -1
    outer loop
      vertex 130.356 148.689 21.45
      vertex 130.987 146.41 21.45
      vertex 130.866 146.359 21.45
    endloop
  endfacet
  facet normal 0 0 -1
    outer loop
      vertex 129.875 148.605 21.45
      vertex 130.866 146.359 21.45
      vertex 130.75 146.299 21.45
    endloop
  endfacet
  facet normal 0 0 -1
    outer loop
      vertex 129.642 148.531 21.45
      vertex 130.75 146.299 21.45
      vertex 130.64 146.229 21.45
    endloop
  endfacet
  facet normal 0 0 -1
    outer loop
      vertex 129.2 148.325 21.45
      vertex 130.64 146.229 21.45
      vertex 130.536 146.149 21.45
    endloop
  endfacet
  facet normal 0 0 -1
    outer loop
      vertex 128.8 148.045 21.45
      vertex 130.536 146.149 21.45
      vertex 130.439 146.061 21.45
    endloop
  endfacet
  facet normal 0 0 -1
    outer loop
      vertex 130.987 146.41 21.45
      vertex 130.356 148.689 21.45
      vertex 130.6 148.7 21.45
    endloop
  endfacet
  facet normal 0 0 -1
    outer loop
      vertex 128.455 147.7 21.45
      vertex 130.439 146.061 21.45
      vertex 130.351 145.964 21.45
    endloop
  endfacet
  facet normal 0 0 -1
    outer loop
      vertex 128.175 147.3 21.45
      vertex 130.351 145.964 21.45
      vertex 130.271 145.86 21.45
    endloop
  endfacet
  facet normal 0 0 -1
    outer loop
      vertex 128.062 147.083 21.45
      vertex 130.271 145.86 21.45
      vertex 130.201 145.75 21.45
    endloop
  endfacet
  facet normal 0 0 -1
    outer loop
      vertex 127.895 146.625 21.45
      vertex 130.201 145.75 21.45
      vertex 130.141 145.634 21.45
    endloop
  endfacet
  facet normal 0 0 -1
    outer loop
      vertex 130.866 146.359 21.45
      vertex 130.114 148.657 21.45
      vertex 130.356 148.689 21.45
    endloop
  endfacet
  facet normal 0 0 -1
    outer loop
      vertex 127.811 146.144 21.45
      vertex 130.141 145.634 21.45
      vertex 130.09 145.513 21.45
    endloop
  endfacet
  facet normal 0 0 -1
    outer loop
      vertex 127.8 145.9 21.45
      vertex 130.09 145.513 21.45
      vertex 130.051 145.388 21.45
    endloop
  endfacet
  facet normal 0 0 -1
    outer loop
      vertex 127.8 145.9 21.45
      vertex 130.051 145.388 21.45
      vertex 130.023 145.26 21.45
    endloop
  endfacet
  facet normal 0 0 -1
    outer loop
      vertex 127.8 145.9 21.45
      vertex 130.023 145.26 21.45
      vertex 130.006 145.131 21.45
    endloop
  endfacet
  facet normal 0 0 -1
    outer loop
      vertex 127.8 145.9 21.45
      vertex 130.006 145.131 21.45
      vertex 130 145 21.45
    endloop
  endfacet
  facet normal 0 0 -1
    outer loop
      vertex 130.866 146.359 21.45
      vertex 129.875 148.605 21.45
      vertex 130.114 148.657 21.45
    endloop
  endfacet
  facet normal 0 0 -1
    outer loop
      vertex 130 111 21.45
      vertex 127.8 118.696 21.45
      vertex 130 145 21.45
    endloop
  endfacet
  facet normal -0 0 -1
    outer loop
      vertex 130.351 110.036 21.45
      vertex 128.175 108.7 21.45
      vertex 130.271 110.14 21.45
    endloop
  endfacet
  facet normal 0 0 -1
    outer loop
      vertex 127.8 137.304 21.45
      vertex 130 145 21.45
      vertex 127.8 118.696 21.45
    endloop
  endfacet
  facet normal 0 0 -1
    outer loop
      vertex 128.062 108.917 21.45
      vertex 130.271 110.14 21.45
      vertex 128.175 108.7 21.45
    endloop
  endfacet
  facet normal 0 0 -1
    outer loop
      vertex 127.8 142.696 21.45
      vertex 130 145 21.45
      vertex 127.8 137.304 21.45
    endloop
  endfacet
  facet normal -0 0 -1
    outer loop
      vertex 130.271 110.14 21.45
      vertex 128.062 108.917 21.45
      vertex 130.201 110.25 21.45
    endloop
  endfacet
  facet normal 0 0 -1
    outer loop
      vertex 127.8 145.9 21.45
      vertex 130 145 21.45
      vertex 127.8 142.696 21.45
    endloop
  endfacet
  facet normal 0 0 -1
    outer loop
      vertex 127.969 109.142 21.45
      vertex 130.201 110.25 21.45
      vertex 128.062 108.917 21.45
    endloop
  endfacet
  facet normal 0 0 -1
    outer loop
      vertex 130.09 145.513 21.45
      vertex 127.8 145.9 21.45
      vertex 127.811 146.144 21.45
    endloop
  endfacet
  facet normal 0 0 -1
    outer loop
      vertex 127.895 109.375 21.45
      vertex 130.201 110.25 21.45
      vertex 127.969 109.142 21.45
    endloop
  endfacet
  facet normal 0 0 -1
    outer loop
      vertex 130.75 146.299 21.45
      vertex 129.642 148.531 21.45
      vertex 129.875 148.605 21.45
    endloop
  endfacet
  facet normal -0 0 -1
    outer loop
      vertex 130.201 110.25 21.45
      vertex 127.895 109.375 21.45
      vertex 130.141 110.366 21.45
    endloop
  endfacet
  facet normal 0 0 -1
    outer loop
      vertex 130.64 146.229 21.45
      vertex 129.417 148.438 21.45
      vertex 129.642 148.531 21.45
    endloop
  endfacet
  facet normal 0 0 -1
    outer loop
      vertex 127.843 109.614 21.45
      vertex 130.141 110.366 21.45
      vertex 127.895 109.375 21.45
    endloop
  endfacet
  facet normal 0 0 -1
    outer loop
      vertex 130.64 146.229 21.45
      vertex 129.2 148.325 21.45
      vertex 129.417 148.438 21.45
    endloop
  endfacet
  facet normal 0 0 -1
    outer loop
      vertex 127.811 109.856 21.45
      vertex 130.141 110.366 21.45
      vertex 127.843 109.614 21.45
    endloop
  endfacet
  facet normal 0 0 -1
    outer loop
      vertex 130.536 146.149 21.45
      vertex 128.994 148.194 21.45
      vertex 129.2 148.325 21.45
    endloop
  endfacet
  facet normal -0 0 -1
    outer loop
      vertex 130.141 110.366 21.45
      vertex 127.811 109.856 21.45
      vertex 130.09 110.487 21.45
    endloop
  endfacet
  facet normal 0 0 -1
    outer loop
      vertex 130.536 146.149 21.45
      vertex 128.8 148.045 21.45
      vertex 128.994 148.194 21.45
    endloop
  endfacet
  facet normal 0 0 -1
    outer loop
      vertex 127.8 110.1 21.45
      vertex 130.09 110.487 21.45
      vertex 127.811 109.856 21.45
    endloop
  endfacet
  facet normal 0 0 -1
    outer loop
      vertex 130.439 146.061 21.45
      vertex 128.62 147.88 21.45
      vertex 128.8 148.045 21.45
    endloop
  endfacet
  facet normal -0 0 -1
    outer loop
      vertex 130.09 110.487 21.45
      vertex 127.8 110.1 21.45
      vertex 130.051 110.612 21.45
    endloop
  endfacet
  facet normal 0 0 -1
    outer loop
      vertex 130.439 146.061 21.45
      vertex 128.455 147.7 21.45
      vertex 128.62 147.88 21.45
    endloop
  endfacet
  facet normal -0 0 -1
    outer loop
      vertex 130.051 110.612 21.45
      vertex 127.8 110.1 21.45
      vertex 130.023 110.74 21.45
    endloop
  endfacet
  facet normal 0 0 -1
    outer loop
      vertex 130.351 145.964 21.45
      vertex 128.306 147.506 21.45
      vertex 128.455 147.7 21.45
    endloop
  endfacet
  facet normal -0 0 -1
    outer loop
      vertex 130.023 110.74 21.45
      vertex 127.8 110.1 21.45
      vertex 130.006 110.869 21.45
    endloop
  endfacet
  facet normal 0 0 -1
    outer loop
      vertex 130.351 145.964 21.45
      vertex 128.175 147.3 21.45
      vertex 128.306 147.506 21.45
    endloop
  endfacet
  facet normal -0 0 -1
    outer loop
      vertex 130.006 110.869 21.45
      vertex 127.8 110.1 21.45
      vertex 130 111 21.45
    endloop
  endfacet
  facet normal 0 0 -1
    outer loop
      vertex 130 111 21.45
      vertex 127.8 113.304 21.45
      vertex 127.8 118.696 21.45
    endloop
  endfacet
  facet normal -0 0 -1
    outer loop
      vertex 130 111 21.45
      vertex 127.8 110.1 21.45
      vertex 127.8 113.304 21.45
    endloop
  endfacet
  facet normal 0 0 -1
    outer loop
      vertex 130.271 145.86 21.45
      vertex 128.062 147.083 21.45
      vertex 128.175 147.3 21.45
    endloop
  endfacet
  facet normal 0 0 -1
    outer loop
      vertex 130.201 145.75 21.45
      vertex 127.969 146.858 21.45
      vertex 128.062 147.083 21.45
    endloop
  endfacet
  facet normal 0 0 -1
    outer loop
      vertex 130.201 145.75 21.45
      vertex 127.895 146.625 21.45
      vertex 127.969 146.858 21.45
    endloop
  endfacet
  facet normal 0 0 -1
    outer loop
      vertex 130.141 145.634 21.45
      vertex 127.843 146.386 21.45
      vertex 127.895 146.625 21.45
    endloop
  endfacet
  facet normal 0 0 -1
    outer loop
      vertex 130.141 145.634 21.45
      vertex 127.811 146.144 21.45
      vertex 127.843 146.386 21.45
    endloop
  endfacet
  facet normal 0 0 -1
    outer loop
      vertex 153.25 110.65 21.45
      vertex 153.85 111.25 21.45
      vertex 153.848 111.198 21.45
    endloop
  endfacet
  facet normal 0 0 -1
    outer loop
      vertex 153.85 111.25 21.45
      vertex 131.15 111.25 21.45
      vertex 153.85 144.75 21.45
    endloop
  endfacet
  facet normal 0 0 -1
    outer loop
      vertex 153.25 110.65 21.45
      vertex 153.848 111.198 21.45
      vertex 153.841 111.146 21.45
    endloop
  endfacet
  facet normal 0 0 -1
    outer loop
      vertex 131.15 144.75 21.45
      vertex 153.85 144.75 21.45
      vertex 131.15 111.25 21.45
    endloop
  endfacet
  facet normal 0 0 -1
    outer loop
      vertex 153.25 110.65 21.45
      vertex 153.841 111.146 21.45
      vertex 153.83 111.095 21.45
    endloop
  endfacet
  facet normal 0 -0 -1
    outer loop
      vertex 153.25 145.35 21.45
      vertex 153.85 144.75 21.45
      vertex 131.15 144.75 21.45
    endloop
  endfacet
  facet normal 0 0 -1
    outer loop
      vertex 153.25 110.65 21.45
      vertex 153.83 111.095 21.45
      vertex 153.814 111.045 21.45
    endloop
  endfacet
  facet normal 0 0 -1
    outer loop
      vertex 153.85 144.75 21.45
      vertex 153.25 145.35 21.45
      vertex 153.848 144.802 21.45
    endloop
  endfacet
  facet normal 0 0 -1
    outer loop
      vertex 153.25 110.65 21.45
      vertex 153.814 111.045 21.45
      vertex 153.794 110.996 21.45
    endloop
  endfacet
  facet normal -0 0 -1
    outer loop
      vertex 153.85 111.25 21.45
      vertex 153.25 110.65 21.45
      vertex 131.15 111.25 21.45
    endloop
  endfacet
  facet normal 0 0 -1
    outer loop
      vertex 153.25 110.65 21.45
      vertex 153.794 110.996 21.45
      vertex 153.77 110.95 21.45
    endloop
  endfacet
  facet normal 0 0 -1
    outer loop
      vertex 153.848 144.802 21.45
      vertex 153.25 145.35 21.45
      vertex 153.841 144.854 21.45
    endloop
  endfacet
  facet normal 0 0 -1
    outer loop
      vertex 153.25 110.65 21.45
      vertex 153.77 110.95 21.45
      vertex 153.741 110.906 21.45
    endloop
  endfacet
  facet normal 0 0 -1
    outer loop
      vertex 153.814 144.955 21.45
      vertex 153.25 145.35 21.45
      vertex 153.794 145.004 21.45
    endloop
  endfacet
  facet normal 0 0 -1
    outer loop
      vertex 153.25 110.65 21.45
      vertex 153.741 110.906 21.45
      vertex 153.71 110.864 21.45
    endloop
  endfacet
  facet normal 0 0 -1
    outer loop
      vertex 153.794 145.004 21.45
      vertex 153.25 145.35 21.45
      vertex 153.77 145.05 21.45
    endloop
  endfacet
  facet normal 0 0 -1
    outer loop
      vertex 153.25 110.65 21.45
      vertex 153.71 110.864 21.45
      vertex 153.674 110.826 21.45
    endloop
  endfacet
  facet normal 0 0 -1
    outer loop
      vertex 153.77 145.05 21.45
      vertex 153.25 145.35 21.45
      vertex 153.741 145.094 21.45
    endloop
  endfacet
  facet normal 0 0 -1
    outer loop
      vertex 153.25 110.65 21.45
      vertex 153.674 110.826 21.45
      vertex 153.636 110.79 21.45
    endloop
  endfacet
  facet normal 0 0 -1
    outer loop
      vertex 153.741 145.094 21.45
      vertex 153.25 145.35 21.45
      vertex 153.71 145.136 21.45
    endloop
  endfacet
  facet normal 0 0 -1
    outer loop
      vertex 153.25 110.65 21.45
      vertex 153.636 110.79 21.45
      vertex 153.594 110.759 21.45
    endloop
  endfacet
  facet normal 0 0 -1
    outer loop
      vertex 153.71 145.136 21.45
      vertex 153.25 145.35 21.45
      vertex 153.674 145.174 21.45
    endloop
  endfacet
  facet normal 0 0 -1
    outer loop
      vertex 153.25 110.65 21.45
      vertex 153.594 110.759 21.45
      vertex 153.55 110.73 21.45
    endloop
  endfacet
  facet normal 0 0 -1
    outer loop
      vertex 153.674 145.174 21.45
      vertex 153.25 145.35 21.45
      vertex 153.636 145.21 21.45
    endloop
  endfacet
  facet normal 0 0 -1
    outer loop
      vertex 153.25 110.65 21.45
      vertex 153.55 110.73 21.45
      vertex 153.504 110.706 21.45
    endloop
  endfacet
  facet normal 0 0 -1
    outer loop
      vertex 153.636 145.21 21.45
      vertex 153.25 145.35 21.45
      vertex 153.594 145.241 21.45
    endloop
  endfacet
  facet normal 0 0 -1
    outer loop
      vertex 153.25 110.65 21.45
      vertex 153.504 110.706 21.45
      vertex 153.455 110.686 21.45
    endloop
  endfacet
  facet normal 0 0 -1
    outer loop
      vertex 153.594 145.241 21.45
      vertex 153.25 145.35 21.45
      vertex 153.55 145.27 21.45
    endloop
  endfacet
  facet normal 0 0 -1
    outer loop
      vertex 153.25 110.65 21.45
      vertex 153.455 110.686 21.45
      vertex 153.405 110.67 21.45
    endloop
  endfacet
  facet normal 0 0 -1
    outer loop
      vertex 153.55 145.27 21.45
      vertex 153.25 145.35 21.45
      vertex 153.504 145.294 21.45
    endloop
  endfacet
  facet normal 0 0 -1
    outer loop
      vertex 153.25 110.65 21.45
      vertex 153.405 110.67 21.45
      vertex 153.354 110.659 21.45
    endloop
  endfacet
  facet normal 0 0 -1
    outer loop
      vertex 153.504 145.294 21.45
      vertex 153.25 145.35 21.45
      vertex 153.455 145.314 21.45
    endloop
  endfacet
  facet normal 0 0 -1
    outer loop
      vertex 153.25 110.65 21.45
      vertex 153.354 110.659 21.45
      vertex 153.302 110.652 21.45
    endloop
  endfacet
  facet normal 0 0 -1
    outer loop
      vertex 153.455 145.314 21.45
      vertex 153.25 145.35 21.45
      vertex 153.405 145.33 21.45
    endloop
  endfacet
  facet normal 0 0 -1
    outer loop
      vertex 153.405 145.33 21.45
      vertex 153.25 145.35 21.45
      vertex 153.354 145.341 21.45
    endloop
  endfacet
  facet normal 0 0 -1
    outer loop
      vertex 153.354 145.341 21.45
      vertex 153.25 145.35 21.45
      vertex 153.302 145.348 21.45
    endloop
  endfacet
  facet normal 0 0 -1
    outer loop
      vertex 131.15 111.25 21.45
      vertex 153.25 110.65 21.45
      vertex 131.75 110.65 21.45
    endloop
  endfacet
  facet normal 0 0 -1
    outer loop
      vertex 153.841 144.854 21.45
      vertex 153.25 145.35 21.45
      vertex 153.83 144.905 21.45
    endloop
  endfacet
  facet normal 0 0 -1
    outer loop
      vertex 131.15 111.25 21.45
      vertex 131.75 110.65 21.45
      vertex 131.698 110.652 21.45
    endloop
  endfacet
  facet normal 0 0 -1
    outer loop
      vertex 153.83 144.905 21.45
      vertex 153.25 145.35 21.45
      vertex 153.814 144.955 21.45
    endloop
  endfacet
  facet normal 0 0 -1
    outer loop
      vertex 131.15 111.25 21.45
      vertex 131.698 110.652 21.45
      vertex 131.646 110.659 21.45
    endloop
  endfacet
  facet normal -0 0 -1
    outer loop
      vertex 153.25 145.35 21.45
      vertex 131.15 144.75 21.45
      vertex 131.75 145.35 21.45
    endloop
  endfacet
  facet normal 0 0 -1
    outer loop
      vertex 131.15 111.25 21.45
      vertex 131.646 110.659 21.45
      vertex 131.595 110.67 21.45
    endloop
  endfacet
  facet normal 0 0 -1
    outer loop
      vertex 131.75 145.35 21.45
      vertex 131.15 144.75 21.45
      vertex 131.698 145.348 21.45
    endloop
  endfacet
  facet normal 0 0 -1
    outer loop
      vertex 131.15 111.25 21.45
      vertex 131.595 110.67 21.45
      vertex 131.545 110.686 21.45
    endloop
  endfacet
  facet normal 0 0 -1
    outer loop
      vertex 131.698 145.348 21.45
      vertex 131.15 144.75 21.45
      vertex 131.646 145.341 21.45
    endloop
  endfacet
  facet normal 0 0 -1
    outer loop
      vertex 131.15 111.25 21.45
      vertex 131.545 110.686 21.45
      vertex 131.496 110.706 21.45
    endloop
  endfacet
  facet normal 0 0 -1
    outer loop
      vertex 131.646 145.341 21.45
      vertex 131.15 144.75 21.45
      vertex 131.595 145.33 21.45
    endloop
  endfacet
  facet normal 0 0 -1
    outer loop
      vertex 131.15 111.25 21.45
      vertex 131.496 110.706 21.45
      vertex 131.45 110.73 21.45
    endloop
  endfacet
  facet normal 0 0 -1
    outer loop
      vertex 131.595 145.33 21.45
      vertex 131.15 144.75 21.45
      vertex 131.545 145.314 21.45
    endloop
  endfacet
  facet normal 0 0 -1
    outer loop
      vertex 131.15 111.25 21.45
      vertex 131.45 110.73 21.45
      vertex 131.406 110.759 21.45
    endloop
  endfacet
  facet normal 0 0 -1
    outer loop
      vertex 131.545 145.314 21.45
      vertex 131.15 144.75 21.45
      vertex 131.496 145.294 21.45
    endloop
  endfacet
  facet normal 0 0 -1
    outer loop
      vertex 131.15 111.25 21.45
      vertex 131.406 110.759 21.45
      vertex 131.364 110.79 21.45
    endloop
  endfacet
  facet normal 0 0 -1
    outer loop
      vertex 131.496 145.294 21.45
      vertex 131.15 144.75 21.45
      vertex 131.45 145.27 21.45
    endloop
  endfacet
  facet normal 0 0 -1
    outer loop
      vertex 131.15 111.25 21.45
      vertex 131.364 110.79 21.45
      vertex 131.326 110.826 21.45
    endloop
  endfacet
  facet normal 0 0 -1
    outer loop
      vertex 131.45 145.27 21.45
      vertex 131.15 144.75 21.45
      vertex 131.406 145.241 21.45
    endloop
  endfacet
  facet normal 0 0 -1
    outer loop
      vertex 131.15 111.25 21.45
      vertex 131.326 110.826 21.45
      vertex 131.29 110.864 21.45
    endloop
  endfacet
  facet normal 0 0 -1
    outer loop
      vertex 131.406 145.241 21.45
      vertex 131.15 144.75 21.45
      vertex 131.364 145.21 21.45
    endloop
  endfacet
  facet normal 0 0 -1
    outer loop
      vertex 131.15 111.25 21.45
      vertex 131.29 110.864 21.45
      vertex 131.258 110.906 21.45
    endloop
  endfacet
  facet normal 0 0 -1
    outer loop
      vertex 131.364 145.21 21.45
      vertex 131.15 144.75 21.45
      vertex 131.326 145.174 21.45
    endloop
  endfacet
  facet normal 0 0 -1
    outer loop
      vertex 131.15 111.25 21.45
      vertex 131.258 110.906 21.45
      vertex 131.23 110.95 21.45
    endloop
  endfacet
  facet normal 0 0 -1
    outer loop
      vertex 131.326 145.174 21.45
      vertex 131.15 144.75 21.45
      vertex 131.29 145.136 21.45
    endloop
  endfacet
  facet normal 0 0 -1
    outer loop
      vertex 131.15 111.25 21.45
      vertex 131.23 110.95 21.45
      vertex 131.206 110.996 21.45
    endloop
  endfacet
  facet normal 0 0 -1
    outer loop
      vertex 131.29 145.136 21.45
      vertex 131.15 144.75 21.45
      vertex 131.258 145.094 21.45
    endloop
  endfacet
  facet normal 0 0 -1
    outer loop
      vertex 131.15 111.25 21.45
      vertex 131.206 110.996 21.45
      vertex 131.186 111.045 21.45
    endloop
  endfacet
  facet normal 0 0 -1
    outer loop
      vertex 131.258 145.094 21.45
      vertex 131.15 144.75 21.45
      vertex 131.23 145.05 21.45
    endloop
  endfacet
  facet normal 0 0 -1
    outer loop
      vertex 131.15 111.25 21.45
      vertex 131.186 111.045 21.45
      vertex 131.17 111.095 21.45
    endloop
  endfacet
  facet normal 0 0 -1
    outer loop
      vertex 131.23 145.05 21.45
      vertex 131.15 144.75 21.45
      vertex 131.206 145.004 21.45
    endloop
  endfacet
  facet normal 0 0 -1
    outer loop
      vertex 131.15 111.25 21.45
      vertex 131.17 111.095 21.45
      vertex 131.159 111.146 21.45
    endloop
  endfacet
  facet normal 0 0 -1
    outer loop
      vertex 131.206 145.004 21.45
      vertex 131.15 144.75 21.45
      vertex 131.186 144.955 21.45
    endloop
  endfacet
  facet normal 0 0 -1
    outer loop
      vertex 131.15 111.25 21.45
      vertex 131.159 111.146 21.45
      vertex 131.152 111.198 21.45
    endloop
  endfacet
  facet normal 0 0 -1
    outer loop
      vertex 131.186 144.955 21.45
      vertex 131.15 144.75 21.45
      vertex 131.17 144.905 21.45
    endloop
  endfacet
  facet normal 0 0 -1
    outer loop
      vertex 131.17 144.905 21.45
      vertex 131.15 144.75 21.45
      vertex 131.159 144.854 21.45
    endloop
  endfacet
  facet normal 0 0 -1
    outer loop
      vertex 131.159 144.854 21.45
      vertex 131.15 144.75 21.45
      vertex 131.152 144.802 21.45
    endloop
  endfacet
  facet normal -0.991399 -0.130878 0
    outer loop
      vertex 122.103 115.392 21.45
      vertex 122.063 115.695 24.05
      vertex 122.063 115.695 21.45
    endloop
  endfacet
  facet normal -0.991399 -0.130878 0
    outer loop
      vertex 122.063 115.695 24.05
      vertex 122.103 115.392 21.45
      vertex 122.103 115.392 24.05
    endloop
  endfacet
  facet normal -0.976341 -0.216237 0
    outer loop
      vertex 122.169 115.094 21.45
      vertex 122.103 115.392 24.05
      vertex 122.103 115.392 21.45
    endloop
  endfacet
  facet normal -0.976341 -0.216237 0
    outer loop
      vertex 122.103 115.392 24.05
      vertex 122.169 115.094 21.45
      vertex 122.169 115.094 24.05
    endloop
  endfacet
  facet normal 0.216237 -0.976341 0
    outer loop
      vertex 126.158 136.553 21.45
      vertex 126.456 136.619 24.05
      vertex 126.158 136.553 24.05
    endloop
  endfacet
  facet normal 0.216237 -0.976341 0
    outer loop
      vertex 126.456 136.619 24.05
      vertex 126.158 136.553 21.45
      vertex 126.456 136.619 21.45
    endloop
  endfacet
  facet normal -0.923657 0.38322 0
    outer loop
      vertex 122.261 141.197 21.45
      vertex 122.378 141.479 24.05
      vertex 122.378 141.479 21.45
    endloop
  endfacet
  facet normal -0.923657 0.38322 0
    outer loop
      vertex 122.378 141.479 24.05
      vertex 122.261 141.197 21.45
      vertex 122.261 141.197 24.05
    endloop
  endfacet
  facet normal -0.461559 0.88711 0
    outer loop
      vertex 124.071 143.172 21.45
      vertex 123.8 143.031 24.05
      vertex 124.071 143.172 24.05
    endloop
  endfacet
  facet normal -0.461559 0.88711 0
    outer loop
      vertex 123.8 143.031 24.05
      vertex 124.071 143.172 21.45
      vertex 123.8 143.031 21.45
    endloop
  endfacet
  facet normal -0.843931 -0.536452 0
    outer loop
      vertex 122.683 137.992 21.45
      vertex 122.519 138.25 24.05
      vertex 122.519 138.25 21.45
    endloop
  endfacet
  facet normal -0.843931 -0.536452 0
    outer loop
      vertex 122.519 138.25 24.05
      vertex 122.683 137.992 21.45
      vertex 122.683 137.992 24.05
    endloop
  endfacet
  facet normal -0.737562 -0.675279 0
    outer loop
      vertex 123.075 137.525 21.45
      vertex 122.869 137.75 24.05
      vertex 122.869 137.75 21.45
    endloop
  endfacet
  facet normal -0.737562 -0.675279 0
    outer loop
      vertex 122.869 137.75 24.05
      vertex 123.075 137.525 21.45
      vertex 123.075 137.525 24.05
    endloop
  endfacet
  facet normal -0.999093 -0.0425843 0
    outer loop
      vertex 122.063 139.695 21.45
      vertex 122.05 140 24.05
      vertex 122.05 140 21.45
    endloop
  endfacet
  facet normal -0.999093 -0.0425843 0
    outer loop
      vertex 122.05 140 24.05
      vertex 122.063 139.695 21.45
      vertex 122.063 139.695 24.05
    endloop
  endfacet
  facet normal -0.923657 -0.38322 0
    outer loop
      vertex 122.378 138.521 21.45
      vertex 122.261 138.803 24.05
      vertex 122.261 138.803 21.45
    endloop
  endfacet
  facet normal -0.923657 -0.38322 0
    outer loop
      vertex 122.261 138.803 24.05
      vertex 122.378 138.521 21.45
      vertex 122.378 138.521 24.05
    endloop
  endfacet
  facet normal 0.536452 0.843931 -0
    outer loop
      vertex 127.558 142.867 21.45
      vertex 127.3 143.031 24.05
      vertex 127.558 142.867 24.05
    endloop
  endfacet
  facet normal 0.536452 0.843931 0
    outer loop
      vertex 127.3 143.031 24.05
      vertex 127.558 142.867 21.45
      vertex 127.3 143.031 21.45
    endloop
  endfacet
  facet normal -0.999093 0.0425843 0
    outer loop
      vertex 122.05 140 21.45
      vertex 122.063 140.305 24.05
      vertex 122.063 140.305 21.45
    endloop
  endfacet
  facet normal -0.999093 0.0425843 0
    outer loop
      vertex 122.063 140.305 24.05
      vertex 122.05 140 21.45
      vertex 122.05 140 24.05
    endloop
  endfacet
  facet normal -0.88711 -0.461559 0
    outer loop
      vertex 122.519 138.25 21.45
      vertex 122.378 138.521 24.05
      vertex 122.378 138.521 21.45
    endloop
  endfacet
  facet normal -0.88711 -0.461559 0
    outer loop
      vertex 122.378 138.521 24.05
      vertex 122.519 138.25 21.45
      vertex 122.519 138.25 24.05
    endloop
  endfacet
  facet normal -0.976341 -0.216237 0
    outer loop
      vertex 122.169 139.094 21.45
      vertex 122.103 139.392 24.05
      vertex 122.103 139.392 21.45
    endloop
  endfacet
  facet normal -0.976341 -0.216237 0
    outer loop
      vertex 122.103 139.392 24.05
      vertex 122.169 139.094 21.45
      vertex 122.169 139.094 24.05
    endloop
  endfacet
  facet normal -0.953484 -0.301445 0
    outer loop
      vertex 122.261 138.803 21.45
      vertex 122.169 139.094 24.05
      vertex 122.169 139.094 21.45
    endloop
  endfacet
  facet normal -0.953484 -0.301445 0
    outer loop
      vertex 122.169 139.094 24.05
      vertex 122.261 138.803 21.45
      vertex 122.261 138.803 24.05
    endloop
  endfacet
  facet normal -0.301445 -0.953484 0
    outer loop
      vertex 124.353 136.711 21.45
      vertex 124.644 136.619 24.05
      vertex 124.353 136.711 24.05
    endloop
  endfacet
  facet normal -0.301445 -0.953484 -0
    outer loop
      vertex 124.644 136.619 24.05
      vertex 124.353 136.711 21.45
      vertex 124.644 136.619 21.45
    endloop
  endfacet
  facet normal -0.991399 -0.130878 0
    outer loop
      vertex 122.103 139.392 21.45
      vertex 122.063 139.695 24.05
      vertex 122.063 139.695 21.45
    endloop
  endfacet
  facet normal -0.991399 -0.130878 0
    outer loop
      vertex 122.063 139.695 24.05
      vertex 122.103 139.392 21.45
      vertex 122.103 139.392 24.05
    endloop
  endfacet
  facet normal -0.38322 -0.923657 0
    outer loop
      vertex 124.071 136.828 21.45
      vertex 124.353 136.711 24.05
      vertex 124.071 136.828 24.05
    endloop
  endfacet
  facet normal -0.38322 -0.923657 -0
    outer loop
      vertex 124.353 136.711 24.05
      vertex 124.071 136.828 21.45
      vertex 124.353 136.711 21.45
    endloop
  endfacet
  facet normal -0.536452 -0.843931 0
    outer loop
      vertex 123.542 137.133 21.45
      vertex 123.8 136.969 24.05
      vertex 123.542 137.133 24.05
    endloop
  endfacet
  facet normal -0.536452 -0.843931 -0
    outer loop
      vertex 123.8 136.969 24.05
      vertex 123.542 137.133 21.45
      vertex 123.8 136.969 21.45
    endloop
  endfacet
  facet normal -0.953484 0.301445 0
    outer loop
      vertex 122.169 140.906 21.45
      vertex 122.261 141.197 24.05
      vertex 122.261 141.197 21.45
    endloop
  endfacet
  facet normal -0.953484 0.301445 0
    outer loop
      vertex 122.261 141.197 24.05
      vertex 122.169 140.906 21.45
      vertex 122.169 140.906 24.05
    endloop
  endfacet
  facet normal -0.38322 0.923657 0
    outer loop
      vertex 124.353 143.289 21.45
      vertex 124.071 143.172 24.05
      vertex 124.353 143.289 24.05
    endloop
  endfacet
  facet normal -0.38322 0.923657 0
    outer loop
      vertex 124.071 143.172 24.05
      vertex 124.353 143.289 21.45
      vertex 124.071 143.172 21.45
    endloop
  endfacet
  facet normal -0.675279 -0.737562 0
    outer loop
      vertex 123.075 137.525 21.45
      vertex 123.3 137.319 24.05
      vertex 123.075 137.525 24.05
    endloop
  endfacet
  facet normal -0.675279 -0.737562 -0
    outer loop
      vertex 123.3 137.319 24.05
      vertex 123.075 137.525 21.45
      vertex 123.3 137.319 21.45
    endloop
  endfacet
  facet normal -0.88711 0.461559 0
    outer loop
      vertex 122.378 141.479 21.45
      vertex 122.519 141.75 24.05
      vertex 122.519 141.75 21.45
    endloop
  endfacet
  facet normal -0.88711 0.461559 0
    outer loop
      vertex 122.519 141.75 24.05
      vertex 122.378 141.479 21.45
      vertex 122.378 141.479 24.05
    endloop
  endfacet
  facet normal -0.792868 -0.609394 0
    outer loop
      vertex 122.869 137.75 21.45
      vertex 122.683 137.992 24.05
      vertex 122.683 137.992 21.45
    endloop
  endfacet
  facet normal -0.792868 -0.609394 0
    outer loop
      vertex 122.683 137.992 24.05
      vertex 122.869 137.75 21.45
      vertex 122.869 137.75 24.05
    endloop
  endfacet
  facet normal -0.843931 0.536452 0
    outer loop
      vertex 122.519 141.75 21.45
      vertex 122.683 142.008 24.05
      vertex 122.683 142.008 21.45
    endloop
  endfacet
  facet normal -0.843931 0.536452 0
    outer loop
      vertex 122.683 142.008 24.05
      vertex 122.519 141.75 21.45
      vertex 122.519 141.75 24.05
    endloop
  endfacet
  facet normal -0.461559 -0.88711 0
    outer loop
      vertex 123.8 136.969 21.45
      vertex 124.071 136.828 24.05
      vertex 123.8 136.969 24.05
    endloop
  endfacet
  facet normal -0.461559 -0.88711 -0
    outer loop
      vertex 124.071 136.828 24.05
      vertex 123.8 136.969 21.45
      vertex 124.071 136.828 21.45
    endloop
  endfacet
  facet normal -0.216237 0.976341 0
    outer loop
      vertex 124.942 143.447 21.45
      vertex 124.644 143.381 24.05
      vertex 124.942 143.447 24.05
    endloop
  endfacet
  facet normal -0.216237 0.976341 0
    outer loop
      vertex 124.644 143.381 24.05
      vertex 124.942 143.447 21.45
      vertex 124.644 143.381 21.45
    endloop
  endfacet
  facet normal -0.991399 0.130878 0
    outer loop
      vertex 122.063 140.305 21.45
      vertex 122.103 140.608 24.05
      vertex 122.103 140.608 21.45
    endloop
  endfacet
  facet normal -0.991399 0.130878 0
    outer loop
      vertex 122.103 140.608 24.05
      vertex 122.063 140.305 21.45
      vertex 122.063 140.305 24.05
    endloop
  endfacet
  facet normal -0.976341 0.216237 0
    outer loop
      vertex 122.103 140.608 21.45
      vertex 122.169 140.906 24.05
      vertex 122.169 140.906 21.45
    endloop
  endfacet
  facet normal -0.976341 0.216237 0
    outer loop
      vertex 122.169 140.906 24.05
      vertex 122.103 140.608 21.45
      vertex 122.103 140.608 24.05
    endloop
  endfacet
  facet normal 0.577081 -0.816687 0
    outer loop
      vertex 127.558 137.133 21.45
      vertex 127.8 137.304 24.05
      vertex 127.558 137.133 24.05
    endloop
  endfacet
  facet normal 0.577081 -0.816687 0
    outer loop
      vertex 127.8 137.304 24.05
      vertex 127.558 137.133 21.45
      vertex 127.8 137.304 21.45
    endloop
  endfacet
  facet normal 0.130878 0.991399 -0
    outer loop
      vertex 126.158 143.447 21.45
      vertex 125.855 143.487 24.05
      vertex 126.158 143.447 24.05
    endloop
  endfacet
  facet normal 0.130878 0.991399 0
    outer loop
      vertex 125.855 143.487 24.05
      vertex 126.158 143.447 21.45
      vertex 125.855 143.487 21.45
    endloop
  endfacet
  facet normal 0.577081 0.816687 -0
    outer loop
      vertex 127.8 142.696 21.45
      vertex 127.558 142.867 24.05
      vertex 127.8 142.696 24.05
    endloop
  endfacet
  facet normal 0.577081 0.816687 0
    outer loop
      vertex 127.558 142.867 24.05
      vertex 127.8 142.696 21.45
      vertex 127.558 142.867 21.45
    endloop
  endfacet
  facet normal -0.130878 0.991399 0
    outer loop
      vertex 125.245 143.487 21.45
      vertex 124.942 143.447 24.05
      vertex 125.245 143.487 24.05
    endloop
  endfacet
  facet normal -0.130878 0.991399 0
    outer loop
      vertex 124.942 143.447 24.05
      vertex 125.245 143.487 21.45
      vertex 124.942 143.447 21.45
    endloop
  endfacet
  facet normal 0.130878 -0.991399 0
    outer loop
      vertex 125.855 136.513 21.45
      vertex 126.158 136.553 24.05
      vertex 125.855 136.513 24.05
    endloop
  endfacet
  facet normal 0.130878 -0.991399 0
    outer loop
      vertex 126.158 136.553 24.05
      vertex 125.855 136.513 21.45
      vertex 126.158 136.553 21.45
    endloop
  endfacet
  facet normal -0.609394 -0.792868 0
    outer loop
      vertex 123.3 137.319 21.45
      vertex 123.542 137.133 24.05
      vertex 123.3 137.319 24.05
    endloop
  endfacet
  facet normal -0.609394 -0.792868 -0
    outer loop
      vertex 123.542 137.133 24.05
      vertex 123.3 137.319 21.45
      vertex 123.542 137.133 21.45
    endloop
  endfacet
  facet normal -0.301445 0.953484 0
    outer loop
      vertex 124.644 143.381 21.45
      vertex 124.353 143.289 24.05
      vertex 124.644 143.381 24.05
    endloop
  endfacet
  facet normal -0.301445 0.953484 0
    outer loop
      vertex 124.353 143.289 24.05
      vertex 124.644 143.381 21.45
      vertex 124.353 143.289 21.45
    endloop
  endfacet
  facet normal -0.609394 0.792868 0
    outer loop
      vertex 123.542 142.867 21.45
      vertex 123.3 142.681 24.05
      vertex 123.542 142.867 24.05
    endloop
  endfacet
  facet normal -0.609394 0.792868 0
    outer loop
      vertex 123.3 142.681 24.05
      vertex 123.542 142.867 21.45
      vertex 123.3 142.681 21.45
    endloop
  endfacet
  facet normal 0.461559 -0.88711 0
    outer loop
      vertex 127.029 136.828 21.45
      vertex 127.3 136.969 24.05
      vertex 127.029 136.828 24.05
    endloop
  endfacet
  facet normal 0.461559 -0.88711 0
    outer loop
      vertex 127.3 136.969 24.05
      vertex 127.029 136.828 21.45
      vertex 127.3 136.969 21.45
    endloop
  endfacet
  facet normal 0.301445 0.953484 -0
    outer loop
      vertex 126.747 143.289 21.45
      vertex 126.456 143.381 24.05
      vertex 126.747 143.289 24.05
    endloop
  endfacet
  facet normal 0.301445 0.953484 0
    outer loop
      vertex 126.456 143.381 24.05
      vertex 126.747 143.289 21.45
      vertex 126.456 143.381 21.45
    endloop
  endfacet
  facet normal -0.737562 0.675279 0
    outer loop
      vertex 122.869 142.25 21.45
      vertex 123.075 142.475 24.05
      vertex 123.075 142.475 21.45
    endloop
  endfacet
  facet normal -0.737562 0.675279 0
    outer loop
      vertex 123.075 142.475 24.05
      vertex 122.869 142.25 21.45
      vertex 122.869 142.25 24.05
    endloop
  endfacet
  facet normal -0.0425843 0.999093 0
    outer loop
      vertex 125.55 143.5 21.45
      vertex 125.245 143.487 24.05
      vertex 125.55 143.5 24.05
    endloop
  endfacet
  facet normal -0.0425843 0.999093 0
    outer loop
      vertex 125.245 143.487 24.05
      vertex 125.55 143.5 21.45
      vertex 125.245 143.487 21.45
    endloop
  endfacet
  facet normal -0.0425843 -0.999093 0
    outer loop
      vertex 125.245 136.513 21.45
      vertex 125.55 136.5 24.05
      vertex 125.245 136.513 24.05
    endloop
  endfacet
  facet normal -0.0425843 -0.999093 -0
    outer loop
      vertex 125.55 136.5 24.05
      vertex 125.245 136.513 21.45
      vertex 125.55 136.5 21.45
    endloop
  endfacet
  facet normal 0.536452 -0.843931 0
    outer loop
      vertex 127.3 136.969 21.45
      vertex 127.558 137.133 24.05
      vertex 127.3 136.969 24.05
    endloop
  endfacet
  facet normal 0.536452 -0.843931 0
    outer loop
      vertex 127.558 137.133 24.05
      vertex 127.3 136.969 21.45
      vertex 127.558 137.133 21.45
    endloop
  endfacet
  facet normal 0.38322 -0.923657 0
    outer loop
      vertex 126.747 136.711 21.45
      vertex 127.029 136.828 24.05
      vertex 126.747 136.711 24.05
    endloop
  endfacet
  facet normal 0.38322 -0.923657 0
    outer loop
      vertex 127.029 136.828 24.05
      vertex 126.747 136.711 21.45
      vertex 127.029 136.828 21.45
    endloop
  endfacet
  facet normal -0.675279 0.737562 0
    outer loop
      vertex 123.3 142.681 21.45
      vertex 123.075 142.475 24.05
      vertex 123.3 142.681 24.05
    endloop
  endfacet
  facet normal -0.675279 0.737562 0
    outer loop
      vertex 123.075 142.475 24.05
      vertex 123.3 142.681 21.45
      vertex 123.075 142.475 21.45
    endloop
  endfacet
  facet normal -0.216237 -0.976341 0
    outer loop
      vertex 124.644 136.619 21.45
      vertex 124.942 136.553 24.05
      vertex 124.644 136.619 24.05
    endloop
  endfacet
  facet normal -0.216237 -0.976341 -0
    outer loop
      vertex 124.942 136.553 24.05
      vertex 124.644 136.619 21.45
      vertex 124.942 136.553 21.45
    endloop
  endfacet
  facet normal -0.130878 -0.991399 0
    outer loop
      vertex 124.942 136.553 21.45
      vertex 125.245 136.513 24.05
      vertex 124.942 136.553 24.05
    endloop
  endfacet
  facet normal -0.130878 -0.991399 -0
    outer loop
      vertex 125.245 136.513 24.05
      vertex 124.942 136.553 21.45
      vertex 125.245 136.513 21.45
    endloop
  endfacet
  facet normal 0.216237 0.976341 -0
    outer loop
      vertex 126.456 143.381 21.45
      vertex 126.158 143.447 24.05
      vertex 126.456 143.381 24.05
    endloop
  endfacet
  facet normal 0.216237 0.976341 0
    outer loop
      vertex 126.158 143.447 24.05
      vertex 126.456 143.381 21.45
      vertex 126.158 143.447 21.45
    endloop
  endfacet
  facet normal 0.38322 0.923657 -0
    outer loop
      vertex 127.029 143.172 21.45
      vertex 126.747 143.289 24.05
      vertex 127.029 143.172 24.05
    endloop
  endfacet
  facet normal 0.38322 0.923657 0
    outer loop
      vertex 126.747 143.289 24.05
      vertex 127.029 143.172 21.45
      vertex 126.747 143.289 21.45
    endloop
  endfacet
  facet normal 0.461559 0.88711 -0
    outer loop
      vertex 127.3 143.031 21.45
      vertex 127.029 143.172 24.05
      vertex 127.3 143.031 24.05
    endloop
  endfacet
  facet normal 0.461559 0.88711 0
    outer loop
      vertex 127.029 143.172 24.05
      vertex 127.3 143.031 21.45
      vertex 127.029 143.172 21.45
    endloop
  endfacet
  facet normal -0.536452 0.843931 0
    outer loop
      vertex 123.8 143.031 21.45
      vertex 123.542 142.867 24.05
      vertex 123.8 143.031 24.05
    endloop
  endfacet
  facet normal -0.536452 0.843931 0
    outer loop
      vertex 123.542 142.867 24.05
      vertex 123.8 143.031 21.45
      vertex 123.542 142.867 21.45
    endloop
  endfacet
  facet normal -0.792868 0.609394 0
    outer loop
      vertex 122.683 142.008 21.45
      vertex 122.869 142.25 24.05
      vertex 122.869 142.25 21.45
    endloop
  endfacet
  facet normal -0.792868 0.609394 0
    outer loop
      vertex 122.869 142.25 24.05
      vertex 122.683 142.008 21.45
      vertex 122.683 142.008 24.05
    endloop
  endfacet
  facet normal 0.301445 -0.953484 0
    outer loop
      vertex 126.456 136.619 21.45
      vertex 126.747 136.711 24.05
      vertex 126.456 136.619 24.05
    endloop
  endfacet
  facet normal 0.301445 -0.953484 0
    outer loop
      vertex 126.747 136.711 24.05
      vertex 126.456 136.619 21.45
      vertex 126.747 136.711 21.45
    endloop
  endfacet
  facet normal 0.0425843 -0.999093 0
    outer loop
      vertex 125.55 136.5 21.45
      vertex 125.855 136.513 24.05
      vertex 125.55 136.5 24.05
    endloop
  endfacet
  facet normal 0.0425843 -0.999093 0
    outer loop
      vertex 125.855 136.513 24.05
      vertex 125.55 136.5 21.45
      vertex 125.855 136.513 21.45
    endloop
  endfacet
  facet normal 0.0425843 0.999093 -0
    outer loop
      vertex 125.855 143.487 21.45
      vertex 125.55 143.5 24.05
      vertex 125.855 143.487 24.05
    endloop
  endfacet
  facet normal 0.0425843 0.999093 0
    outer loop
      vertex 125.55 143.5 24.05
      vertex 125.855 143.487 21.45
      vertex 125.55 143.5 21.45
    endloop
  endfacet
  facet normal -0.13109 -0.99137 0
    outer loop
      vertex 130.114 107.343 21.45
      vertex 130.356 107.311 24.05
      vertex 130.114 107.343 24.05
    endloop
  endfacet
  facet normal -0.13109 -0.99137 -0
    outer loop
      vertex 130.356 107.311 24.05
      vertex 130.114 107.343 21.45
      vertex 130.356 107.311 21.45
    endloop
  endfacet
  facet normal -0.99137 -0.13109 0
    outer loop
      vertex 127.843 109.614 21.45
      vertex 127.811 109.856 24.05
      vertex 127.811 109.856 21.45
    endloop
  endfacet
  facet normal -0.99137 -0.13109 0
    outer loop
      vertex 127.811 109.856 24.05
      vertex 127.843 109.614 21.45
      vertex 127.843 109.614 24.05
    endloop
  endfacet
  facet normal 0.675725 -0.737154 0
    outer loop
      vertex 156.2 107.955 21.45
      vertex 156.38 108.12 24.05
      vertex 156.2 107.955 24.05
    endloop
  endfacet
  facet normal 0.675725 -0.737154 0
    outer loop
      vertex 156.38 108.12 24.05
      vertex 156.2 107.955 21.45
      vertex 156.38 108.12 21.45
    endloop
  endfacet
  facet normal 0.79308 0.609118 0
    outer loop
      vertex 156.694 147.506 24.05
      vertex 156.545 147.7 21.45
      vertex 156.545 147.7 24.05
    endloop
  endfacet
  facet normal 0.79308 0.609118 0
    outer loop
      vertex 156.545 147.7 21.45
      vertex 156.694 147.506 24.05
      vertex 156.694 147.506 21.45
    endloop
  endfacet
  facet normal 0.381989 0.924167 -0
    outer loop
      vertex 155.583 148.438 21.45
      vertex 155.358 148.531 24.05
      vertex 155.583 148.438 24.05
    endloop
  endfacet
  facet normal 0.381989 0.924167 0
    outer loop
      vertex 155.358 148.531 24.05
      vertex 155.583 148.438 21.45
      vertex 155.358 148.531 21.45
    endloop
  endfacet
  facet normal -0.998985 -0.0450362 0
    outer loop
      vertex 127.811 109.856 21.45
      vertex 127.8 110.1 24.05
      vertex 127.8 110.1 21.45
    endloop
  endfacet
  facet normal -0.998985 -0.0450362 0
    outer loop
      vertex 127.8 110.1 24.05
      vertex 127.811 109.856 21.45
      vertex 127.811 109.856 24.05
    endloop
  endfacet
  facet normal 0.886949 -0.461867 0
    outer loop
      vertex 156.825 108.7 24.05
      vertex 156.938 108.917 21.45
      vertex 156.938 108.917 24.05
    endloop
  endfacet
  facet normal 0.886949 -0.461867 0
    outer loop
      vertex 156.938 108.917 21.45
      vertex 156.825 108.7 24.05
      vertex 156.825 108.7 21.45
    endloop
  endfacet
  facet normal 0.99137 0.13109 0
    outer loop
      vertex 157.189 146.144 24.05
      vertex 157.157 146.386 21.45
      vertex 157.157 146.386 24.05
    endloop
  endfacet
  facet normal 0.99137 0.13109 0
    outer loop
      vertex 157.157 146.386 21.45
      vertex 157.189 146.144 24.05
      vertex 157.189 146.144 21.45
    endloop
  endfacet
  facet normal -0.886949 -0.461867 0
    outer loop
      vertex 128.175 108.7 21.45
      vertex 128.062 108.917 24.05
      vertex 128.062 108.917 21.45
    endloop
  endfacet
  facet normal -0.886949 -0.461867 0
    outer loop
      vertex 128.062 108.917 24.05
      vertex 128.175 108.7 21.45
      vertex 128.175 108.7 24.05
    endloop
  endfacet
  facet normal -0.381989 0.924167 0
    outer loop
      vertex 129.642 148.531 21.45
      vertex 129.417 148.438 24.05
      vertex 129.642 148.531 24.05
    endloop
  endfacet
  facet normal -0.381989 0.924167 0
    outer loop
      vertex 129.417 148.438 24.05
      vertex 129.642 148.531 21.45
      vertex 129.417 148.438 21.45
    endloop
  endfacet
  facet normal 1 -0 0
    outer loop
      vertex 157.2 110.1 24.05
      vertex 157.2 145.9 21.45
      vertex 157.2 145.9 24.05
    endloop
  endfacet
  facet normal 1 0 0
    outer loop
      vertex 157.2 145.9 21.45
      vertex 157.2 110.1 24.05
      vertex 157.2 110.1 21.45
    endloop
  endfacet
  facet normal -1 0 0
    outer loop
      vertex 127.8 142.696 21.45
      vertex 127.8 145.9 24.05
      vertex 127.8 145.9 21.45
    endloop
  endfacet
  facet normal -1 -0 0
    outer loop
      vertex 127.8 145.9 24.05
      vertex 127.8 142.696 21.45
      vertex 127.8 142.696 24.05
    endloop
  endfacet
  facet normal -1 0 0
    outer loop
      vertex 127.8 110.1 21.45
      vertex 127.8 113.304 24.05
      vertex 127.8 113.304 21.45
    endloop
  endfacet
  facet normal -1 -0 0
    outer loop
      vertex 127.8 113.304 24.05
      vertex 127.8 110.1 21.45
      vertex 127.8 110.1 24.05
    endloop
  endfacet
  facet normal -1 0 0
    outer loop
      vertex 127.8 118.696 21.45
      vertex 127.8 137.304 24.05
      vertex 127.8 137.304 21.45
    endloop
  endfacet
  facet normal -1 -0 0
    outer loop
      vertex 127.8 137.304 24.05
      vertex 127.8 118.696 21.45
      vertex 127.8 118.696 24.05
    endloop
  endfacet
  facet normal -0.675725 0.737154 0
    outer loop
      vertex 128.8 148.045 21.45
      vertex 128.62 147.88 24.05
      vertex 128.8 148.045 24.05
    endloop
  endfacet
  facet normal -0.675725 0.737154 0
    outer loop
      vertex 128.62 147.88 24.05
      vertex 128.8 148.045 21.45
      vertex 128.62 147.88 21.45
    endloop
  endfacet
  facet normal -0.924167 -0.381989 0
    outer loop
      vertex 128.062 108.917 21.45
      vertex 127.969 109.142 24.05
      vertex 127.969 109.142 21.45
    endloop
  endfacet
  facet normal -0.924167 -0.381989 0
    outer loop
      vertex 127.969 109.142 24.05
      vertex 128.062 108.917 21.45
      vertex 128.062 108.917 24.05
    endloop
  endfacet
  facet normal 0.84383 0.53661 0
    outer loop
      vertex 156.825 147.3 24.05
      vertex 156.694 147.506 21.45
      vertex 156.694 147.506 24.05
    endloop
  endfacet
  facet normal 0.84383 0.53661 0
    outer loop
      vertex 156.694 147.506 21.45
      vertex 156.825 147.3 24.05
      vertex 156.825 147.3 21.45
    endloop
  endfacet
  facet normal -0.99137 0.13109 0
    outer loop
      vertex 127.811 146.144 21.45
      vertex 127.843 146.386 24.05
      vertex 127.843 146.386 21.45
    endloop
  endfacet
  facet normal -0.99137 0.13109 0
    outer loop
      vertex 127.843 146.386 24.05
      vertex 127.811 146.144 21.45
      vertex 127.811 146.144 24.05
    endloop
  endfacet
  facet normal 0.953087 -0.302697 0
    outer loop
      vertex 157.031 109.142 24.05
      vertex 157.105 109.375 21.45
      vertex 157.105 109.375 24.05
    endloop
  endfacet
  facet normal 0.953087 -0.302697 0
    outer loop
      vertex 157.105 109.375 21.45
      vertex 157.031 109.142 24.05
      vertex 157.031 109.142 21.45
    endloop
  endfacet
  facet normal -0.953087 -0.302697 0
    outer loop
      vertex 127.969 109.142 21.45
      vertex 127.895 109.375 24.05
      vertex 127.895 109.375 21.45
    endloop
  endfacet
  facet normal -0.953087 -0.302697 0
    outer loop
      vertex 127.895 109.375 24.05
      vertex 127.969 109.142 21.45
      vertex 127.969 109.142 24.05
    endloop
  endfacet
  facet normal 0.84383 -0.53661 0
    outer loop
      vertex 156.694 108.494 24.05
      vertex 156.825 108.7 21.45
      vertex 156.825 108.7 24.05
    endloop
  endfacet
  facet normal 0.84383 -0.53661 0
    outer loop
      vertex 156.825 108.7 21.45
      vertex 156.694 108.494 24.05
      vertex 156.694 108.494 21.45
    endloop
  endfacet
  facet normal -0.977139 0.212599 0
    outer loop
      vertex 127.843 146.386 21.45
      vertex 127.895 146.625 24.05
      vertex 127.895 146.625 21.45
    endloop
  endfacet
  facet normal -0.977139 0.212599 0
    outer loop
      vertex 127.895 146.625 24.05
      vertex 127.843 146.386 21.45
      vertex 127.843 146.386 24.05
    endloop
  endfacet
  facet normal -0.609118 0.79308 0
    outer loop
      vertex 128.994 148.194 21.45
      vertex 128.8 148.045 24.05
      vertex 128.994 148.194 24.05
    endloop
  endfacet
  facet normal -0.609118 0.79308 0
    outer loop
      vertex 128.8 148.045 24.05
      vertex 128.994 148.194 21.45
      vertex 128.8 148.045 21.45
    endloop
  endfacet
  facet normal 0.0450362 0.998985 -0
    outer loop
      vertex 154.644 148.689 21.45
      vertex 154.4 148.7 24.05
      vertex 154.644 148.689 24.05
    endloop
  endfacet
  facet normal 0.0450362 0.998985 0
    outer loop
      vertex 154.4 148.7 24.05
      vertex 154.644 148.689 21.45
      vertex 154.4 148.7 21.45
    endloop
  endfacet
  facet normal -0.79308 -0.609118 0
    outer loop
      vertex 128.455 108.3 21.45
      vertex 128.306 108.494 24.05
      vertex 128.306 108.494 21.45
    endloop
  endfacet
  facet normal -0.79308 -0.609118 0
    outer loop
      vertex 128.306 108.494 24.05
      vertex 128.455 108.3 21.45
      vertex 128.455 108.3 24.05
    endloop
  endfacet
  facet normal -0.953087 0.302697 0
    outer loop
      vertex 127.895 146.625 21.45
      vertex 127.969 146.858 24.05
      vertex 127.969 146.858 21.45
    endloop
  endfacet
  facet normal -0.953087 0.302697 0
    outer loop
      vertex 127.969 146.858 24.05
      vertex 127.895 146.625 21.45
      vertex 127.895 146.625 24.05
    endloop
  endfacet
  facet normal 0 1 -0
    outer loop
      vertex 154.4 148.7 21.45
      vertex 130.6 148.7 24.05
      vertex 154.4 148.7 24.05
    endloop
  endfacet
  facet normal 0 1 0
    outer loop
      vertex 130.6 148.7 24.05
      vertex 154.4 148.7 21.45
      vertex 130.6 148.7 21.45
    endloop
  endfacet
  facet normal 0.998985 0.0450362 0
    outer loop
      vertex 157.2 145.9 24.05
      vertex 157.189 146.144 21.45
      vertex 157.189 146.144 24.05
    endloop
  endfacet
  facet normal 0.998985 0.0450362 0
    outer loop
      vertex 157.189 146.144 21.45
      vertex 157.2 145.9 24.05
      vertex 157.2 145.9 21.45
    endloop
  endfacet
  facet normal -0.737154 -0.675725 0
    outer loop
      vertex 128.62 108.12 21.45
      vertex 128.455 108.3 24.05
      vertex 128.455 108.3 21.45
    endloop
  endfacet
  facet normal -0.737154 -0.675725 0
    outer loop
      vertex 128.455 108.3 24.05
      vertex 128.62 108.12 21.45
      vertex 128.62 108.12 24.05
    endloop
  endfacet
  facet normal 0.461867 0.886949 -0
    outer loop
      vertex 155.8 148.325 21.45
      vertex 155.583 148.438 24.05
      vertex 155.8 148.325 24.05
    endloop
  endfacet
  facet normal 0.461867 0.886949 0
    outer loop
      vertex 155.583 148.438 24.05
      vertex 155.8 148.325 21.45
      vertex 155.583 148.438 21.45
    endloop
  endfacet
  facet normal -0.998985 0.0450362 0
    outer loop
      vertex 127.8 145.9 21.45
      vertex 127.811 146.144 24.05
      vertex 127.811 146.144 21.45
    endloop
  endfacet
  facet normal -0.998985 0.0450362 0
    outer loop
      vertex 127.811 146.144 24.05
      vertex 127.8 145.9 21.45
      vertex 127.8 145.9 24.05
    endloop
  endfacet
  facet normal 0.53661 -0.84383 0
    outer loop
      vertex 155.8 107.675 21.45
      vertex 156.006 107.806 24.05
      vertex 155.8 107.675 24.05
    endloop
  endfacet
  facet normal 0.53661 -0.84383 0
    outer loop
      vertex 156.006 107.806 24.05
      vertex 155.8 107.675 21.45
      vertex 156.006 107.806 21.45
    endloop
  endfacet
  facet normal 0 -1 0
    outer loop
      vertex 130.6 107.3 21.45
      vertex 154.4 107.3 24.05
      vertex 130.6 107.3 24.05
    endloop
  endfacet
  facet normal 0 -1 -0
    outer loop
      vertex 154.4 107.3 24.05
      vertex 130.6 107.3 21.45
      vertex 154.4 107.3 21.45
    endloop
  endfacet
  facet normal 0.79308 -0.609118 0
    outer loop
      vertex 156.545 108.3 24.05
      vertex 156.694 108.494 21.45
      vertex 156.694 108.494 24.05
    endloop
  endfacet
  facet normal 0.79308 -0.609118 0
    outer loop
      vertex 156.694 108.494 21.45
      vertex 156.545 108.3 24.05
      vertex 156.545 108.3 21.45
    endloop
  endfacet
  facet normal 0.0450362 -0.998985 0
    outer loop
      vertex 154.4 107.3 21.45
      vertex 154.644 107.311 24.05
      vertex 154.4 107.3 24.05
    endloop
  endfacet
  facet normal 0.0450362 -0.998985 0
    outer loop
      vertex 154.644 107.311 24.05
      vertex 154.4 107.3 21.45
      vertex 154.644 107.311 21.45
    endloop
  endfacet
  facet normal -0.977139 -0.212599 0
    outer loop
      vertex 127.895 109.375 21.45
      vertex 127.843 109.614 24.05
      vertex 127.843 109.614 21.45
    endloop
  endfacet
  facet normal -0.977139 -0.212599 0
    outer loop
      vertex 127.843 109.614 24.05
      vertex 127.895 109.375 21.45
      vertex 127.895 109.375 24.05
    endloop
  endfacet
  facet normal 0.99137 -0.13109 0
    outer loop
      vertex 157.157 109.614 24.05
      vertex 157.189 109.856 21.45
      vertex 157.189 109.856 24.05
    endloop
  endfacet
  facet normal 0.99137 -0.13109 0
    outer loop
      vertex 157.189 109.856 21.45
      vertex 157.157 109.614 24.05
      vertex 157.157 109.614 21.45
    endloop
  endfacet
  facet normal 0.212599 -0.977139 0
    outer loop
      vertex 154.886 107.343 21.45
      vertex 155.125 107.395 24.05
      vertex 154.886 107.343 24.05
    endloop
  endfacet
  facet normal 0.212599 -0.977139 0
    outer loop
      vertex 155.125 107.395 24.05
      vertex 154.886 107.343 21.45
      vertex 155.125 107.395 21.45
    endloop
  endfacet
  facet normal -0.924167 0.381989 0
    outer loop
      vertex 127.969 146.858 21.45
      vertex 128.062 147.083 24.05
      vertex 128.062 147.083 21.45
    endloop
  endfacet
  facet normal -0.924167 0.381989 0
    outer loop
      vertex 128.062 147.083 24.05
      vertex 127.969 146.858 21.45
      vertex 127.969 146.858 24.05
    endloop
  endfacet
  facet normal 0.381989 -0.924167 0
    outer loop
      vertex 155.358 107.469 21.45
      vertex 155.583 107.562 24.05
      vertex 155.358 107.469 24.05
    endloop
  endfacet
  facet normal 0.381989 -0.924167 0
    outer loop
      vertex 155.583 107.562 24.05
      vertex 155.358 107.469 21.45
      vertex 155.583 107.562 21.45
    endloop
  endfacet
  facet normal -0.461867 0.886949 0
    outer loop
      vertex 129.417 148.438 21.45
      vertex 129.2 148.325 24.05
      vertex 129.417 148.438 24.05
    endloop
  endfacet
  facet normal -0.461867 0.886949 0
    outer loop
      vertex 129.2 148.325 24.05
      vertex 129.417 148.438 21.45
      vertex 129.2 148.325 21.45
    endloop
  endfacet
  facet normal 0.924167 0.381989 0
    outer loop
      vertex 157.031 146.858 24.05
      vertex 156.938 147.083 21.45
      vertex 156.938 147.083 24.05
    endloop
  endfacet
  facet normal 0.924167 0.381989 0
    outer loop
      vertex 156.938 147.083 21.45
      vertex 157.031 146.858 24.05
      vertex 157.031 146.858 21.45
    endloop
  endfacet
  facet normal -0.461867 -0.886949 0
    outer loop
      vertex 129.2 107.675 21.45
      vertex 129.417 107.562 24.05
      vertex 129.2 107.675 24.05
    endloop
  endfacet
  facet normal -0.461867 -0.886949 -0
    outer loop
      vertex 129.417 107.562 24.05
      vertex 129.2 107.675 21.45
      vertex 129.417 107.562 21.45
    endloop
  endfacet
  facet normal -0.0450362 -0.998985 0
    outer loop
      vertex 130.356 107.311 21.45
      vertex 130.6 107.3 24.05
      vertex 130.356 107.311 24.05
    endloop
  endfacet
  facet normal -0.0450362 -0.998985 -0
    outer loop
      vertex 130.6 107.3 24.05
      vertex 130.356 107.311 21.45
      vertex 130.6 107.3 21.45
    endloop
  endfacet
  facet normal -0.84383 0.53661 0
    outer loop
      vertex 128.175 147.3 21.45
      vertex 128.306 147.506 24.05
      vertex 128.306 147.506 21.45
    endloop
  endfacet
  facet normal -0.84383 0.53661 0
    outer loop
      vertex 128.306 147.506 24.05
      vertex 128.175 147.3 21.45
      vertex 128.175 147.3 24.05
    endloop
  endfacet
  facet normal -0.53661 0.84383 0
    outer loop
      vertex 129.2 148.325 21.45
      vertex 128.994 148.194 24.05
      vertex 129.2 148.325 24.05
    endloop
  endfacet
  facet normal -0.53661 0.84383 0
    outer loop
      vertex 128.994 148.194 24.05
      vertex 129.2 148.325 21.45
      vertex 128.994 148.194 21.45
    endloop
  endfacet
  facet normal -0.302697 0.953087 0
    outer loop
      vertex 129.875 148.605 21.45
      vertex 129.642 148.531 24.05
      vertex 129.875 148.605 24.05
    endloop
  endfacet
  facet normal -0.302697 0.953087 0
    outer loop
      vertex 129.642 148.531 24.05
      vertex 129.875 148.605 21.45
      vertex 129.642 148.531 21.45
    endloop
  endfacet
  facet normal -0.79308 0.609118 0
    outer loop
      vertex 128.306 147.506 21.45
      vertex 128.455 147.7 24.05
      vertex 128.455 147.7 21.45
    endloop
  endfacet
  facet normal -0.79308 0.609118 0
    outer loop
      vertex 128.455 147.7 24.05
      vertex 128.306 147.506 21.45
      vertex 128.306 147.506 24.05
    endloop
  endfacet
  facet normal -0.53661 -0.84383 0
    outer loop
      vertex 128.994 107.806 21.45
      vertex 129.2 107.675 24.05
      vertex 128.994 107.806 24.05
    endloop
  endfacet
  facet normal -0.53661 -0.84383 -0
    outer loop
      vertex 129.2 107.675 24.05
      vertex 128.994 107.806 21.45
      vertex 129.2 107.675 21.45
    endloop
  endfacet
  facet normal -0.302697 -0.953087 0
    outer loop
      vertex 129.642 107.469 21.45
      vertex 129.875 107.395 24.05
      vertex 129.642 107.469 24.05
    endloop
  endfacet
  facet normal -0.302697 -0.953087 -0
    outer loop
      vertex 129.875 107.395 24.05
      vertex 129.642 107.469 21.45
      vertex 129.875 107.395 21.45
    endloop
  endfacet
  facet normal 0.302697 -0.953087 0
    outer loop
      vertex 155.125 107.395 21.45
      vertex 155.358 107.469 24.05
      vertex 155.125 107.395 24.05
    endloop
  endfacet
  facet normal 0.302697 -0.953087 0
    outer loop
      vertex 155.358 107.469 24.05
      vertex 155.125 107.395 21.45
      vertex 155.358 107.469 21.45
    endloop
  endfacet
  facet normal 0.924167 -0.381989 0
    outer loop
      vertex 156.938 108.917 24.05
      vertex 157.031 109.142 21.45
      vertex 157.031 109.142 24.05
    endloop
  endfacet
  facet normal 0.924167 -0.381989 0
    outer loop
      vertex 157.031 109.142 21.45
      vertex 156.938 108.917 24.05
      vertex 156.938 108.917 21.45
    endloop
  endfacet
  facet normal 0.675725 0.737154 -0
    outer loop
      vertex 156.38 147.88 21.45
      vertex 156.2 148.045 24.05
      vertex 156.38 147.88 24.05
    endloop
  endfacet
  facet normal 0.675725 0.737154 0
    outer loop
      vertex 156.2 148.045 24.05
      vertex 156.38 147.88 21.45
      vertex 156.2 148.045 21.45
    endloop
  endfacet
  facet normal 0.998985 -0.0450362 0
    outer loop
      vertex 157.189 109.856 24.05
      vertex 157.2 110.1 21.45
      vertex 157.2 110.1 24.05
    endloop
  endfacet
  facet normal 0.998985 -0.0450362 0
    outer loop
      vertex 157.2 110.1 21.45
      vertex 157.189 109.856 24.05
      vertex 157.189 109.856 21.45
    endloop
  endfacet
  facet normal -0.0450362 0.998985 0
    outer loop
      vertex 130.6 148.7 21.45
      vertex 130.356 148.689 24.05
      vertex 130.6 148.7 24.05
    endloop
  endfacet
  facet normal -0.0450362 0.998985 0
    outer loop
      vertex 130.356 148.689 24.05
      vertex 130.6 148.7 21.45
      vertex 130.356 148.689 21.45
    endloop
  endfacet
  facet normal 0.461867 -0.886949 0
    outer loop
      vertex 155.583 107.562 21.45
      vertex 155.8 107.675 24.05
      vertex 155.583 107.562 24.05
    endloop
  endfacet
  facet normal 0.461867 -0.886949 0
    outer loop
      vertex 155.8 107.675 24.05
      vertex 155.583 107.562 21.45
      vertex 155.8 107.675 21.45
    endloop
  endfacet
  facet normal 0.737154 -0.675725 0
    outer loop
      vertex 156.38 108.12 24.05
      vertex 156.545 108.3 21.45
      vertex 156.545 108.3 24.05
    endloop
  endfacet
  facet normal 0.737154 -0.675725 0
    outer loop
      vertex 156.545 108.3 21.45
      vertex 156.38 108.12 24.05
      vertex 156.38 108.12 21.45
    endloop
  endfacet
  facet normal -0.737154 0.675725 0
    outer loop
      vertex 128.455 147.7 21.45
      vertex 128.62 147.88 24.05
      vertex 128.62 147.88 21.45
    endloop
  endfacet
  facet normal -0.737154 0.675725 0
    outer loop
      vertex 128.62 147.88 24.05
      vertex 128.455 147.7 21.45
      vertex 128.455 147.7 24.05
    endloop
  endfacet
  facet normal 0.13109 -0.99137 0
    outer loop
      vertex 154.644 107.311 21.45
      vertex 154.886 107.343 24.05
      vertex 154.644 107.311 24.05
    endloop
  endfacet
  facet normal 0.13109 -0.99137 0
    outer loop
      vertex 154.886 107.343 24.05
      vertex 154.644 107.311 21.45
      vertex 154.886 107.343 21.45
    endloop
  endfacet
  facet normal -0.886949 0.461867 0
    outer loop
      vertex 128.062 147.083 21.45
      vertex 128.175 147.3 24.05
      vertex 128.175 147.3 21.45
    endloop
  endfacet
  facet normal -0.886949 0.461867 0
    outer loop
      vertex 128.175 147.3 24.05
      vertex 128.062 147.083 21.45
      vertex 128.062 147.083 24.05
    endloop
  endfacet
  facet normal -0.381989 -0.924167 0
    outer loop
      vertex 129.417 107.562 21.45
      vertex 129.642 107.469 24.05
      vertex 129.417 107.562 24.05
    endloop
  endfacet
  facet normal -0.381989 -0.924167 -0
    outer loop
      vertex 129.642 107.469 24.05
      vertex 129.417 107.562 21.45
      vertex 129.642 107.469 21.45
    endloop
  endfacet
  facet normal 0.886949 0.461867 0
    outer loop
      vertex 156.938 147.083 24.05
      vertex 156.825 147.3 21.45
      vertex 156.825 147.3 24.05
    endloop
  endfacet
  facet normal 0.886949 0.461867 0
    outer loop
      vertex 156.825 147.3 21.45
      vertex 156.938 147.083 24.05
      vertex 156.938 147.083 21.45
    endloop
  endfacet
  facet normal 0.737154 0.675725 0
    outer loop
      vertex 156.545 147.7 24.05
      vertex 156.38 147.88 21.45
      vertex 156.38 147.88 24.05
    endloop
  endfacet
  facet normal 0.737154 0.675725 0
    outer loop
      vertex 156.38 147.88 21.45
      vertex 156.545 147.7 24.05
      vertex 156.545 147.7 21.45
    endloop
  endfacet
  facet normal -0.13109 0.99137 0
    outer loop
      vertex 130.356 148.689 21.45
      vertex 130.114 148.657 24.05
      vertex 130.356 148.689 24.05
    endloop
  endfacet
  facet normal -0.13109 0.99137 0
    outer loop
      vertex 130.114 148.657 24.05
      vertex 130.356 148.689 21.45
      vertex 130.114 148.657 21.45
    endloop
  endfacet
  facet normal -0.212599 0.977139 0
    outer loop
      vertex 130.114 148.657 21.45
      vertex 129.875 148.605 24.05
      vertex 130.114 148.657 24.05
    endloop
  endfacet
  facet normal -0.212599 0.977139 0
    outer loop
      vertex 129.875 148.605 24.05
      vertex 130.114 148.657 21.45
      vertex 129.875 148.605 21.45
    endloop
  endfacet
  facet normal -0.84383 -0.53661 0
    outer loop
      vertex 128.306 108.494 21.45
      vertex 128.175 108.7 24.05
      vertex 128.175 108.7 21.45
    endloop
  endfacet
  facet normal -0.84383 -0.53661 0
    outer loop
      vertex 128.175 108.7 24.05
      vertex 128.306 108.494 21.45
      vertex 128.306 108.494 24.05
    endloop
  endfacet
  facet normal -0.609118 -0.79308 0
    outer loop
      vertex 128.8 107.955 21.45
      vertex 128.994 107.806 24.05
      vertex 128.8 107.955 24.05
    endloop
  endfacet
  facet normal -0.609118 -0.79308 -0
    outer loop
      vertex 128.994 107.806 24.05
      vertex 128.8 107.955 21.45
      vertex 128.994 107.806 21.45
    endloop
  endfacet
  facet normal 0.302697 0.953087 -0
    outer loop
      vertex 155.358 148.531 21.45
      vertex 155.125 148.605 24.05
      vertex 155.358 148.531 24.05
    endloop
  endfacet
  facet normal 0.302697 0.953087 0
    outer loop
      vertex 155.125 148.605 24.05
      vertex 155.358 148.531 21.45
      vertex 155.125 148.605 21.45
    endloop
  endfacet
  facet normal 0.977139 -0.212599 0
    outer loop
      vertex 157.105 109.375 24.05
      vertex 157.157 109.614 21.45
      vertex 157.157 109.614 24.05
    endloop
  endfacet
  facet normal 0.977139 -0.212599 0
    outer loop
      vertex 157.157 109.614 21.45
      vertex 157.105 109.375 24.05
      vertex 157.105 109.375 21.45
    endloop
  endfacet
  facet normal 0.609118 0.79308 -0
    outer loop
      vertex 156.2 148.045 21.45
      vertex 156.006 148.194 24.05
      vertex 156.2 148.045 24.05
    endloop
  endfacet
  facet normal 0.609118 0.79308 0
    outer loop
      vertex 156.006 148.194 24.05
      vertex 156.2 148.045 21.45
      vertex 156.006 148.194 21.45
    endloop
  endfacet
  facet normal -0.212599 -0.977139 0
    outer loop
      vertex 129.875 107.395 21.45
      vertex 130.114 107.343 24.05
      vertex 129.875 107.395 24.05
    endloop
  endfacet
  facet normal -0.212599 -0.977139 -0
    outer loop
      vertex 130.114 107.343 24.05
      vertex 129.875 107.395 21.45
      vertex 130.114 107.343 21.45
    endloop
  endfacet
  facet normal 0.953087 0.302697 0
    outer loop
      vertex 157.105 146.625 24.05
      vertex 157.031 146.858 21.45
      vertex 157.031 146.858 24.05
    endloop
  endfacet
  facet normal 0.953087 0.302697 0
    outer loop
      vertex 157.031 146.858 21.45
      vertex 157.105 146.625 24.05
      vertex 157.105 146.625 21.45
    endloop
  endfacet
  facet normal 0.609118 -0.79308 0
    outer loop
      vertex 156.006 107.806 21.45
      vertex 156.2 107.955 24.05
      vertex 156.006 107.806 24.05
    endloop
  endfacet
  facet normal 0.609118 -0.79308 0
    outer loop
      vertex 156.2 107.955 24.05
      vertex 156.006 107.806 21.45
      vertex 156.2 107.955 21.45
    endloop
  endfacet
  facet normal 0.212599 0.977139 -0
    outer loop
      vertex 155.125 148.605 21.45
      vertex 154.886 148.657 24.05
      vertex 155.125 148.605 24.05
    endloop
  endfacet
  facet normal 0.212599 0.977139 0
    outer loop
      vertex 154.886 148.657 24.05
      vertex 155.125 148.605 21.45
      vertex 154.886 148.657 21.45
    endloop
  endfacet
  facet normal 0.977139 0.212599 0
    outer loop
      vertex 157.157 146.386 24.05
      vertex 157.105 146.625 21.45
      vertex 157.105 146.625 24.05
    endloop
  endfacet
  facet normal 0.977139 0.212599 0
    outer loop
      vertex 157.105 146.625 21.45
      vertex 157.157 146.386 24.05
      vertex 157.157 146.386 21.45
    endloop
  endfacet
  facet normal 0.13109 0.99137 -0
    outer loop
      vertex 154.886 148.657 21.45
      vertex 154.644 148.689 24.05
      vertex 154.886 148.657 24.05
    endloop
  endfacet
  facet normal 0.13109 0.99137 0
    outer loop
      vertex 154.644 148.689 24.05
      vertex 154.886 148.657 21.45
      vertex 154.644 148.689 21.45
    endloop
  endfacet
  facet normal 0.53661 0.84383 -0
    outer loop
      vertex 156.006 148.194 21.45
      vertex 155.8 148.325 24.05
      vertex 156.006 148.194 24.05
    endloop
  endfacet
  facet normal 0.53661 0.84383 0
    outer loop
      vertex 155.8 148.325 24.05
      vertex 156.006 148.194 21.45
      vertex 155.8 148.325 21.45
    endloop
  endfacet
  facet normal -0.675725 -0.737154 0
    outer loop
      vertex 128.62 108.12 21.45
      vertex 128.8 107.955 24.05
      vertex 128.62 108.12 24.05
    endloop
  endfacet
  facet normal -0.675725 -0.737154 -0
    outer loop
      vertex 128.8 107.955 24.05
      vertex 128.62 108.12 21.45
      vertex 128.8 107.955 21.45
    endloop
  endfacet
  facet normal 0.299622 -0.954058 0
    outer loop
      vertex 125.054 117.363 21.45
      vertex 125.175 117.401 22.65
      vertex 125.054 117.363 22.65
    endloop
  endfacet
  facet normal 0.299622 -0.954058 0
    outer loop
      vertex 125.175 117.401 22.65
      vertex 125.054 117.363 21.45
      vertex 125.175 117.401 21.45
    endloop
  endfacet
  facet normal -0.992034 -0.125973 0
    outer loop
      vertex 126.994 116.126 21.45
      vertex 126.978 116.252 22.65
      vertex 126.978 116.252 21.45
    endloop
  endfacet
  facet normal -0.992034 -0.125973 0
    outer loop
      vertex 126.978 116.252 22.65
      vertex 126.994 116.126 21.45
      vertex 126.994 116.126 22.65
    endloop
  endfacet
  facet normal -0.998868 -0.0475651 0
    outer loop
      vertex 127 116 21.45
      vertex 126.994 116.126 22.65
      vertex 126.994 116.126 21.45
    endloop
  endfacet
  facet normal -0.998868 -0.0475651 0
    outer loop
      vertex 126.994 116.126 22.65
      vertex 127 116 21.45
      vertex 127 116 22.65
    endloop
  endfacet
  facet normal -0.976744 -0.214407 0
    outer loop
      vertex 126.978 116.252 21.45
      vertex 126.951 116.375 22.65
      vertex 126.951 116.375 21.45
    endloop
  endfacet
  facet normal -0.976744 -0.214407 0
    outer loop
      vertex 126.951 116.375 22.65
      vertex 126.978 116.252 21.45
      vertex 126.978 116.252 22.65
    endloop
  endfacet
  facet normal 0.459854 -0.887994 0
    outer loop
      vertex 124.825 117.256 21.45
      vertex 124.937 117.314 22.65
      vertex 124.825 117.256 22.65
    endloop
  endfacet
  facet normal 0.459854 -0.887994 0
    outer loop
      vertex 124.937 117.314 22.65
      vertex 124.825 117.256 21.45
      vertex 124.937 117.314 21.45
    endloop
  endfacet
  facet normal 0.922376 -0.386294 0
    outer loop
      vertex 124.187 116.496 22.65
      vertex 124.236 116.613 21.45
      vertex 124.236 116.613 22.65
    endloop
  endfacet
  facet normal 0.922376 -0.386294 0
    outer loop
      vertex 124.236 116.613 21.45
      vertex 124.187 116.496 22.65
      vertex 124.187 116.496 21.45
    endloop
  endfacet
  facet normal 0.792329 -0.610094 0
    outer loop
      vertex 124.362 116.832 22.65
      vertex 124.439 116.932 21.45
      vertex 124.439 116.932 22.65
    endloop
  endfacet
  facet normal 0.792329 -0.610094 0
    outer loop
      vertex 124.439 116.932 21.45
      vertex 124.362 116.832 22.65
      vertex 124.362 116.832 21.45
    endloop
  endfacet
  facet normal -0.922376 -0.386294 0
    outer loop
      vertex 126.913 116.496 21.45
      vertex 126.864 116.613 22.65
      vertex 126.864 116.613 21.45
    endloop
  endfacet
  facet normal -0.922376 -0.386294 0
    outer loop
      vertex 126.864 116.613 22.65
      vertex 126.913 116.496 21.45
      vertex 126.913 116.496 22.65
    endloop
  endfacet
  facet normal 0.299622 0.954058 -0
    outer loop
      vertex 125.175 114.599 21.45
      vertex 125.054 114.637 22.65
      vertex 125.175 114.599 22.65
    endloop
  endfacet
  facet normal 0.299622 0.954058 0
    outer loop
      vertex 125.054 114.637 22.65
      vertex 125.175 114.599 21.45
      vertex 125.054 114.637 21.45
    endloop
  endfacet
  facet normal -0.998868 0.0475651 0
    outer loop
      vertex 126.994 115.874 21.45
      vertex 127 116 22.65
      vertex 127 116 21.45
    endloop
  endfacet
  facet normal -0.998868 0.0475651 0
    outer loop
      vertex 127 116 22.65
      vertex 126.994 115.874 21.45
      vertex 126.994 115.874 22.65
    endloop
  endfacet
  facet normal 0.125973 0.992034 -0
    outer loop
      vertex 125.424 114.556 21.45
      vertex 125.298 114.572 22.65
      vertex 125.424 114.556 22.65
    endloop
  endfacet
  facet normal 0.125973 0.992034 0
    outer loop
      vertex 125.298 114.572 22.65
      vertex 125.424 114.556 21.45
      vertex 125.298 114.572 21.45
    endloop
  endfacet
  facet normal -0.792329 -0.610094 0
    outer loop
      vertex 126.738 116.832 21.45
      vertex 126.661 116.932 22.65
      vertex 126.661 116.932 21.45
    endloop
  endfacet
  facet normal -0.792329 -0.610094 0
    outer loop
      vertex 126.661 116.932 22.65
      vertex 126.738 116.832 21.45
      vertex 126.738 116.832 22.65
    endloop
  endfacet
  facet normal 0.992034 -0.125973 0
    outer loop
      vertex 124.106 116.126 22.65
      vertex 124.122 116.252 21.45
      vertex 124.122 116.252 22.65
    endloop
  endfacet
  facet normal 0.992034 -0.125973 0
    outer loop
      vertex 124.122 116.252 21.45
      vertex 124.106 116.126 22.65
      vertex 124.106 116.126 21.45
    endloop
  endfacet
  facet normal -0.678936 -0.734198 0
    outer loop
      vertex 126.482 117.111 21.45
      vertex 126.575 117.025 22.65
      vertex 126.482 117.111 22.65
    endloop
  endfacet
  facet normal -0.678936 -0.734198 -0
    outer loop
      vertex 126.575 117.025 22.65
      vertex 126.482 117.111 21.45
      vertex 126.575 117.025 21.45
    endloop
  endfacet
  facet normal -0.954058 0.299622 0
    outer loop
      vertex 126.913 115.504 21.45
      vertex 126.951 115.625 22.65
      vertex 126.951 115.625 21.45
    endloop
  endfacet
  facet normal -0.954058 0.299622 0
    outer loop
      vertex 126.951 115.625 22.65
      vertex 126.913 115.504 21.45
      vertex 126.913 115.504 22.65
    endloop
  endfacet
  facet normal 0.0475651 -0.998868 0
    outer loop
      vertex 125.424 117.444 21.45
      vertex 125.55 117.45 22.65
      vertex 125.424 117.444 22.65
    endloop
  endfacet
  facet normal 0.0475651 -0.998868 0
    outer loop
      vertex 125.55 117.45 22.65
      vertex 125.424 117.444 21.45
      vertex 125.55 117.45 21.45
    endloop
  endfacet
  facet normal -0.214407 -0.976744 0
    outer loop
      vertex 125.802 117.428 21.45
      vertex 125.925 117.401 22.65
      vertex 125.802 117.428 22.65
    endloop
  endfacet
  facet normal -0.214407 -0.976744 -0
    outer loop
      vertex 125.925 117.401 22.65
      vertex 125.802 117.428 21.45
      vertex 125.925 117.401 21.45
    endloop
  endfacet
  facet normal 0.0475651 0.998868 -0
    outer loop
      vertex 125.55 114.55 21.45
      vertex 125.424 114.556 22.65
      vertex 125.55 114.55 22.65
    endloop
  endfacet
  facet normal 0.0475651 0.998868 0
    outer loop
      vertex 125.424 114.556 22.65
      vertex 125.55 114.55 21.45
      vertex 125.424 114.556 21.45
    endloop
  endfacet
  facet normal 0.125973 -0.992034 0
    outer loop
      vertex 125.298 117.428 21.45
      vertex 125.424 117.444 22.65
      vertex 125.298 117.428 22.65
    endloop
  endfacet
  facet normal 0.125973 -0.992034 0
    outer loop
      vertex 125.424 117.444 22.65
      vertex 125.298 117.428 21.45
      vertex 125.424 117.444 21.45
    endloop
  endfacet
  facet normal 0.214407 -0.976744 0
    outer loop
      vertex 125.175 117.401 21.45
      vertex 125.298 117.428 22.65
      vertex 125.175 117.401 22.65
    endloop
  endfacet
  facet normal 0.214407 -0.976744 0
    outer loop
      vertex 125.298 117.428 22.65
      vertex 125.175 117.401 21.45
      vertex 125.298 117.428 21.45
    endloop
  endfacet
  facet normal -0.610094 0.792329 0
    outer loop
      vertex 126.482 114.889 21.45
      vertex 126.382 114.812 22.65
      vertex 126.482 114.889 22.65
    endloop
  endfacet
  facet normal -0.610094 0.792329 0
    outer loop
      vertex 126.382 114.812 22.65
      vertex 126.482 114.889 21.45
      vertex 126.382 114.812 21.45
    endloop
  endfacet
  facet normal 0.536365 0.843986 -0
    outer loop
      vertex 124.825 114.744 21.45
      vertex 124.718 114.812 22.65
      vertex 124.825 114.744 22.65
    endloop
  endfacet
  facet normal 0.536365 0.843986 0
    outer loop
      vertex 124.718 114.812 22.65
      vertex 124.825 114.744 21.45
      vertex 124.718 114.812 21.45
    endloop
  endfacet
  facet normal -0.536365 -0.843986 0
    outer loop
      vertex 126.275 117.256 21.45
      vertex 126.382 117.188 22.65
      vertex 126.275 117.256 22.65
    endloop
  endfacet
  facet normal -0.536365 -0.843986 -0
    outer loop
      vertex 126.382 117.188 22.65
      vertex 126.275 117.256 21.45
      vertex 126.382 117.188 21.45
    endloop
  endfacet
  facet normal -0.386294 -0.922376 0
    outer loop
      vertex 126.046 117.363 21.45
      vertex 126.163 117.314 22.65
      vertex 126.046 117.363 22.65
    endloop
  endfacet
  facet normal -0.386294 -0.922376 -0
    outer loop
      vertex 126.163 117.314 22.65
      vertex 126.046 117.363 21.45
      vertex 126.163 117.314 21.45
    endloop
  endfacet
  facet normal -0.125973 0.992034 0
    outer loop
      vertex 125.802 114.572 21.45
      vertex 125.676 114.556 22.65
      vertex 125.802 114.572 22.65
    endloop
  endfacet
  facet normal -0.125973 0.992034 0
    outer loop
      vertex 125.676 114.556 22.65
      vertex 125.802 114.572 21.45
      vertex 125.676 114.556 21.45
    endloop
  endfacet
  facet normal -0.954058 -0.299622 0
    outer loop
      vertex 126.951 116.375 21.45
      vertex 126.913 116.496 22.65
      vertex 126.913 116.496 21.45
    endloop
  endfacet
  facet normal -0.954058 -0.299622 0
    outer loop
      vertex 126.913 116.496 22.65
      vertex 126.951 116.375 21.45
      vertex 126.951 116.375 22.65
    endloop
  endfacet
  facet normal -0.734198 0.678936 0
    outer loop
      vertex 126.575 114.975 21.45
      vertex 126.661 115.068 22.65
      vertex 126.661 115.068 21.45
    endloop
  endfacet
  facet normal -0.734198 0.678936 0
    outer loop
      vertex 126.661 115.068 22.65
      vertex 126.575 114.975 21.45
      vertex 126.575 114.975 22.65
    endloop
  endfacet
  facet normal -0.843986 -0.536365 0
    outer loop
      vertex 126.806 116.725 21.45
      vertex 126.738 116.832 22.65
      vertex 126.738 116.832 21.45
    endloop
  endfacet
  facet normal -0.843986 -0.536365 0
    outer loop
      vertex 126.738 116.832 22.65
      vertex 126.806 116.725 21.45
      vertex 126.806 116.725 22.65
    endloop
  endfacet
  facet normal -0.922376 0.386294 0
    outer loop
      vertex 126.864 115.387 21.45
      vertex 126.913 115.504 22.65
      vertex 126.913 115.504 21.45
    endloop
  endfacet
  facet normal -0.922376 0.386294 0
    outer loop
      vertex 126.913 115.504 22.65
      vertex 126.864 115.387 21.45
      vertex 126.864 115.387 22.65
    endloop
  endfacet
  facet normal 0.610094 -0.792329 0
    outer loop
      vertex 124.618 117.111 21.45
      vertex 124.718 117.188 22.65
      vertex 124.618 117.111 22.65
    endloop
  endfacet
  facet normal 0.610094 -0.792329 0
    outer loop
      vertex 124.718 117.188 22.65
      vertex 124.618 117.111 21.45
      vertex 124.718 117.188 21.45
    endloop
  endfacet
  facet normal 0.610094 0.792329 -0
    outer loop
      vertex 124.718 114.812 21.45
      vertex 124.618 114.889 22.65
      vertex 124.718 114.812 22.65
    endloop
  endfacet
  facet normal 0.610094 0.792329 0
    outer loop
      vertex 124.618 114.889 22.65
      vertex 124.718 114.812 21.45
      vertex 124.618 114.889 21.45
    endloop
  endfacet
  facet normal -0.976744 0.214407 0
    outer loop
      vertex 126.951 115.625 21.45
      vertex 126.978 115.748 22.65
      vertex 126.978 115.748 21.45
    endloop
  endfacet
  facet normal -0.976744 0.214407 0
    outer loop
      vertex 126.978 115.748 22.65
      vertex 126.951 115.625 21.45
      vertex 126.951 115.625 22.65
    endloop
  endfacet
  facet normal 0.954058 0.299622 0
    outer loop
      vertex 124.187 115.504 22.65
      vertex 124.149 115.625 21.45
      vertex 124.149 115.625 22.65
    endloop
  endfacet
  facet normal 0.954058 0.299622 0
    outer loop
      vertex 124.149 115.625 21.45
      vertex 124.187 115.504 22.65
      vertex 124.187 115.504 21.45
    endloop
  endfacet
  facet normal 0.843986 -0.536365 0
    outer loop
      vertex 124.294 116.725 22.65
      vertex 124.362 116.832 21.45
      vertex 124.362 116.832 22.65
    endloop
  endfacet
  facet normal 0.843986 -0.536365 0
    outer loop
      vertex 124.362 116.832 21.45
      vertex 124.294 116.725 22.65
      vertex 124.294 116.725 21.45
    endloop
  endfacet
  facet normal -0.792329 0.610094 0
    outer loop
      vertex 126.661 115.068 21.45
      vertex 126.738 115.168 22.65
      vertex 126.738 115.168 21.45
    endloop
  endfacet
  facet normal -0.792329 0.610094 0
    outer loop
      vertex 126.738 115.168 22.65
      vertex 126.661 115.068 21.45
      vertex 126.661 115.068 22.65
    endloop
  endfacet
  facet normal -0.214407 0.976744 0
    outer loop
      vertex 125.925 114.599 21.45
      vertex 125.802 114.572 22.65
      vertex 125.925 114.599 22.65
    endloop
  endfacet
  facet normal -0.214407 0.976744 0
    outer loop
      vertex 125.802 114.572 22.65
      vertex 125.925 114.599 21.45
      vertex 125.802 114.572 21.45
    endloop
  endfacet
  facet normal 0.386294 0.922376 -0
    outer loop
      vertex 125.054 114.637 21.45
      vertex 124.937 114.686 22.65
      vertex 125.054 114.637 22.65
    endloop
  endfacet
  facet normal 0.386294 0.922376 0
    outer loop
      vertex 124.937 114.686 22.65
      vertex 125.054 114.637 21.45
      vertex 124.937 114.686 21.45
    endloop
  endfacet
  facet normal 0.887994 0.459854 0
    outer loop
      vertex 124.294 115.275 22.65
      vertex 124.236 115.387 21.45
      vertex 124.236 115.387 22.65
    endloop
  endfacet
  facet normal 0.887994 0.459854 0
    outer loop
      vertex 124.236 115.387 21.45
      vertex 124.294 115.275 22.65
      vertex 124.294 115.275 21.45
    endloop
  endfacet
  facet normal 0.922376 0.386294 0
    outer loop
      vertex 124.236 115.387 22.65
      vertex 124.187 115.504 21.45
      vertex 124.187 115.504 22.65
    endloop
  endfacet
  facet normal 0.922376 0.386294 0
    outer loop
      vertex 124.187 115.504 21.45
      vertex 124.236 115.387 22.65
      vertex 124.236 115.387 21.45
    endloop
  endfacet
  facet normal -0.887994 0.459854 0
    outer loop
      vertex 126.806 115.275 21.45
      vertex 126.864 115.387 22.65
      vertex 126.864 115.387 21.45
    endloop
  endfacet
  facet normal -0.887994 0.459854 0
    outer loop
      vertex 126.864 115.387 22.65
      vertex 126.806 115.275 21.45
      vertex 126.806 115.275 22.65
    endloop
  endfacet
  facet normal 0.386294 -0.922376 0
    outer loop
      vertex 124.937 117.314 21.45
      vertex 125.054 117.363 22.65
      vertex 124.937 117.314 22.65
    endloop
  endfacet
  facet normal 0.386294 -0.922376 0
    outer loop
      vertex 125.054 117.363 22.65
      vertex 124.937 117.314 21.45
      vertex 125.054 117.363 21.45
    endloop
  endfacet
  facet normal -0.992034 0.125973 0
    outer loop
      vertex 126.978 115.748 21.45
      vertex 126.994 115.874 22.65
      vertex 126.994 115.874 21.45
    endloop
  endfacet
  facet normal -0.992034 0.125973 0
    outer loop
      vertex 126.994 115.874 22.65
      vertex 126.978 115.748 21.45
      vertex 126.978 115.748 22.65
    endloop
  endfacet
  facet normal -0.299622 -0.954058 0
    outer loop
      vertex 125.925 117.401 21.45
      vertex 126.046 117.363 22.65
      vertex 125.925 117.401 22.65
    endloop
  endfacet
  facet normal -0.299622 -0.954058 -0
    outer loop
      vertex 126.046 117.363 22.65
      vertex 125.925 117.401 21.45
      vertex 126.046 117.363 21.45
    endloop
  endfacet
  facet normal -0.610094 -0.792329 0
    outer loop
      vertex 126.382 117.188 21.45
      vertex 126.482 117.111 22.65
      vertex 126.382 117.188 22.65
    endloop
  endfacet
  facet normal -0.610094 -0.792329 -0
    outer loop
      vertex 126.482 117.111 22.65
      vertex 126.382 117.188 21.45
      vertex 126.482 117.111 21.45
    endloop
  endfacet
  facet normal 0.792329 0.610094 0
    outer loop
      vertex 124.439 115.068 22.65
      vertex 124.362 115.168 21.45
      vertex 124.362 115.168 22.65
    endloop
  endfacet
  facet normal 0.792329 0.610094 0
    outer loop
      vertex 124.362 115.168 21.45
      vertex 124.439 115.068 22.65
      vertex 124.439 115.068 21.45
    endloop
  endfacet
  facet normal -0.887994 -0.459854 0
    outer loop
      vertex 126.864 116.613 21.45
      vertex 126.806 116.725 22.65
      vertex 126.806 116.725 21.45
    endloop
  endfacet
  facet normal -0.887994 -0.459854 0
    outer loop
      vertex 126.806 116.725 22.65
      vertex 126.864 116.613 21.45
      vertex 126.864 116.613 22.65
    endloop
  endfacet
  facet normal -0.536365 0.843986 0
    outer loop
      vertex 126.382 114.812 21.45
      vertex 126.275 114.744 22.65
      vertex 126.382 114.812 22.65
    endloop
  endfacet
  facet normal -0.536365 0.843986 0
    outer loop
      vertex 126.275 114.744 22.65
      vertex 126.382 114.812 21.45
      vertex 126.275 114.744 21.45
    endloop
  endfacet
  facet normal -0.386294 0.922376 0
    outer loop
      vertex 126.163 114.686 21.45
      vertex 126.046 114.637 22.65
      vertex 126.163 114.686 22.65
    endloop
  endfacet
  facet normal -0.386294 0.922376 0
    outer loop
      vertex 126.046 114.637 22.65
      vertex 126.163 114.686 21.45
      vertex 126.046 114.637 21.45
    endloop
  endfacet
  facet normal -0.299622 0.954058 0
    outer loop
      vertex 126.046 114.637 21.45
      vertex 125.925 114.599 22.65
      vertex 126.046 114.637 22.65
    endloop
  endfacet
  facet normal -0.299622 0.954058 0
    outer loop
      vertex 125.925 114.599 22.65
      vertex 126.046 114.637 21.45
      vertex 125.925 114.599 21.45
    endloop
  endfacet
  facet normal 0.954058 -0.299622 0
    outer loop
      vertex 124.149 116.375 22.65
      vertex 124.187 116.496 21.45
      vertex 124.187 116.496 22.65
    endloop
  endfacet
  facet normal 0.954058 -0.299622 0
    outer loop
      vertex 124.187 116.496 21.45
      vertex 124.149 116.375 22.65
      vertex 124.149 116.375 21.45
    endloop
  endfacet
  facet normal -0.459854 -0.887994 0
    outer loop
      vertex 126.163 117.314 21.45
      vertex 126.275 117.256 22.65
      vertex 126.163 117.314 22.65
    endloop
  endfacet
  facet normal -0.459854 -0.887994 -0
    outer loop
      vertex 126.275 117.256 22.65
      vertex 126.163 117.314 21.45
      vertex 126.275 117.256 21.45
    endloop
  endfacet
  facet normal 0.734198 -0.678936 0
    outer loop
      vertex 124.439 116.932 22.65
      vertex 124.525 117.025 21.45
      vertex 124.525 117.025 22.65
    endloop
  endfacet
  facet normal 0.734198 -0.678936 0
    outer loop
      vertex 124.525 117.025 21.45
      vertex 124.439 116.932 22.65
      vertex 124.439 116.932 21.45
    endloop
  endfacet
  facet normal -0.0475651 0.998868 0
    outer loop
      vertex 125.676 114.556 21.45
      vertex 125.55 114.55 22.65
      vertex 125.676 114.556 22.65
    endloop
  endfacet
  facet normal -0.0475651 0.998868 0
    outer loop
      vertex 125.55 114.55 22.65
      vertex 125.676 114.556 21.45
      vertex 125.55 114.55 21.45
    endloop
  endfacet
  facet normal 0.678936 0.734198 -0
    outer loop
      vertex 124.618 114.889 21.45
      vertex 124.525 114.975 22.65
      vertex 124.618 114.889 22.65
    endloop
  endfacet
  facet normal 0.678936 0.734198 0
    outer loop
      vertex 124.525 114.975 22.65
      vertex 124.618 114.889 21.45
      vertex 124.525 114.975 21.45
    endloop
  endfacet
  facet normal 0.734198 0.678936 0
    outer loop
      vertex 124.525 114.975 22.65
      vertex 124.439 115.068 21.45
      vertex 124.439 115.068 22.65
    endloop
  endfacet
  facet normal 0.734198 0.678936 0
    outer loop
      vertex 124.439 115.068 21.45
      vertex 124.525 114.975 22.65
      vertex 124.525 114.975 21.45
    endloop
  endfacet
  facet normal 0.843986 0.536365 0
    outer loop
      vertex 124.362 115.168 22.65
      vertex 124.294 115.275 21.45
      vertex 124.294 115.275 22.65
    endloop
  endfacet
  facet normal 0.843986 0.536365 0
    outer loop
      vertex 124.294 115.275 21.45
      vertex 124.362 115.168 22.65
      vertex 124.362 115.168 21.45
    endloop
  endfacet
  facet normal 0.536365 -0.843986 0
    outer loop
      vertex 124.718 117.188 21.45
      vertex 124.825 117.256 22.65
      vertex 124.718 117.188 22.65
    endloop
  endfacet
  facet normal 0.536365 -0.843986 0
    outer loop
      vertex 124.825 117.256 22.65
      vertex 124.718 117.188 21.45
      vertex 124.825 117.256 21.45
    endloop
  endfacet
  facet normal -0.843986 0.536365 0
    outer loop
      vertex 126.738 115.168 21.45
      vertex 126.806 115.275 22.65
      vertex 126.806 115.275 21.45
    endloop
  endfacet
  facet normal -0.843986 0.536365 0
    outer loop
      vertex 126.806 115.275 22.65
      vertex 126.738 115.168 21.45
      vertex 126.738 115.168 22.65
    endloop
  endfacet
  facet normal 0.678936 -0.734198 0
    outer loop
      vertex 124.525 117.025 21.45
      vertex 124.618 117.111 22.65
      vertex 124.525 117.025 22.65
    endloop
  endfacet
  facet normal 0.678936 -0.734198 0
    outer loop
      vertex 124.618 117.111 22.65
      vertex 124.525 117.025 21.45
      vertex 124.618 117.111 21.45
    endloop
  endfacet
  facet normal -0.459854 0.887994 0
    outer loop
      vertex 126.275 114.744 21.45
      vertex 126.163 114.686 22.65
      vertex 126.275 114.744 22.65
    endloop
  endfacet
  facet normal -0.459854 0.887994 0
    outer loop
      vertex 126.163 114.686 22.65
      vertex 126.275 114.744 21.45
      vertex 126.163 114.686 21.45
    endloop
  endfacet
  facet normal -0.0475651 -0.998868 0
    outer loop
      vertex 125.55 117.45 21.45
      vertex 125.676 117.444 22.65
      vertex 125.55 117.45 22.65
    endloop
  endfacet
  facet normal -0.0475651 -0.998868 -0
    outer loop
      vertex 125.676 117.444 22.65
      vertex 125.55 117.45 21.45
      vertex 125.676 117.444 21.45
    endloop
  endfacet
  facet normal 0.976744 -0.214407 0
    outer loop
      vertex 124.122 116.252 22.65
      vertex 124.149 116.375 21.45
      vertex 124.149 116.375 22.65
    endloop
  endfacet
  facet normal 0.976744 -0.214407 0
    outer loop
      vertex 124.149 116.375 21.45
      vertex 124.122 116.252 22.65
      vertex 124.122 116.252 21.45
    endloop
  endfacet
  facet normal 0.992034 0.125973 0
    outer loop
      vertex 124.122 115.748 22.65
      vertex 124.106 115.874 21.45
      vertex 124.106 115.874 22.65
    endloop
  endfacet
  facet normal 0.992034 0.125973 0
    outer loop
      vertex 124.106 115.874 21.45
      vertex 124.122 115.748 22.65
      vertex 124.122 115.748 21.45
    endloop
  endfacet
  facet normal 0.998868 -0.0475651 0
    outer loop
      vertex 124.1 116 22.65
      vertex 124.106 116.126 21.45
      vertex 124.106 116.126 22.65
    endloop
  endfacet
  facet normal 0.998868 -0.0475651 0
    outer loop
      vertex 124.106 116.126 21.45
      vertex 124.1 116 22.65
      vertex 124.1 116 21.45
    endloop
  endfacet
  facet normal 0.998868 0.0475651 0
    outer loop
      vertex 124.106 115.874 22.65
      vertex 124.1 116 21.45
      vertex 124.1 116 22.65
    endloop
  endfacet
  facet normal 0.998868 0.0475651 0
    outer loop
      vertex 124.1 116 21.45
      vertex 124.106 115.874 22.65
      vertex 124.106 115.874 21.45
    endloop
  endfacet
  facet normal -0.125973 -0.992034 0
    outer loop
      vertex 125.676 117.444 21.45
      vertex 125.802 117.428 22.65
      vertex 125.676 117.444 22.65
    endloop
  endfacet
  facet normal -0.125973 -0.992034 -0
    outer loop
      vertex 125.802 117.428 22.65
      vertex 125.676 117.444 21.45
      vertex 125.802 117.428 21.45
    endloop
  endfacet
  facet normal 0.976744 0.214407 0
    outer loop
      vertex 124.149 115.625 22.65
      vertex 124.122 115.748 21.45
      vertex 124.122 115.748 22.65
    endloop
  endfacet
  facet normal 0.976744 0.214407 0
    outer loop
      vertex 124.122 115.748 21.45
      vertex 124.149 115.625 22.65
      vertex 124.149 115.625 21.45
    endloop
  endfacet
  facet normal 0.887994 -0.459854 0
    outer loop
      vertex 124.236 116.613 22.65
      vertex 124.294 116.725 21.45
      vertex 124.294 116.725 22.65
    endloop
  endfacet
  facet normal 0.887994 -0.459854 0
    outer loop
      vertex 124.294 116.725 21.45
      vertex 124.236 116.613 22.65
      vertex 124.236 116.613 21.45
    endloop
  endfacet
  facet normal 0.214407 0.976744 -0
    outer loop
      vertex 125.298 114.572 21.45
      vertex 125.175 114.599 22.65
      vertex 125.298 114.572 22.65
    endloop
  endfacet
  facet normal 0.214407 0.976744 0
    outer loop
      vertex 125.175 114.599 22.65
      vertex 125.298 114.572 21.45
      vertex 125.175 114.599 21.45
    endloop
  endfacet
  facet normal -0.678936 0.734198 0
    outer loop
      vertex 126.575 114.975 21.45
      vertex 126.482 114.889 22.65
      vertex 126.575 114.975 22.65
    endloop
  endfacet
  facet normal -0.678936 0.734198 0
    outer loop
      vertex 126.482 114.889 22.65
      vertex 126.575 114.975 21.45
      vertex 126.482 114.889 21.45
    endloop
  endfacet
  facet normal -0.734198 -0.678936 0
    outer loop
      vertex 126.661 116.932 21.45
      vertex 126.575 117.025 22.65
      vertex 126.575 117.025 21.45
    endloop
  endfacet
  facet normal -0.734198 -0.678936 0
    outer loop
      vertex 126.575 117.025 22.65
      vertex 126.661 116.932 21.45
      vertex 126.661 116.932 22.65
    endloop
  endfacet
  facet normal 0.459854 0.887994 -0
    outer loop
      vertex 124.937 114.686 21.45
      vertex 124.825 114.744 22.65
      vertex 124.937 114.686 22.65
    endloop
  endfacet
  facet normal 0.459854 0.887994 0
    outer loop
      vertex 124.825 114.744 22.65
      vertex 124.937 114.686 21.45
      vertex 124.825 114.744 21.45
    endloop
  endfacet
  facet normal -0.676688 0.73627 0
    outer loop
      vertex 127.459 114.091 22.65
      vertex 127.286 113.932 24.05
      vertex 127.459 114.091 24.05
    endloop
  endfacet
  facet normal -0.676688 0.73627 0
    outer loop
      vertex 127.286 113.932 24.05
      vertex 127.459 114.091 22.65
      vertex 127.286 113.932 22.65
    endloop
  endfacet
  facet normal -0.991339 -0.131331 0
    outer loop
      vertex 128.24 116.235 22.65
      vertex 128.209 116.469 24.05
      vertex 128.209 116.469 22.65
    endloop
  endfacet
  facet normal -0.991339 -0.131331 0
    outer loop
      vertex 128.209 116.469 24.05
      vertex 128.24 116.235 22.65
      vertex 128.24 116.235 24.05
    endloop
  endfacet
  facet normal -0.999096 -0.0425147 0
    outer loop
      vertex 128.25 116 22.65
      vertex 128.24 116.235 24.05
      vertex 128.24 116.235 22.65
    endloop
  endfacet
  facet normal -0.999096 -0.0425147 0
    outer loop
      vertex 128.24 116.235 24.05
      vertex 128.25 116 22.65
      vertex 128.25 116 24.05
    endloop
  endfacet
  facet normal -0.73627 -0.676688 0
    outer loop
      vertex 127.618 117.736 22.65
      vertex 127.459 117.909 24.05
      vertex 127.459 117.909 22.65
    endloop
  endfacet
  facet normal -0.73627 -0.676688 0
    outer loop
      vertex 127.459 117.909 24.05
      vertex 127.618 117.736 22.65
      vertex 127.618 117.736 24.05
    endloop
  endfacet
  facet normal 0.534951 -0.844883 0
    outer loop
      vertex 124.001 118.212 22.65
      vertex 124.2 118.338 24.05
      vertex 124.001 118.212 24.05
    endloop
  endfacet
  facet normal 0.534951 -0.844883 0
    outer loop
      vertex 124.2 118.338 24.05
      vertex 124.001 118.212 22.65
      vertex 124.2 118.338 22.65
    endloop
  endfacet
  facet normal 0.216481 -0.976287 0
    outer loop
      vertex 124.851 118.608 22.65
      vertex 125.081 118.659 24.05
      vertex 124.851 118.608 24.05
    endloop
  endfacet
  facet normal 0.216481 -0.976287 0
    outer loop
      vertex 125.081 118.659 24.05
      vertex 124.851 118.608 22.65
      vertex 125.081 118.659 22.65
    endloop
  endfacet
  facet normal 0.131331 -0.991339 0
    outer loop
      vertex 125.081 118.659 22.65
      vertex 125.315 118.69 24.05
      vertex 125.081 118.659 24.05
    endloop
  endfacet
  facet normal 0.131331 -0.991339 0
    outer loop
      vertex 125.315 118.69 24.05
      vertex 125.081 118.659 22.65
      vertex 125.315 118.69 22.65
    endloop
  endfacet
  facet normal -0.792309 -0.61012 0
    outer loop
      vertex 127.762 117.549 22.65
      vertex 127.618 117.736 24.05
      vertex 127.618 117.736 22.65
    endloop
  endfacet
  facet normal -0.792309 -0.61012 0
    outer loop
      vertex 127.618 117.736 24.05
      vertex 127.762 117.549 22.65
      vertex 127.762 117.549 24.05
    endloop
  endfacet
  facet normal 0 0 1
    outer loop
      vertex 127 116 22.65
      vertex 128.25 116 22.65
      vertex 128.24 116.235 22.65
    endloop
  endfacet
  facet normal 0 0 1
    outer loop
      vertex 126.994 116.126 22.65
      vertex 128.24 116.235 22.65
      vertex 128.209 116.469 22.65
    endloop
  endfacet
  facet normal 0 0 1
    outer loop
      vertex 128.25 116 22.65
      vertex 127 116 22.65
      vertex 128.24 115.765 22.65
    endloop
  endfacet
  facet normal 0 0 1
    outer loop
      vertex 126.978 116.252 22.65
      vertex 128.209 116.469 22.65
      vertex 128.158 116.699 22.65
    endloop
  endfacet
  facet normal -0 0 1
    outer loop
      vertex 126.994 115.874 22.65
      vertex 128.24 115.765 22.65
      vertex 127 116 22.65
    endloop
  endfacet
  facet normal 0 0 1
    outer loop
      vertex 126.951 116.375 22.65
      vertex 128.158 116.699 22.65
      vertex 128.087 116.923 22.65
    endloop
  endfacet
  facet normal 0 0 1
    outer loop
      vertex 128.24 115.765 22.65
      vertex 126.994 115.874 22.65
      vertex 128.209 115.531 22.65
    endloop
  endfacet
  facet normal 0 0 1
    outer loop
      vertex 126.913 116.496 22.65
      vertex 128.087 116.923 22.65
      vertex 127.997 117.141 22.65
    endloop
  endfacet
  facet normal -0 0 1
    outer loop
      vertex 126.978 115.748 22.65
      vertex 128.209 115.531 22.65
      vertex 126.994 115.874 22.65
    endloop
  endfacet
  facet normal 0 0 1
    outer loop
      vertex 126.864 116.613 22.65
      vertex 127.997 117.141 22.65
      vertex 127.888 117.35 22.65
    endloop
  endfacet
  facet normal 0 0 1
    outer loop
      vertex 128.209 115.531 22.65
      vertex 126.978 115.748 22.65
      vertex 128.158 115.301 22.65
    endloop
  endfacet
  facet normal 0 0 1
    outer loop
      vertex 126.806 116.725 22.65
      vertex 127.888 117.35 22.65
      vertex 127.762 117.549 22.65
    endloop
  endfacet
  facet normal -0 0 1
    outer loop
      vertex 126.951 115.625 22.65
      vertex 128.158 115.301 22.65
      vertex 126.978 115.748 22.65
    endloop
  endfacet
  facet normal 0 0 1
    outer loop
      vertex 126.738 116.832 22.65
      vertex 127.762 117.549 22.65
      vertex 127.618 117.736 22.65
    endloop
  endfacet
  facet normal 0 0 1
    outer loop
      vertex 128.158 115.301 22.65
      vertex 126.951 115.625 22.65
      vertex 128.087 115.077 22.65
    endloop
  endfacet
  facet normal 0 0 1
    outer loop
      vertex 126.661 116.932 22.65
      vertex 127.618 117.736 22.65
      vertex 127.459 117.909 22.65
    endloop
  endfacet
  facet normal -0 0 1
    outer loop
      vertex 126.913 115.504 22.65
      vertex 128.087 115.077 22.65
      vertex 126.951 115.625 22.65
    endloop
  endfacet
  facet normal 0 0 1
    outer loop
      vertex 126.575 117.025 22.65
      vertex 127.459 117.909 22.65
      vertex 127.286 118.068 22.65
    endloop
  endfacet
  facet normal 0 0 1
    outer loop
      vertex 128.087 115.077 22.65
      vertex 126.913 115.504 22.65
      vertex 127.997 114.859 22.65
    endloop
  endfacet
  facet normal 0 0 1
    outer loop
      vertex 126.482 117.111 22.65
      vertex 127.286 118.068 22.65
      vertex 127.099 118.212 22.65
    endloop
  endfacet
  facet normal -0 0 1
    outer loop
      vertex 126.864 115.387 22.65
      vertex 127.997 114.859 22.65
      vertex 126.913 115.504 22.65
    endloop
  endfacet
  facet normal 0 0 1
    outer loop
      vertex 127.997 114.859 22.65
      vertex 126.864 115.387 22.65
      vertex 127.888 114.65 22.65
    endloop
  endfacet
  facet normal 0 0 1
    outer loop
      vertex 128.24 116.235 22.65
      vertex 126.994 116.126 22.65
      vertex 127 116 22.65
    endloop
  endfacet
  facet normal 0 0 1
    outer loop
      vertex 128.209 116.469 22.65
      vertex 126.978 116.252 22.65
      vertex 126.994 116.126 22.65
    endloop
  endfacet
  facet normal 0 0 1
    outer loop
      vertex 128.158 116.699 22.65
      vertex 126.951 116.375 22.65
      vertex 126.978 116.252 22.65
    endloop
  endfacet
  facet normal 0 0 1
    outer loop
      vertex 128.087 116.923 22.65
      vertex 126.913 116.496 22.65
      vertex 126.951 116.375 22.65
    endloop
  endfacet
  facet normal 0 0 1
    outer loop
      vertex 126.382 117.188 22.65
      vertex 127.099 118.212 22.65
      vertex 126.9 118.338 22.65
    endloop
  endfacet
  facet normal 0 0 1
    outer loop
      vertex 127.997 117.141 22.65
      vertex 126.864 116.613 22.65
      vertex 126.913 116.496 22.65
    endloop
  endfacet
  facet normal 0 0 1
    outer loop
      vertex 127.888 117.35 22.65
      vertex 126.806 116.725 22.65
      vertex 126.864 116.613 22.65
    endloop
  endfacet
  facet normal 0 0 1
    outer loop
      vertex 127.762 117.549 22.65
      vertex 126.738 116.832 22.65
      vertex 126.806 116.725 22.65
    endloop
  endfacet
  facet normal 0 0 1
    outer loop
      vertex 126.275 117.256 22.65
      vertex 126.9 118.338 22.65
      vertex 126.691 118.447 22.65
    endloop
  endfacet
  facet normal 0 0 1
    outer loop
      vertex 127.618 117.736 22.65
      vertex 126.661 116.932 22.65
      vertex 126.738 116.832 22.65
    endloop
  endfacet
  facet normal 0 0 1
    outer loop
      vertex 127.459 117.909 22.65
      vertex 126.575 117.025 22.65
      vertex 126.661 116.932 22.65
    endloop
  endfacet
  facet normal 0 0 1
    outer loop
      vertex 127.286 118.068 22.65
      vertex 126.482 117.111 22.65
      vertex 126.575 117.025 22.65
    endloop
  endfacet
  facet normal 0 0 1
    outer loop
      vertex 126.163 117.314 22.65
      vertex 126.691 118.447 22.65
      vertex 126.473 118.537 22.65
    endloop
  endfacet
  facet normal 0 0 1
    outer loop
      vertex 127.099 118.212 22.65
      vertex 126.382 117.188 22.65
      vertex 126.482 117.111 22.65
    endloop
  endfacet
  facet normal 0 0 1
    outer loop
      vertex 126.9 118.338 22.65
      vertex 126.275 117.256 22.65
      vertex 126.382 117.188 22.65
    endloop
  endfacet
  facet normal 0 0 1
    outer loop
      vertex 126.046 117.363 22.65
      vertex 126.473 118.537 22.65
      vertex 126.249 118.608 22.65
    endloop
  endfacet
  facet normal 0 0 1
    outer loop
      vertex 126.691 118.447 22.65
      vertex 126.163 117.314 22.65
      vertex 126.275 117.256 22.65
    endloop
  endfacet
  facet normal 0 0 1
    outer loop
      vertex 126.473 118.537 22.65
      vertex 126.046 117.363 22.65
      vertex 126.163 117.314 22.65
    endloop
  endfacet
  facet normal 0 0 1
    outer loop
      vertex 125.925 117.401 22.65
      vertex 126.249 118.608 22.65
      vertex 126.019 118.659 22.65
    endloop
  endfacet
  facet normal 0 0 1
    outer loop
      vertex 126.249 118.608 22.65
      vertex 125.925 117.401 22.65
      vertex 126.046 117.363 22.65
    endloop
  endfacet
  facet normal 0 0 1
    outer loop
      vertex 126.019 118.659 22.65
      vertex 125.802 117.428 22.65
      vertex 125.925 117.401 22.65
    endloop
  endfacet
  facet normal 0 0 1
    outer loop
      vertex 125.785 118.69 22.65
      vertex 125.802 117.428 22.65
      vertex 126.019 118.659 22.65
    endloop
  endfacet
  facet normal 0 0 1
    outer loop
      vertex 125.785 118.69 22.65
      vertex 125.676 117.444 22.65
      vertex 125.802 117.428 22.65
    endloop
  endfacet
  facet normal 0 0 1
    outer loop
      vertex 125.55 118.7 22.65
      vertex 125.676 117.444 22.65
      vertex 125.785 118.69 22.65
    endloop
  endfacet
  facet normal 0 0 1
    outer loop
      vertex 125.55 118.7 22.65
      vertex 125.55 117.45 22.65
      vertex 125.676 117.444 22.65
    endloop
  endfacet
  facet normal 0 0 1
    outer loop
      vertex 125.55 118.7 22.65
      vertex 125.424 117.444 22.65
      vertex 125.55 117.45 22.65
    endloop
  endfacet
  facet normal -0 0 1
    outer loop
      vertex 125.315 118.69 22.65
      vertex 125.424 117.444 22.65
      vertex 125.55 118.7 22.65
    endloop
  endfacet
  facet normal 0 0 1
    outer loop
      vertex 125.315 118.69 22.65
      vertex 125.298 117.428 22.65
      vertex 125.424 117.444 22.65
    endloop
  endfacet
  facet normal -0 0 1
    outer loop
      vertex 125.081 118.659 22.65
      vertex 125.298 117.428 22.65
      vertex 125.315 118.69 22.65
    endloop
  endfacet
  facet normal 0 0 1
    outer loop
      vertex 125.298 117.428 22.65
      vertex 125.081 118.659 22.65
      vertex 125.175 117.401 22.65
    endloop
  endfacet
  facet normal -0 0 1
    outer loop
      vertex 124.851 118.608 22.65
      vertex 125.175 117.401 22.65
      vertex 125.081 118.659 22.65
    endloop
  endfacet
  facet normal 0 0 1
    outer loop
      vertex 125.175 117.401 22.65
      vertex 124.851 118.608 22.65
      vertex 125.054 117.363 22.65
    endloop
  endfacet
  facet normal -0 0 1
    outer loop
      vertex 124.627 118.537 22.65
      vertex 125.054 117.363 22.65
      vertex 124.851 118.608 22.65
    endloop
  endfacet
  facet normal 0 0 1
    outer loop
      vertex 125.054 117.363 22.65
      vertex 124.627 118.537 22.65
      vertex 124.937 117.314 22.65
    endloop
  endfacet
  facet normal -0 0 1
    outer loop
      vertex 124.409 118.447 22.65
      vertex 124.937 117.314 22.65
      vertex 124.627 118.537 22.65
    endloop
  endfacet
  facet normal 0 0 1
    outer loop
      vertex 124.937 117.314 22.65
      vertex 124.409 118.447 22.65
      vertex 124.825 117.256 22.65
    endloop
  endfacet
  facet normal -0 0 1
    outer loop
      vertex 124.2 118.338 22.65
      vertex 124.825 117.256 22.65
      vertex 124.409 118.447 22.65
    endloop
  endfacet
  facet normal 0 0 1
    outer loop
      vertex 124.825 117.256 22.65
      vertex 124.2 118.338 22.65
      vertex 124.718 117.188 22.65
    endloop
  endfacet
  facet normal -0 0 1
    outer loop
      vertex 124.001 118.212 22.65
      vertex 124.718 117.188 22.65
      vertex 124.2 118.338 22.65
    endloop
  endfacet
  facet normal 0 0 1
    outer loop
      vertex 124.718 117.188 22.65
      vertex 124.001 118.212 22.65
      vertex 124.618 117.111 22.65
    endloop
  endfacet
  facet normal -0 0 1
    outer loop
      vertex 123.814 118.068 22.65
      vertex 124.618 117.111 22.65
      vertex 124.001 118.212 22.65
    endloop
  endfacet
  facet normal 0 0 1
    outer loop
      vertex 124.618 117.111 22.65
      vertex 123.814 118.068 22.65
      vertex 124.525 117.025 22.65
    endloop
  endfacet
  facet normal -0 0 1
    outer loop
      vertex 123.641 117.909 22.65
      vertex 124.525 117.025 22.65
      vertex 123.814 118.068 22.65
    endloop
  endfacet
  facet normal 0 0 1
    outer loop
      vertex 124.525 117.025 22.65
      vertex 123.641 117.909 22.65
      vertex 124.439 116.932 22.65
    endloop
  endfacet
  facet normal -0 0 1
    outer loop
      vertex 123.482 117.736 22.65
      vertex 124.439 116.932 22.65
      vertex 123.641 117.909 22.65
    endloop
  endfacet
  facet normal 0 0 1
    outer loop
      vertex 124.439 116.932 22.65
      vertex 123.482 117.736 22.65
      vertex 124.362 116.832 22.65
    endloop
  endfacet
  facet normal -0 0 1
    outer loop
      vertex 123.338 117.549 22.65
      vertex 124.362 116.832 22.65
      vertex 123.482 117.736 22.65
    endloop
  endfacet
  facet normal 0 0 1
    outer loop
      vertex 124.362 116.832 22.65
      vertex 123.338 117.549 22.65
      vertex 124.294 116.725 22.65
    endloop
  endfacet
  facet normal -0 0 1
    outer loop
      vertex 123.212 117.35 22.65
      vertex 124.294 116.725 22.65
      vertex 123.338 117.549 22.65
    endloop
  endfacet
  facet normal 0 0 1
    outer loop
      vertex 124.294 116.725 22.65
      vertex 123.212 117.35 22.65
      vertex 124.236 116.613 22.65
    endloop
  endfacet
  facet normal -0 0 1
    outer loop
      vertex 126.806 115.275 22.65
      vertex 127.888 114.65 22.65
      vertex 126.864 115.387 22.65
    endloop
  endfacet
  facet normal 0 0 1
    outer loop
      vertex 127.888 114.65 22.65
      vertex 126.806 115.275 22.65
      vertex 127.762 114.451 22.65
    endloop
  endfacet
  facet normal -0 0 1
    outer loop
      vertex 126.738 115.168 22.65
      vertex 127.762 114.451 22.65
      vertex 126.806 115.275 22.65
    endloop
  endfacet
  facet normal 0 0 1
    outer loop
      vertex 127.762 114.451 22.65
      vertex 126.738 115.168 22.65
      vertex 127.618 114.264 22.65
    endloop
  endfacet
  facet normal -0 0 1
    outer loop
      vertex 126.661 115.068 22.65
      vertex 127.618 114.264 22.65
      vertex 126.738 115.168 22.65
    endloop
  endfacet
  facet normal 0 0 1
    outer loop
      vertex 127.618 114.264 22.65
      vertex 126.661 115.068 22.65
      vertex 127.459 114.091 22.65
    endloop
  endfacet
  facet normal -0 0 1
    outer loop
      vertex 126.575 114.975 22.65
      vertex 127.459 114.091 22.65
      vertex 126.661 115.068 22.65
    endloop
  endfacet
  facet normal 0 0 1
    outer loop
      vertex 127.459 114.091 22.65
      vertex 126.575 114.975 22.65
      vertex 127.286 113.932 22.65
    endloop
  endfacet
  facet normal -0 0 1
    outer loop
      vertex 126.482 114.889 22.65
      vertex 127.286 113.932 22.65
      vertex 126.575 114.975 22.65
    endloop
  endfacet
  facet normal 0 0 1
    outer loop
      vertex 127.286 113.932 22.65
      vertex 126.482 114.889 22.65
      vertex 127.099 113.788 22.65
    endloop
  endfacet
  facet normal -0 0 1
    outer loop
      vertex 126.382 114.812 22.65
      vertex 127.099 113.788 22.65
      vertex 126.482 114.889 22.65
    endloop
  endfacet
  facet normal 0 0 1
    outer loop
      vertex 127.099 113.788 22.65
      vertex 126.382 114.812 22.65
      vertex 126.9 113.662 22.65
    endloop
  endfacet
  facet normal -0 0 1
    outer loop
      vertex 126.275 114.744 22.65
      vertex 126.9 113.662 22.65
      vertex 126.382 114.812 22.65
    endloop
  endfacet
  facet normal 0 0 1
    outer loop
      vertex 126.9 113.662 22.65
      vertex 126.275 114.744 22.65
      vertex 126.691 113.553 22.65
    endloop
  endfacet
  facet normal -0 0 1
    outer loop
      vertex 126.163 114.686 22.65
      vertex 126.691 113.553 22.65
      vertex 126.275 114.744 22.65
    endloop
  endfacet
  facet normal 0 0 1
    outer loop
      vertex 126.691 113.553 22.65
      vertex 126.163 114.686 22.65
      vertex 126.473 113.463 22.65
    endloop
  endfacet
  facet normal -0 0 1
    outer loop
      vertex 126.046 114.637 22.65
      vertex 126.473 113.463 22.65
      vertex 126.163 114.686 22.65
    endloop
  endfacet
  facet normal 0 0 1
    outer loop
      vertex 126.473 113.463 22.65
      vertex 126.046 114.637 22.65
      vertex 126.249 113.392 22.65
    endloop
  endfacet
  facet normal -0 0 1
    outer loop
      vertex 125.925 114.599 22.65
      vertex 126.249 113.392 22.65
      vertex 126.046 114.637 22.65
    endloop
  endfacet
  facet normal 0 0 1
    outer loop
      vertex 126.249 113.392 22.65
      vertex 125.925 114.599 22.65
      vertex 126.019 113.341 22.65
    endloop
  endfacet
  facet normal -0 0 1
    outer loop
      vertex 125.802 114.572 22.65
      vertex 126.019 113.341 22.65
      vertex 125.925 114.599 22.65
    endloop
  endfacet
  facet normal 0 0 1
    outer loop
      vertex 125.802 114.572 22.65
      vertex 125.785 113.31 22.65
      vertex 126.019 113.341 22.65
    endloop
  endfacet
  facet normal -0 0 1
    outer loop
      vertex 125.676 114.556 22.65
      vertex 125.785 113.31 22.65
      vertex 125.802 114.572 22.65
    endloop
  endfacet
  facet normal -0 0 1
    outer loop
      vertex 125.55 114.55 22.65
      vertex 125.785 113.31 22.65
      vertex 125.676 114.556 22.65
    endloop
  endfacet
  facet normal 0 0 1
    outer loop
      vertex 125.55 114.55 22.65
      vertex 125.55 113.3 22.65
      vertex 125.785 113.31 22.65
    endloop
  endfacet
  facet normal 0 0 1
    outer loop
      vertex 125.424 114.556 22.65
      vertex 125.55 113.3 22.65
      vertex 125.55 114.55 22.65
    endloop
  endfacet
  facet normal 0 0 1
    outer loop
      vertex 125.424 114.556 22.65
      vertex 125.315 113.31 22.65
      vertex 125.55 113.3 22.65
    endloop
  endfacet
  facet normal 0 0 1
    outer loop
      vertex 125.298 114.572 22.65
      vertex 125.315 113.31 22.65
      vertex 125.424 114.556 22.65
    endloop
  endfacet
  facet normal 0 0 1
    outer loop
      vertex 125.081 113.341 22.65
      vertex 125.298 114.572 22.65
      vertex 125.175 114.599 22.65
    endloop
  endfacet
  facet normal 0 0 1
    outer loop
      vertex 125.298 114.572 22.65
      vertex 125.081 113.341 22.65
      vertex 125.315 113.31 22.65
    endloop
  endfacet
  facet normal 0 0 1
    outer loop
      vertex 124.851 113.392 22.65
      vertex 125.175 114.599 22.65
      vertex 125.054 114.637 22.65
    endloop
  endfacet
  facet normal 0 0 1
    outer loop
      vertex 124.627 113.463 22.65
      vertex 125.054 114.637 22.65
      vertex 124.937 114.686 22.65
    endloop
  endfacet
  facet normal 0 0 1
    outer loop
      vertex 125.175 114.599 22.65
      vertex 124.851 113.392 22.65
      vertex 125.081 113.341 22.65
    endloop
  endfacet
  facet normal 0 0 1
    outer loop
      vertex 124.409 113.553 22.65
      vertex 124.937 114.686 22.65
      vertex 124.825 114.744 22.65
    endloop
  endfacet
  facet normal 0 0 1
    outer loop
      vertex 124.2 113.662 22.65
      vertex 124.825 114.744 22.65
      vertex 124.718 114.812 22.65
    endloop
  endfacet
  facet normal 0 0 1
    outer loop
      vertex 125.054 114.637 22.65
      vertex 124.627 113.463 22.65
      vertex 124.851 113.392 22.65
    endloop
  endfacet
  facet normal 0 0 1
    outer loop
      vertex 124.001 113.788 22.65
      vertex 124.718 114.812 22.65
      vertex 124.618 114.889 22.65
    endloop
  endfacet
  facet normal 0 0 1
    outer loop
      vertex 123.814 113.932 22.65
      vertex 124.618 114.889 22.65
      vertex 124.525 114.975 22.65
    endloop
  endfacet
  facet normal 0 0 1
    outer loop
      vertex 123.641 114.091 22.65
      vertex 124.525 114.975 22.65
      vertex 124.439 115.068 22.65
    endloop
  endfacet
  facet normal 0 0 1
    outer loop
      vertex 124.937 114.686 22.65
      vertex 124.409 113.553 22.65
      vertex 124.627 113.463 22.65
    endloop
  endfacet
  facet normal 0 0 1
    outer loop
      vertex 123.482 114.264 22.65
      vertex 124.439 115.068 22.65
      vertex 124.362 115.168 22.65
    endloop
  endfacet
  facet normal 0 0 1
    outer loop
      vertex 123.338 114.451 22.65
      vertex 124.362 115.168 22.65
      vertex 124.294 115.275 22.65
    endloop
  endfacet
  facet normal 0 0 1
    outer loop
      vertex 123.212 114.65 22.65
      vertex 124.294 115.275 22.65
      vertex 124.236 115.387 22.65
    endloop
  endfacet
  facet normal 0 0 1
    outer loop
      vertex 124.825 114.744 22.65
      vertex 124.2 113.662 22.65
      vertex 124.409 113.553 22.65
    endloop
  endfacet
  facet normal 0 0 1
    outer loop
      vertex 123.103 114.859 22.65
      vertex 124.236 115.387 22.65
      vertex 124.187 115.504 22.65
    endloop
  endfacet
  facet normal 0 0 1
    outer loop
      vertex 123.013 115.077 22.65
      vertex 124.187 115.504 22.65
      vertex 124.149 115.625 22.65
    endloop
  endfacet
  facet normal 0 0 1
    outer loop
      vertex 122.942 115.301 22.65
      vertex 124.149 115.625 22.65
      vertex 124.122 115.748 22.65
    endloop
  endfacet
  facet normal 0 0 1
    outer loop
      vertex 122.891 115.531 22.65
      vertex 124.122 115.748 22.65
      vertex 124.106 115.874 22.65
    endloop
  endfacet
  facet normal 0 0 1
    outer loop
      vertex 122.86 115.765 22.65
      vertex 124.106 115.874 22.65
      vertex 124.1 116 22.65
    endloop
  endfacet
  facet normal -0 0 1
    outer loop
      vertex 123.103 117.141 22.65
      vertex 124.236 116.613 22.65
      vertex 123.212 117.35 22.65
    endloop
  endfacet
  facet normal 0 0 1
    outer loop
      vertex 124.718 114.812 22.65
      vertex 124.001 113.788 22.65
      vertex 124.2 113.662 22.65
    endloop
  endfacet
  facet normal 0 0 1
    outer loop
      vertex 124.236 116.613 22.65
      vertex 123.103 117.141 22.65
      vertex 124.187 116.496 22.65
    endloop
  endfacet
  facet normal 0 0 1
    outer loop
      vertex 124.618 114.889 22.65
      vertex 123.814 113.932 22.65
      vertex 124.001 113.788 22.65
    endloop
  endfacet
  facet normal -0 0 1
    outer loop
      vertex 123.013 116.923 22.65
      vertex 124.187 116.496 22.65
      vertex 123.103 117.141 22.65
    endloop
  endfacet
  facet normal 0 0 1
    outer loop
      vertex 124.525 114.975 22.65
      vertex 123.641 114.091 22.65
      vertex 123.814 113.932 22.65
    endloop
  endfacet
  facet normal 0 0 1
    outer loop
      vertex 124.187 116.496 22.65
      vertex 123.013 116.923 22.65
      vertex 124.149 116.375 22.65
    endloop
  endfacet
  facet normal 0 0 1
    outer loop
      vertex 124.439 115.068 22.65
      vertex 123.482 114.264 22.65
      vertex 123.641 114.091 22.65
    endloop
  endfacet
  facet normal -0 0 1
    outer loop
      vertex 122.942 116.699 22.65
      vertex 124.149 116.375 22.65
      vertex 123.013 116.923 22.65
    endloop
  endfacet
  facet normal 0 0 1
    outer loop
      vertex 124.362 115.168 22.65
      vertex 123.338 114.451 22.65
      vertex 123.482 114.264 22.65
    endloop
  endfacet
  facet normal 0 0 1
    outer loop
      vertex 124.149 116.375 22.65
      vertex 122.942 116.699 22.65
      vertex 124.122 116.252 22.65
    endloop
  endfacet
  facet normal 0 0 1
    outer loop
      vertex 124.294 115.275 22.65
      vertex 123.212 114.65 22.65
      vertex 123.338 114.451 22.65
    endloop
  endfacet
  facet normal -0 0 1
    outer loop
      vertex 122.891 116.469 22.65
      vertex 124.122 116.252 22.65
      vertex 122.942 116.699 22.65
    endloop
  endfacet
  facet normal 0 0 1
    outer loop
      vertex 124.236 115.387 22.65
      vertex 123.103 114.859 22.65
      vertex 123.212 114.65 22.65
    endloop
  endfacet
  facet normal 0 0 1
    outer loop
      vertex 124.122 116.252 22.65
      vertex 122.891 116.469 22.65
      vertex 124.106 116.126 22.65
    endloop
  endfacet
  facet normal 0 0 1
    outer loop
      vertex 124.187 115.504 22.65
      vertex 123.013 115.077 22.65
      vertex 123.103 114.859 22.65
    endloop
  endfacet
  facet normal -0 0 1
    outer loop
      vertex 122.86 116.235 22.65
      vertex 124.106 116.126 22.65
      vertex 122.891 116.469 22.65
    endloop
  endfacet
  facet normal 0 0 1
    outer loop
      vertex 124.149 115.625 22.65
      vertex 122.942 115.301 22.65
      vertex 123.013 115.077 22.65
    endloop
  endfacet
  facet normal 0 0 1
    outer loop
      vertex 124.106 116.126 22.65
      vertex 122.86 116.235 22.65
      vertex 124.1 116 22.65
    endloop
  endfacet
  facet normal 0 0 1
    outer loop
      vertex 124.122 115.748 22.65
      vertex 122.891 115.531 22.65
      vertex 122.942 115.301 22.65
    endloop
  endfacet
  facet normal 0 0 1
    outer loop
      vertex 122.85 116 22.65
      vertex 124.1 116 22.65
      vertex 122.86 116.235 22.65
    endloop
  endfacet
  facet normal 0 0 1
    outer loop
      vertex 124.106 115.874 22.65
      vertex 122.86 115.765 22.65
      vertex 122.891 115.531 22.65
    endloop
  endfacet
  facet normal 0 0 1
    outer loop
      vertex 124.1 116 22.65
      vertex 122.85 116 22.65
      vertex 122.86 115.765 22.65
    endloop
  endfacet
  facet normal -0.999096 0.0425147 0
    outer loop
      vertex 128.24 115.765 22.65
      vertex 128.25 116 24.05
      vertex 128.25 116 22.65
    endloop
  endfacet
  facet normal -0.999096 0.0425147 0
    outer loop
      vertex 128.25 116 24.05
      vertex 128.24 115.765 22.65
      vertex 128.24 115.765 24.05
    endloop
  endfacet
  facet normal 0.61012 -0.792309 0
    outer loop
      vertex 123.814 118.068 22.65
      vertex 124.001 118.212 24.05
      vertex 123.814 118.068 24.05
    endloop
  endfacet
  facet normal 0.61012 -0.792309 0
    outer loop
      vertex 124.001 118.212 24.05
      vertex 123.814 118.068 22.65
      vertex 124.001 118.212 22.65
    endloop
  endfacet
  facet normal 0.88666 -0.462421 0
    outer loop
      vertex 123.103 117.141 24.05
      vertex 123.212 117.35 22.65
      vertex 123.212 117.35 24.05
    endloop
  endfacet
  facet normal 0.88666 -0.462421 0
    outer loop
      vertex 123.212 117.35 22.65
      vertex 123.103 117.141 24.05
      vertex 123.103 117.141 22.65
    endloop
  endfacet
  facet normal -0.534951 -0.844883 0
    outer loop
      vertex 126.9 118.338 22.65
      vertex 127.099 118.212 24.05
      vertex 126.9 118.338 24.05
    endloop
  endfacet
  facet normal -0.534951 -0.844883 -0
    outer loop
      vertex 127.099 118.212 24.05
      vertex 126.9 118.338 22.65
      vertex 127.099 118.212 22.65
    endloop
  endfacet
  facet normal -0.953261 -0.30215 0
    outer loop
      vertex 128.158 116.699 22.65
      vertex 128.087 116.923 24.05
      vertex 128.087 116.923 22.65
    endloop
  endfacet
  facet normal -0.953261 -0.30215 0
    outer loop
      vertex 128.087 116.923 24.05
      vertex 128.158 116.699 22.65
      vertex 128.158 116.699 24.05
    endloop
  endfacet
  facet normal -0.924326 -0.381603 0
    outer loop
      vertex 128.087 116.923 22.65
      vertex 127.997 117.141 24.05
      vertex 127.997 117.141 22.65
    endloop
  endfacet
  facet normal -0.924326 -0.381603 0
    outer loop
      vertex 127.997 117.141 24.05
      vertex 128.087 116.923 22.65
      vertex 128.087 116.923 24.05
    endloop
  endfacet
  facet normal -0.88666 0.462421 0
    outer loop
      vertex 127.888 114.65 22.65
      vertex 127.997 114.859 24.05
      vertex 127.997 114.859 22.65
    endloop
  endfacet
  facet normal -0.88666 0.462421 0
    outer loop
      vertex 127.997 114.859 24.05
      vertex 127.888 114.65 22.65
      vertex 127.888 114.65 24.05
    endloop
  endfacet
  facet normal -0.131331 0.991339 0
    outer loop
      vertex 126.019 113.341 22.65
      vertex 125.785 113.31 24.05
      vertex 126.019 113.341 24.05
    endloop
  endfacet
  facet normal -0.131331 0.991339 0
    outer loop
      vertex 125.785 113.31 24.05
      vertex 126.019 113.341 22.65
      vertex 125.785 113.31 22.65
    endloop
  endfacet
  facet normal -0.991339 0.131331 0
    outer loop
      vertex 128.209 115.531 22.65
      vertex 128.24 115.765 24.05
      vertex 128.24 115.765 22.65
    endloop
  endfacet
  facet normal -0.991339 0.131331 0
    outer loop
      vertex 128.24 115.765 24.05
      vertex 128.209 115.531 22.65
      vertex 128.209 115.531 24.05
    endloop
  endfacet
  facet normal 0.976287 0.216481 0
    outer loop
      vertex 122.942 115.301 24.05
      vertex 122.891 115.531 22.65
      vertex 122.891 115.531 24.05
    endloop
  endfacet
  facet normal 0.976287 0.216481 0
    outer loop
      vertex 122.891 115.531 22.65
      vertex 122.942 115.301 24.05
      vertex 122.942 115.301 22.65
    endloop
  endfacet
  facet normal 0.844883 -0.534951 0
    outer loop
      vertex 123.212 117.35 24.05
      vertex 123.338 117.549 22.65
      vertex 123.338 117.549 24.05
    endloop
  endfacet
  facet normal 0.844883 -0.534951 0
    outer loop
      vertex 123.338 117.549 22.65
      vertex 123.212 117.35 24.05
      vertex 123.212 117.35 22.65
    endloop
  endfacet
  facet normal 0.381603 -0.924326 0
    outer loop
      vertex 124.409 118.447 22.65
      vertex 124.627 118.537 24.05
      vertex 124.409 118.447 24.05
    endloop
  endfacet
  facet normal 0.381603 -0.924326 0
    outer loop
      vertex 124.627 118.537 24.05
      vertex 124.409 118.447 22.65
      vertex 124.627 118.537 22.65
    endloop
  endfacet
  facet normal -0.216481 0.976287 0
    outer loop
      vertex 126.249 113.392 22.65
      vertex 126.019 113.341 24.05
      vertex 126.249 113.392 24.05
    endloop
  endfacet
  facet normal -0.216481 0.976287 0
    outer loop
      vertex 126.019 113.341 24.05
      vertex 126.249 113.392 22.65
      vertex 126.019 113.341 22.65
    endloop
  endfacet
  facet normal -0.381603 -0.924326 0
    outer loop
      vertex 126.473 118.537 22.65
      vertex 126.691 118.447 24.05
      vertex 126.473 118.537 24.05
    endloop
  endfacet
  facet normal -0.381603 -0.924326 -0
    outer loop
      vertex 126.691 118.447 24.05
      vertex 126.473 118.537 22.65
      vertex 126.691 118.447 22.65
    endloop
  endfacet
  facet normal -0.976287 0.216481 0
    outer loop
      vertex 128.158 115.301 22.65
      vertex 128.209 115.531 24.05
      vertex 128.209 115.531 22.65
    endloop
  endfacet
  facet normal -0.976287 0.216481 0
    outer loop
      vertex 128.209 115.531 24.05
      vertex 128.158 115.301 22.65
      vertex 128.158 115.301 24.05
    endloop
  endfacet
  facet normal 0.0425147 -0.999096 0
    outer loop
      vertex 125.315 118.69 22.65
      vertex 125.55 118.7 24.05
      vertex 125.315 118.69 24.05
    endloop
  endfacet
  facet normal 0.0425147 -0.999096 0
    outer loop
      vertex 125.55 118.7 24.05
      vertex 125.315 118.69 22.65
      vertex 125.55 118.7 22.65
    endloop
  endfacet
  facet normal -0.61012 0.792309 0
    outer loop
      vertex 127.286 113.932 22.65
      vertex 127.099 113.788 24.05
      vertex 127.286 113.932 24.05
    endloop
  endfacet
  facet normal -0.61012 0.792309 0
    outer loop
      vertex 127.099 113.788 24.05
      vertex 127.286 113.932 22.65
      vertex 127.099 113.788 22.65
    endloop
  endfacet
  facet normal 0.30215 -0.953261 0
    outer loop
      vertex 124.627 118.537 22.65
      vertex 124.851 118.608 24.05
      vertex 124.627 118.537 24.05
    endloop
  endfacet
  facet normal 0.30215 -0.953261 0
    outer loop
      vertex 124.851 118.608 24.05
      vertex 124.627 118.537 22.65
      vertex 124.851 118.608 22.65
    endloop
  endfacet
  facet normal -0.88666 -0.462421 0
    outer loop
      vertex 127.997 117.141 22.65
      vertex 127.888 117.35 24.05
      vertex 127.888 117.35 22.65
    endloop
  endfacet
  facet normal -0.88666 -0.462421 0
    outer loop
      vertex 127.888 117.35 24.05
      vertex 127.997 117.141 22.65
      vertex 127.997 117.141 24.05
    endloop
  endfacet
  facet normal 0.991339 0.131331 0
    outer loop
      vertex 122.891 115.531 24.05
      vertex 122.86 115.765 22.65
      vertex 122.86 115.765 24.05
    endloop
  endfacet
  facet normal 0.991339 0.131331 0
    outer loop
      vertex 122.86 115.765 22.65
      vertex 122.891 115.531 24.05
      vertex 122.891 115.531 22.65
    endloop
  endfacet
  facet normal -0.61012 -0.792309 0
    outer loop
      vertex 127.099 118.212 22.65
      vertex 127.286 118.068 24.05
      vertex 127.099 118.212 24.05
    endloop
  endfacet
  facet normal -0.61012 -0.792309 -0
    outer loop
      vertex 127.286 118.068 24.05
      vertex 127.099 118.212 22.65
      vertex 127.286 118.068 22.65
    endloop
  endfacet
  facet normal 0.844883 0.534951 0
    outer loop
      vertex 123.338 114.451 24.05
      vertex 123.212 114.65 22.65
      vertex 123.212 114.65 24.05
    endloop
  endfacet
  facet normal 0.844883 0.534951 0
    outer loop
      vertex 123.212 114.65 22.65
      vertex 123.338 114.451 24.05
      vertex 123.338 114.451 22.65
    endloop
  endfacet
  facet normal -0.30215 0.953261 0
    outer loop
      vertex 126.473 113.463 22.65
      vertex 126.249 113.392 24.05
      vertex 126.473 113.463 24.05
    endloop
  endfacet
  facet normal -0.30215 0.953261 0
    outer loop
      vertex 126.249 113.392 24.05
      vertex 126.473 113.463 22.65
      vertex 126.249 113.392 22.65
    endloop
  endfacet
  facet normal 0.924326 0.381603 0
    outer loop
      vertex 123.103 114.859 24.05
      vertex 123.013 115.077 22.65
      vertex 123.013 115.077 24.05
    endloop
  endfacet
  facet normal 0.924326 0.381603 0
    outer loop
      vertex 123.013 115.077 22.65
      vertex 123.103 114.859 24.05
      vertex 123.103 114.859 22.65
    endloop
  endfacet
  facet normal 0.976287 -0.216481 0
    outer loop
      vertex 122.891 116.469 24.05
      vertex 122.942 116.699 22.65
      vertex 122.942 116.699 24.05
    endloop
  endfacet
  facet normal 0.976287 -0.216481 0
    outer loop
      vertex 122.942 116.699 22.65
      vertex 122.891 116.469 24.05
      vertex 122.891 116.469 22.65
    endloop
  endfacet
  facet normal -0.73627 0.676688 0
    outer loop
      vertex 127.459 114.091 22.65
      vertex 127.618 114.264 24.05
      vertex 127.618 114.264 22.65
    endloop
  endfacet
  facet normal -0.73627 0.676688 0
    outer loop
      vertex 127.618 114.264 24.05
      vertex 127.459 114.091 22.65
      vertex 127.459 114.091 24.05
    endloop
  endfacet
  facet normal -0.462421 -0.88666 0
    outer loop
      vertex 126.691 118.447 22.65
      vertex 126.9 118.338 24.05
      vertex 126.691 118.447 24.05
    endloop
  endfacet
  facet normal -0.462421 -0.88666 -0
    outer loop
      vertex 126.9 118.338 24.05
      vertex 126.691 118.447 22.65
      vertex 126.9 118.338 22.65
    endloop
  endfacet
  facet normal -0.676688 -0.73627 0
    outer loop
      vertex 127.286 118.068 22.65
      vertex 127.459 117.909 24.05
      vertex 127.286 118.068 24.05
    endloop
  endfacet
  facet normal -0.676688 -0.73627 -0
    outer loop
      vertex 127.459 117.909 24.05
      vertex 127.286 118.068 22.65
      vertex 127.459 117.909 22.65
    endloop
  endfacet
  facet normal -0.953261 0.30215 0
    outer loop
      vertex 128.087 115.077 22.65
      vertex 128.158 115.301 24.05
      vertex 128.158 115.301 22.65
    endloop
  endfacet
  facet normal -0.953261 0.30215 0
    outer loop
      vertex 128.158 115.301 24.05
      vertex 128.087 115.077 22.65
      vertex 128.087 115.077 24.05
    endloop
  endfacet
  facet normal 0.216481 0.976287 -0
    outer loop
      vertex 125.081 113.341 22.65
      vertex 124.851 113.392 24.05
      vertex 125.081 113.341 24.05
    endloop
  endfacet
  facet normal 0.216481 0.976287 0
    outer loop
      vertex 124.851 113.392 24.05
      vertex 125.081 113.341 22.65
      vertex 124.851 113.392 22.65
    endloop
  endfacet
  facet normal 0.676688 0.73627 -0
    outer loop
      vertex 123.814 113.932 22.65
      vertex 123.641 114.091 24.05
      vertex 123.814 113.932 24.05
    endloop
  endfacet
  facet normal 0.676688 0.73627 0
    outer loop
      vertex 123.641 114.091 24.05
      vertex 123.814 113.932 22.65
      vertex 123.641 114.091 22.65
    endloop
  endfacet
  facet normal -0.381603 0.924326 0
    outer loop
      vertex 126.691 113.553 22.65
      vertex 126.473 113.463 24.05
      vertex 126.691 113.553 24.05
    endloop
  endfacet
  facet normal -0.381603 0.924326 0
    outer loop
      vertex 126.473 113.463 24.05
      vertex 126.691 113.553 22.65
      vertex 126.473 113.463 22.65
    endloop
  endfacet
  facet normal 0.462421 0.88666 -0
    outer loop
      vertex 124.409 113.553 22.65
      vertex 124.2 113.662 24.05
      vertex 124.409 113.553 24.05
    endloop
  endfacet
  facet normal 0.462421 0.88666 0
    outer loop
      vertex 124.2 113.662 24.05
      vertex 124.409 113.553 22.65
      vertex 124.2 113.662 22.65
    endloop
  endfacet
  facet normal -0.844883 -0.534951 0
    outer loop
      vertex 127.888 117.35 22.65
      vertex 127.762 117.549 24.05
      vertex 127.762 117.549 22.65
    endloop
  endfacet
  facet normal -0.844883 -0.534951 0
    outer loop
      vertex 127.762 117.549 24.05
      vertex 127.888 117.35 22.65
      vertex 127.888 117.35 24.05
    endloop
  endfacet
  facet normal 0.61012 0.792309 -0
    outer loop
      vertex 124.001 113.788 22.65
      vertex 123.814 113.932 24.05
      vertex 124.001 113.788 24.05
    endloop
  endfacet
  facet normal 0.61012 0.792309 0
    outer loop
      vertex 123.814 113.932 24.05
      vertex 124.001 113.788 22.65
      vertex 123.814 113.932 22.65
    endloop
  endfacet
  facet normal -0.792309 0.61012 0
    outer loop
      vertex 127.618 114.264 22.65
      vertex 127.762 114.451 24.05
      vertex 127.762 114.451 22.65
    endloop
  endfacet
  facet normal -0.792309 0.61012 0
    outer loop
      vertex 127.762 114.451 24.05
      vertex 127.618 114.264 22.65
      vertex 127.618 114.264 24.05
    endloop
  endfacet
  facet normal 0.462421 -0.88666 0
    outer loop
      vertex 124.2 118.338 22.65
      vertex 124.409 118.447 24.05
      vertex 124.2 118.338 24.05
    endloop
  endfacet
  facet normal 0.462421 -0.88666 0
    outer loop
      vertex 124.409 118.447 24.05
      vertex 124.2 118.338 22.65
      vertex 124.409 118.447 22.65
    endloop
  endfacet
  facet normal 0.73627 -0.676688 0
    outer loop
      vertex 123.482 117.736 24.05
      vertex 123.641 117.909 22.65
      vertex 123.641 117.909 24.05
    endloop
  endfacet
  facet normal 0.73627 -0.676688 0
    outer loop
      vertex 123.641 117.909 22.65
      vertex 123.482 117.736 24.05
      vertex 123.482 117.736 22.65
    endloop
  endfacet
  facet normal -0.0425147 0.999096 0
    outer loop
      vertex 125.785 113.31 22.65
      vertex 125.55 113.3 24.05
      vertex 125.785 113.31 24.05
    endloop
  endfacet
  facet normal -0.0425147 0.999096 0
    outer loop
      vertex 125.55 113.3 24.05
      vertex 125.785 113.31 22.65
      vertex 125.55 113.3 22.65
    endloop
  endfacet
  facet normal 0.676688 -0.73627 0
    outer loop
      vertex 123.641 117.909 22.65
      vertex 123.814 118.068 24.05
      vertex 123.641 117.909 24.05
    endloop
  endfacet
  facet normal 0.676688 -0.73627 0
    outer loop
      vertex 123.814 118.068 24.05
      vertex 123.641 117.909 22.65
      vertex 123.814 118.068 22.65
    endloop
  endfacet
  facet normal -0.924326 0.381603 0
    outer loop
      vertex 127.997 114.859 22.65
      vertex 128.087 115.077 24.05
      vertex 128.087 115.077 22.65
    endloop
  endfacet
  facet normal -0.924326 0.381603 0
    outer loop
      vertex 128.087 115.077 24.05
      vertex 127.997 114.859 22.65
      vertex 127.997 114.859 24.05
    endloop
  endfacet
  facet normal -0.462421 0.88666 0
    outer loop
      vertex 126.9 113.662 22.65
      vertex 126.691 113.553 24.05
      vertex 126.9 113.662 24.05
    endloop
  endfacet
  facet normal -0.462421 0.88666 0
    outer loop
      vertex 126.691 113.553 24.05
      vertex 126.9 113.662 22.65
      vertex 126.691 113.553 22.65
    endloop
  endfacet
  facet normal 0.0425147 0.999096 -0
    outer loop
      vertex 125.55 113.3 22.65
      vertex 125.315 113.31 24.05
      vertex 125.55 113.3 24.05
    endloop
  endfacet
  facet normal 0.0425147 0.999096 0
    outer loop
      vertex 125.315 113.31 24.05
      vertex 125.55 113.3 22.65
      vertex 125.315 113.31 22.65
    endloop
  endfacet
  facet normal -0.131331 -0.991339 0
    outer loop
      vertex 125.785 118.69 22.65
      vertex 126.019 118.659 24.05
      vertex 125.785 118.69 24.05
    endloop
  endfacet
  facet normal -0.131331 -0.991339 -0
    outer loop
      vertex 126.019 118.659 24.05
      vertex 125.785 118.69 22.65
      vertex 126.019 118.659 22.65
    endloop
  endfacet
  facet normal -0.30215 -0.953261 0
    outer loop
      vertex 126.249 118.608 22.65
      vertex 126.473 118.537 24.05
      vertex 126.249 118.608 24.05
    endloop
  endfacet
  facet normal -0.30215 -0.953261 -0
    outer loop
      vertex 126.473 118.537 24.05
      vertex 126.249 118.608 22.65
      vertex 126.473 118.537 22.65
    endloop
  endfacet
  facet normal 0.991339 -0.131331 0
    outer loop
      vertex 122.86 116.235 24.05
      vertex 122.891 116.469 22.65
      vertex 122.891 116.469 24.05
    endloop
  endfacet
  facet normal 0.991339 -0.131331 0
    outer loop
      vertex 122.891 116.469 22.65
      vertex 122.86 116.235 24.05
      vertex 122.86 116.235 22.65
    endloop
  endfacet
  facet normal -0.844883 0.534951 0
    outer loop
      vertex 127.762 114.451 22.65
      vertex 127.888 114.65 24.05
      vertex 127.888 114.65 22.65
    endloop
  endfacet
  facet normal -0.844883 0.534951 0
    outer loop
      vertex 127.888 114.65 24.05
      vertex 127.762 114.451 22.65
      vertex 127.762 114.451 24.05
    endloop
  endfacet
  facet normal 0.999096 -0.0425147 0
    outer loop
      vertex 122.85 116 24.05
      vertex 122.86 116.235 22.65
      vertex 122.86 116.235 24.05
    endloop
  endfacet
  facet normal 0.999096 -0.0425147 0
    outer loop
      vertex 122.86 116.235 22.65
      vertex 122.85 116 24.05
      vertex 122.85 116 22.65
    endloop
  endfacet
  facet normal 0.534951 0.844883 -0
    outer loop
      vertex 124.2 113.662 22.65
      vertex 124.001 113.788 24.05
      vertex 124.2 113.662 24.05
    endloop
  endfacet
  facet normal 0.534951 0.844883 0
    outer loop
      vertex 124.001 113.788 24.05
      vertex 124.2 113.662 22.65
      vertex 124.001 113.788 22.65
    endloop
  endfacet
  facet normal -0.216481 -0.976287 0
    outer loop
      vertex 126.019 118.659 22.65
      vertex 126.249 118.608 24.05
      vertex 126.019 118.659 24.05
    endloop
  endfacet
  facet normal -0.216481 -0.976287 -0
    outer loop
      vertex 126.249 118.608 24.05
      vertex 126.019 118.659 22.65
      vertex 126.249 118.608 22.65
    endloop
  endfacet
  facet normal -0.976287 -0.216481 0
    outer loop
      vertex 128.209 116.469 22.65
      vertex 128.158 116.699 24.05
      vertex 128.158 116.699 22.65
    endloop
  endfacet
  facet normal -0.976287 -0.216481 0
    outer loop
      vertex 128.158 116.699 24.05
      vertex 128.209 116.469 22.65
      vertex 128.209 116.469 24.05
    endloop
  endfacet
  facet normal 0.73627 0.676688 0
    outer loop
      vertex 123.641 114.091 24.05
      vertex 123.482 114.264 22.65
      vertex 123.482 114.264 24.05
    endloop
  endfacet
  facet normal 0.73627 0.676688 0
    outer loop
      vertex 123.482 114.264 22.65
      vertex 123.641 114.091 24.05
      vertex 123.641 114.091 22.65
    endloop
  endfacet
  facet normal 0.999096 0.0425147 0
    outer loop
      vertex 122.86 115.765 24.05
      vertex 122.85 116 22.65
      vertex 122.85 116 24.05
    endloop
  endfacet
  facet normal 0.999096 0.0425147 0
    outer loop
      vertex 122.85 116 22.65
      vertex 122.86 115.765 24.05
      vertex 122.86 115.765 22.65
    endloop
  endfacet
  facet normal 0.381603 0.924326 -0
    outer loop
      vertex 124.627 113.463 22.65
      vertex 124.409 113.553 24.05
      vertex 124.627 113.463 24.05
    endloop
  endfacet
  facet normal 0.381603 0.924326 0
    outer loop
      vertex 124.409 113.553 24.05
      vertex 124.627 113.463 22.65
      vertex 124.409 113.553 22.65
    endloop
  endfacet
  facet normal 0.953261 0.30215 0
    outer loop
      vertex 123.013 115.077 24.05
      vertex 122.942 115.301 22.65
      vertex 122.942 115.301 24.05
    endloop
  endfacet
  facet normal 0.953261 0.30215 0
    outer loop
      vertex 122.942 115.301 22.65
      vertex 123.013 115.077 24.05
      vertex 123.013 115.077 22.65
    endloop
  endfacet
  facet normal 0.30215 0.953261 -0
    outer loop
      vertex 124.851 113.392 22.65
      vertex 124.627 113.463 24.05
      vertex 124.851 113.392 24.05
    endloop
  endfacet
  facet normal 0.30215 0.953261 0
    outer loop
      vertex 124.627 113.463 24.05
      vertex 124.851 113.392 22.65
      vertex 124.627 113.463 22.65
    endloop
  endfacet
  facet normal -0.0425147 -0.999096 0
    outer loop
      vertex 125.55 118.7 22.65
      vertex 125.785 118.69 24.05
      vertex 125.55 118.7 24.05
    endloop
  endfacet
  facet normal -0.0425147 -0.999096 -0
    outer loop
      vertex 125.785 118.69 24.05
      vertex 125.55 118.7 22.65
      vertex 125.785 118.69 22.65
    endloop
  endfacet
  facet normal 0.792309 0.61012 0
    outer loop
      vertex 123.482 114.264 24.05
      vertex 123.338 114.451 22.65
      vertex 123.338 114.451 24.05
    endloop
  endfacet
  facet normal 0.792309 0.61012 0
    outer loop
      vertex 123.338 114.451 22.65
      vertex 123.482 114.264 24.05
      vertex 123.482 114.264 22.65
    endloop
  endfacet
  facet normal 0.88666 0.462421 0
    outer loop
      vertex 123.212 114.65 24.05
      vertex 123.103 114.859 22.65
      vertex 123.103 114.859 24.05
    endloop
  endfacet
  facet normal 0.88666 0.462421 0
    outer loop
      vertex 123.103 114.859 22.65
      vertex 123.212 114.65 24.05
      vertex 123.212 114.65 22.65
    endloop
  endfacet
  facet normal 0.131331 0.991339 -0
    outer loop
      vertex 125.315 113.31 22.65
      vertex 125.081 113.341 24.05
      vertex 125.315 113.31 24.05
    endloop
  endfacet
  facet normal 0.131331 0.991339 0
    outer loop
      vertex 125.081 113.341 24.05
      vertex 125.315 113.31 22.65
      vertex 125.081 113.341 22.65
    endloop
  endfacet
  facet normal 0.924326 -0.381603 0
    outer loop
      vertex 123.013 116.923 24.05
      vertex 123.103 117.141 22.65
      vertex 123.103 117.141 24.05
    endloop
  endfacet
  facet normal 0.924326 -0.381603 0
    outer loop
      vertex 123.103 117.141 22.65
      vertex 123.013 116.923 24.05
      vertex 123.013 116.923 22.65
    endloop
  endfacet
  facet normal -0.534951 0.844883 0
    outer loop
      vertex 127.099 113.788 22.65
      vertex 126.9 113.662 24.05
      vertex 127.099 113.788 24.05
    endloop
  endfacet
  facet normal -0.534951 0.844883 0
    outer loop
      vertex 126.9 113.662 24.05
      vertex 127.099 113.788 22.65
      vertex 126.9 113.662 22.65
    endloop
  endfacet
  facet normal 0.953261 -0.30215 0
    outer loop
      vertex 122.942 116.699 24.05
      vertex 123.013 116.923 22.65
      vertex 123.013 116.923 24.05
    endloop
  endfacet
  facet normal 0.953261 -0.30215 0
    outer loop
      vertex 123.013 116.923 22.65
      vertex 122.942 116.699 24.05
      vertex 122.942 116.699 22.65
    endloop
  endfacet
  facet normal 0.792309 -0.61012 0
    outer loop
      vertex 123.338 117.549 24.05
      vertex 123.482 117.736 22.65
      vertex 123.482 117.736 24.05
    endloop
  endfacet
  facet normal 0.792309 -0.61012 0
    outer loop
      vertex 123.482 117.736 22.65
      vertex 123.338 117.549 24.05
      vertex 123.338 117.549 22.65
    endloop
  endfacet
  facet normal 0.299622 -0.954058 0
    outer loop
      vertex 125.054 141.363 21.45
      vertex 125.175 141.401 22.65
      vertex 125.054 141.363 22.65
    endloop
  endfacet
  facet normal 0.299622 -0.954058 0
    outer loop
      vertex 125.175 141.401 22.65
      vertex 125.054 141.363 21.45
      vertex 125.175 141.401 21.45
    endloop
  endfacet
  facet normal -0.992034 -0.125973 0
    outer loop
      vertex 126.994 140.126 21.45
      vertex 126.978 140.252 22.65
      vertex 126.978 140.252 21.45
    endloop
  endfacet
  facet normal -0.992034 -0.125973 0
    outer loop
      vertex 126.978 140.252 22.65
      vertex 126.994 140.126 21.45
      vertex 126.994 140.126 22.65
    endloop
  endfacet
  facet normal -0.998868 -0.0475651 0
    outer loop
      vertex 127 140 21.45
      vertex 126.994 140.126 22.65
      vertex 126.994 140.126 21.45
    endloop
  endfacet
  facet normal -0.998868 -0.0475651 0
    outer loop
      vertex 126.994 140.126 22.65
      vertex 127 140 21.45
      vertex 127 140 22.65
    endloop
  endfacet
  facet normal -0.976744 -0.214407 0
    outer loop
      vertex 126.978 140.252 21.45
      vertex 126.951 140.375 22.65
      vertex 126.951 140.375 21.45
    endloop
  endfacet
  facet normal -0.976744 -0.214407 0
    outer loop
      vertex 126.951 140.375 22.65
      vertex 126.978 140.252 21.45
      vertex 126.978 140.252 22.65
    endloop
  endfacet
  facet normal 0.459854 -0.887994 0
    outer loop
      vertex 124.825 141.256 21.45
      vertex 124.937 141.314 22.65
      vertex 124.825 141.256 22.65
    endloop
  endfacet
  facet normal 0.459854 -0.887994 0
    outer loop
      vertex 124.937 141.314 22.65
      vertex 124.825 141.256 21.45
      vertex 124.937 141.314 21.45
    endloop
  endfacet
  facet normal 0.922376 -0.386294 0
    outer loop
      vertex 124.187 140.496 22.65
      vertex 124.236 140.613 21.45
      vertex 124.236 140.613 22.65
    endloop
  endfacet
  facet normal 0.922376 -0.386294 0
    outer loop
      vertex 124.236 140.613 21.45
      vertex 124.187 140.496 22.65
      vertex 124.187 140.496 21.45
    endloop
  endfacet
  facet normal 0.792329 -0.610094 0
    outer loop
      vertex 124.362 140.832 22.65
      vertex 124.439 140.932 21.45
      vertex 124.439 140.932 22.65
    endloop
  endfacet
  facet normal 0.792329 -0.610094 0
    outer loop
      vertex 124.439 140.932 21.45
      vertex 124.362 140.832 22.65
      vertex 124.362 140.832 21.45
    endloop
  endfacet
  facet normal -0.922376 -0.386294 0
    outer loop
      vertex 126.913 140.496 21.45
      vertex 126.864 140.613 22.65
      vertex 126.864 140.613 21.45
    endloop
  endfacet
  facet normal -0.922376 -0.386294 0
    outer loop
      vertex 126.864 140.613 22.65
      vertex 126.913 140.496 21.45
      vertex 126.913 140.496 22.65
    endloop
  endfacet
  facet normal 0.299622 0.954058 -0
    outer loop
      vertex 125.175 138.599 21.45
      vertex 125.054 138.637 22.65
      vertex 125.175 138.599 22.65
    endloop
  endfacet
  facet normal 0.299622 0.954058 0
    outer loop
      vertex 125.054 138.637 22.65
      vertex 125.175 138.599 21.45
      vertex 125.054 138.637 21.45
    endloop
  endfacet
  facet normal -0.998868 0.0475651 0
    outer loop
      vertex 126.994 139.874 21.45
      vertex 127 140 22.65
      vertex 127 140 21.45
    endloop
  endfacet
  facet normal -0.998868 0.0475651 0
    outer loop
      vertex 127 140 22.65
      vertex 126.994 139.874 21.45
      vertex 126.994 139.874 22.65
    endloop
  endfacet
  facet normal 0.125973 0.992034 -0
    outer loop
      vertex 125.424 138.556 21.45
      vertex 125.298 138.572 22.65
      vertex 125.424 138.556 22.65
    endloop
  endfacet
  facet normal 0.125973 0.992034 0
    outer loop
      vertex 125.298 138.572 22.65
      vertex 125.424 138.556 21.45
      vertex 125.298 138.572 21.45
    endloop
  endfacet
  facet normal -0.792329 -0.610094 0
    outer loop
      vertex 126.738 140.832 21.45
      vertex 126.661 140.932 22.65
      vertex 126.661 140.932 21.45
    endloop
  endfacet
  facet normal -0.792329 -0.610094 0
    outer loop
      vertex 126.661 140.932 22.65
      vertex 126.738 140.832 21.45
      vertex 126.738 140.832 22.65
    endloop
  endfacet
  facet normal 0.992034 -0.125973 0
    outer loop
      vertex 124.106 140.126 22.65
      vertex 124.122 140.252 21.45
      vertex 124.122 140.252 22.65
    endloop
  endfacet
  facet normal 0.992034 -0.125973 0
    outer loop
      vertex 124.122 140.252 21.45
      vertex 124.106 140.126 22.65
      vertex 124.106 140.126 21.45
    endloop
  endfacet
  facet normal -0.678936 -0.734198 0
    outer loop
      vertex 126.482 141.111 21.45
      vertex 126.575 141.025 22.65
      vertex 126.482 141.111 22.65
    endloop
  endfacet
  facet normal -0.678936 -0.734198 -0
    outer loop
      vertex 126.575 141.025 22.65
      vertex 126.482 141.111 21.45
      vertex 126.575 141.025 21.45
    endloop
  endfacet
  facet normal -0.954058 0.299622 0
    outer loop
      vertex 126.913 139.504 21.45
      vertex 126.951 139.625 22.65
      vertex 126.951 139.625 21.45
    endloop
  endfacet
  facet normal -0.954058 0.299622 0
    outer loop
      vertex 126.951 139.625 22.65
      vertex 126.913 139.504 21.45
      vertex 126.913 139.504 22.65
    endloop
  endfacet
  facet normal 0.0475651 -0.998868 0
    outer loop
      vertex 125.424 141.444 21.45
      vertex 125.55 141.45 22.65
      vertex 125.424 141.444 22.65
    endloop
  endfacet
  facet normal 0.0475651 -0.998868 0
    outer loop
      vertex 125.55 141.45 22.65
      vertex 125.424 141.444 21.45
      vertex 125.55 141.45 21.45
    endloop
  endfacet
  facet normal -0.214407 -0.976744 0
    outer loop
      vertex 125.802 141.428 21.45
      vertex 125.925 141.401 22.65
      vertex 125.802 141.428 22.65
    endloop
  endfacet
  facet normal -0.214407 -0.976744 -0
    outer loop
      vertex 125.925 141.401 22.65
      vertex 125.802 141.428 21.45
      vertex 125.925 141.401 21.45
    endloop
  endfacet
  facet normal 0.0475651 0.998868 -0
    outer loop
      vertex 125.55 138.55 21.45
      vertex 125.424 138.556 22.65
      vertex 125.55 138.55 22.65
    endloop
  endfacet
  facet normal 0.0475651 0.998868 0
    outer loop
      vertex 125.424 138.556 22.65
      vertex 125.55 138.55 21.45
      vertex 125.424 138.556 21.45
    endloop
  endfacet
  facet normal 0.125973 -0.992034 0
    outer loop
      vertex 125.298 141.428 21.45
      vertex 125.424 141.444 22.65
      vertex 125.298 141.428 22.65
    endloop
  endfacet
  facet normal 0.125973 -0.992034 0
    outer loop
      vertex 125.424 141.444 22.65
      vertex 125.298 141.428 21.45
      vertex 125.424 141.444 21.45
    endloop
  endfacet
  facet normal 0.214407 -0.976744 0
    outer loop
      vertex 125.175 141.401 21.45
      vertex 125.298 141.428 22.65
      vertex 125.175 141.401 22.65
    endloop
  endfacet
  facet normal 0.214407 -0.976744 0
    outer loop
      vertex 125.298 141.428 22.65
      vertex 125.175 141.401 21.45
      vertex 125.298 141.428 21.45
    endloop
  endfacet
  facet normal -0.610094 0.792329 0
    outer loop
      vertex 126.482 138.889 21.45
      vertex 126.382 138.812 22.65
      vertex 126.482 138.889 22.65
    endloop
  endfacet
  facet normal -0.610094 0.792329 0
    outer loop
      vertex 126.382 138.812 22.65
      vertex 126.482 138.889 21.45
      vertex 126.382 138.812 21.45
    endloop
  endfacet
  facet normal 0.536365 0.843986 -0
    outer loop
      vertex 124.825 138.744 21.45
      vertex 124.718 138.812 22.65
      vertex 124.825 138.744 22.65
    endloop
  endfacet
  facet normal 0.536365 0.843986 0
    outer loop
      vertex 124.718 138.812 22.65
      vertex 124.825 138.744 21.45
      vertex 124.718 138.812 21.45
    endloop
  endfacet
  facet normal -0.299622 0.954058 0
    outer loop
      vertex 126.046 138.637 21.45
      vertex 125.925 138.599 22.65
      vertex 126.046 138.637 22.65
    endloop
  endfacet
  facet normal -0.299622 0.954058 0
    outer loop
      vertex 125.925 138.599 22.65
      vertex 126.046 138.637 21.45
      vertex 125.925 138.599 21.45
    endloop
  endfacet
  facet normal -0.536365 -0.843986 0
    outer loop
      vertex 126.275 141.256 21.45
      vertex 126.382 141.188 22.65
      vertex 126.275 141.256 22.65
    endloop
  endfacet
  facet normal -0.536365 -0.843986 -0
    outer loop
      vertex 126.382 141.188 22.65
      vertex 126.275 141.256 21.45
      vertex 126.382 141.188 21.45
    endloop
  endfacet
  facet normal -0.386294 -0.922376 0
    outer loop
      vertex 126.046 141.363 21.45
      vertex 126.163 141.314 22.65
      vertex 126.046 141.363 22.65
    endloop
  endfacet
  facet normal -0.386294 -0.922376 -0
    outer loop
      vertex 126.163 141.314 22.65
      vertex 126.046 141.363 21.45
      vertex 126.163 141.314 21.45
    endloop
  endfacet
  facet normal -0.125973 0.992034 0
    outer loop
      vertex 125.802 138.572 21.45
      vertex 125.676 138.556 22.65
      vertex 125.802 138.572 22.65
    endloop
  endfacet
  facet normal -0.125973 0.992034 0
    outer loop
      vertex 125.676 138.556 22.65
      vertex 125.802 138.572 21.45
      vertex 125.676 138.556 21.45
    endloop
  endfacet
  facet normal -0.954058 -0.299622 0
    outer loop
      vertex 126.951 140.375 21.45
      vertex 126.913 140.496 22.65
      vertex 126.913 140.496 21.45
    endloop
  endfacet
  facet normal -0.954058 -0.299622 0
    outer loop
      vertex 126.913 140.496 22.65
      vertex 126.951 140.375 21.45
      vertex 126.951 140.375 22.65
    endloop
  endfacet
  facet normal -0.734198 0.678936 0
    outer loop
      vertex 126.575 138.975 21.45
      vertex 126.661 139.068 22.65
      vertex 126.661 139.068 21.45
    endloop
  endfacet
  facet normal -0.734198 0.678936 0
    outer loop
      vertex 126.661 139.068 22.65
      vertex 126.575 138.975 21.45
      vertex 126.575 138.975 22.65
    endloop
  endfacet
  facet normal -0.843986 -0.536365 0
    outer loop
      vertex 126.806 140.725 21.45
      vertex 126.738 140.832 22.65
      vertex 126.738 140.832 21.45
    endloop
  endfacet
  facet normal -0.843986 -0.536365 0
    outer loop
      vertex 126.738 140.832 22.65
      vertex 126.806 140.725 21.45
      vertex 126.806 140.725 22.65
    endloop
  endfacet
  facet normal -0.922376 0.386294 0
    outer loop
      vertex 126.864 139.387 21.45
      vertex 126.913 139.504 22.65
      vertex 126.913 139.504 21.45
    endloop
  endfacet
  facet normal -0.922376 0.386294 0
    outer loop
      vertex 126.913 139.504 22.65
      vertex 126.864 139.387 21.45
      vertex 126.864 139.387 22.65
    endloop
  endfacet
  facet normal 0.610094 -0.792329 0
    outer loop
      vertex 124.618 141.111 21.45
      vertex 124.718 141.188 22.65
      vertex 124.618 141.111 22.65
    endloop
  endfacet
  facet normal 0.610094 -0.792329 0
    outer loop
      vertex 124.718 141.188 22.65
      vertex 124.618 141.111 21.45
      vertex 124.718 141.188 21.45
    endloop
  endfacet
  facet normal 0.610094 0.792329 -0
    outer loop
      vertex 124.718 138.812 21.45
      vertex 124.618 138.889 22.65
      vertex 124.718 138.812 22.65
    endloop
  endfacet
  facet normal 0.610094 0.792329 0
    outer loop
      vertex 124.618 138.889 22.65
      vertex 124.718 138.812 21.45
      vertex 124.618 138.889 21.45
    endloop
  endfacet
  facet normal -0.976744 0.214407 0
    outer loop
      vertex 126.951 139.625 21.45
      vertex 126.978 139.748 22.65
      vertex 126.978 139.748 21.45
    endloop
  endfacet
  facet normal -0.976744 0.214407 0
    outer loop
      vertex 126.978 139.748 22.65
      vertex 126.951 139.625 21.45
      vertex 126.951 139.625 22.65
    endloop
  endfacet
  facet normal 0.954058 0.299622 0
    outer loop
      vertex 124.187 139.504 22.65
      vertex 124.149 139.625 21.45
      vertex 124.149 139.625 22.65
    endloop
  endfacet
  facet normal 0.954058 0.299622 0
    outer loop
      vertex 124.149 139.625 21.45
      vertex 124.187 139.504 22.65
      vertex 124.187 139.504 21.45
    endloop
  endfacet
  facet normal 0.843986 -0.536365 0
    outer loop
      vertex 124.294 140.725 22.65
      vertex 124.362 140.832 21.45
      vertex 124.362 140.832 22.65
    endloop
  endfacet
  facet normal 0.843986 -0.536365 0
    outer loop
      vertex 124.362 140.832 21.45
      vertex 124.294 140.725 22.65
      vertex 124.294 140.725 21.45
    endloop
  endfacet
  facet normal -0.792329 0.610094 0
    outer loop
      vertex 126.661 139.068 21.45
      vertex 126.738 139.168 22.65
      vertex 126.738 139.168 21.45
    endloop
  endfacet
  facet normal -0.792329 0.610094 0
    outer loop
      vertex 126.738 139.168 22.65
      vertex 126.661 139.068 21.45
      vertex 126.661 139.068 22.65
    endloop
  endfacet
  facet normal -0.214407 0.976744 0
    outer loop
      vertex 125.925 138.599 21.45
      vertex 125.802 138.572 22.65
      vertex 125.925 138.599 22.65
    endloop
  endfacet
  facet normal -0.214407 0.976744 0
    outer loop
      vertex 125.802 138.572 22.65
      vertex 125.925 138.599 21.45
      vertex 125.802 138.572 21.45
    endloop
  endfacet
  facet normal 0.386294 0.922376 -0
    outer loop
      vertex 125.054 138.637 21.45
      vertex 124.937 138.686 22.65
      vertex 125.054 138.637 22.65
    endloop
  endfacet
  facet normal 0.386294 0.922376 0
    outer loop
      vertex 124.937 138.686 22.65
      vertex 125.054 138.637 21.45
      vertex 124.937 138.686 21.45
    endloop
  endfacet
  facet normal 0.887994 0.459854 0
    outer loop
      vertex 124.294 139.275 22.65
      vertex 124.236 139.387 21.45
      vertex 124.236 139.387 22.65
    endloop
  endfacet
  facet normal 0.887994 0.459854 0
    outer loop
      vertex 124.236 139.387 21.45
      vertex 124.294 139.275 22.65
      vertex 124.294 139.275 21.45
    endloop
  endfacet
  facet normal 0.922376 0.386294 0
    outer loop
      vertex 124.236 139.387 22.65
      vertex 124.187 139.504 21.45
      vertex 124.187 139.504 22.65
    endloop
  endfacet
  facet normal 0.922376 0.386294 0
    outer loop
      vertex 124.187 139.504 21.45
      vertex 124.236 139.387 22.65
      vertex 124.236 139.387 21.45
    endloop
  endfacet
  facet normal -0.887994 0.459854 0
    outer loop
      vertex 126.806 139.275 21.45
      vertex 126.864 139.387 22.65
      vertex 126.864 139.387 21.45
    endloop
  endfacet
  facet normal -0.887994 0.459854 0
    outer loop
      vertex 126.864 139.387 22.65
      vertex 126.806 139.275 21.45
      vertex 126.806 139.275 22.65
    endloop
  endfacet
  facet normal 0.386294 -0.922376 0
    outer loop
      vertex 124.937 141.314 21.45
      vertex 125.054 141.363 22.65
      vertex 124.937 141.314 22.65
    endloop
  endfacet
  facet normal 0.386294 -0.922376 0
    outer loop
      vertex 125.054 141.363 22.65
      vertex 124.937 141.314 21.45
      vertex 125.054 141.363 21.45
    endloop
  endfacet
  facet normal -0.992034 0.125973 0
    outer loop
      vertex 126.978 139.748 21.45
      vertex 126.994 139.874 22.65
      vertex 126.994 139.874 21.45
    endloop
  endfacet
  facet normal -0.992034 0.125973 0
    outer loop
      vertex 126.994 139.874 22.65
      vertex 126.978 139.748 21.45
      vertex 126.978 139.748 22.65
    endloop
  endfacet
  facet normal -0.299622 -0.954058 0
    outer loop
      vertex 125.925 141.401 21.45
      vertex 126.046 141.363 22.65
      vertex 125.925 141.401 22.65
    endloop
  endfacet
  facet normal -0.299622 -0.954058 -0
    outer loop
      vertex 126.046 141.363 22.65
      vertex 125.925 141.401 21.45
      vertex 126.046 141.363 21.45
    endloop
  endfacet
  facet normal -0.610094 -0.792329 0
    outer loop
      vertex 126.382 141.188 21.45
      vertex 126.482 141.111 22.65
      vertex 126.382 141.188 22.65
    endloop
  endfacet
  facet normal -0.610094 -0.792329 -0
    outer loop
      vertex 126.482 141.111 22.65
      vertex 126.382 141.188 21.45
      vertex 126.482 141.111 21.45
    endloop
  endfacet
  facet normal 0.792329 0.610094 0
    outer loop
      vertex 124.439 139.068 22.65
      vertex 124.362 139.168 21.45
      vertex 124.362 139.168 22.65
    endloop
  endfacet
  facet normal 0.792329 0.610094 0
    outer loop
      vertex 124.362 139.168 21.45
      vertex 124.439 139.068 22.65
      vertex 124.439 139.068 21.45
    endloop
  endfacet
  facet normal -0.887994 -0.459854 0
    outer loop
      vertex 126.864 140.613 21.45
      vertex 126.806 140.725 22.65
      vertex 126.806 140.725 21.45
    endloop
  endfacet
  facet normal -0.887994 -0.459854 0
    outer loop
      vertex 126.806 140.725 22.65
      vertex 126.864 140.613 21.45
      vertex 126.864 140.613 22.65
    endloop
  endfacet
  facet normal -0.536365 0.843986 0
    outer loop
      vertex 126.382 138.812 21.45
      vertex 126.275 138.744 22.65
      vertex 126.382 138.812 22.65
    endloop
  endfacet
  facet normal -0.536365 0.843986 0
    outer loop
      vertex 126.275 138.744 22.65
      vertex 126.382 138.812 21.45
      vertex 126.275 138.744 21.45
    endloop
  endfacet
  facet normal -0.386294 0.922376 0
    outer loop
      vertex 126.163 138.686 21.45
      vertex 126.046 138.637 22.65
      vertex 126.163 138.686 22.65
    endloop
  endfacet
  facet normal -0.386294 0.922376 0
    outer loop
      vertex 126.046 138.637 22.65
      vertex 126.163 138.686 21.45
      vertex 126.046 138.637 21.45
    endloop
  endfacet
  facet normal 0.954058 -0.299622 0
    outer loop
      vertex 124.149 140.375 22.65
      vertex 124.187 140.496 21.45
      vertex 124.187 140.496 22.65
    endloop
  endfacet
  facet normal 0.954058 -0.299622 0
    outer loop
      vertex 124.187 140.496 21.45
      vertex 124.149 140.375 22.65
      vertex 124.149 140.375 21.45
    endloop
  endfacet
  facet normal 0.976744 0.214407 0
    outer loop
      vertex 124.149 139.625 22.65
      vertex 124.122 139.748 21.45
      vertex 124.122 139.748 22.65
    endloop
  endfacet
  facet normal 0.976744 0.214407 0
    outer loop
      vertex 124.122 139.748 21.45
      vertex 124.149 139.625 22.65
      vertex 124.149 139.625 21.45
    endloop
  endfacet
  facet normal -0.459854 -0.887994 0
    outer loop
      vertex 126.163 141.314 21.45
      vertex 126.275 141.256 22.65
      vertex 126.163 141.314 22.65
    endloop
  endfacet
  facet normal -0.459854 -0.887994 -0
    outer loop
      vertex 126.275 141.256 22.65
      vertex 126.163 141.314 21.45
      vertex 126.275 141.256 21.45
    endloop
  endfacet
  facet normal 0.734198 -0.678936 0
    outer loop
      vertex 124.439 140.932 22.65
      vertex 124.525 141.025 21.45
      vertex 124.525 141.025 22.65
    endloop
  endfacet
  facet normal 0.734198 -0.678936 0
    outer loop
      vertex 124.525 141.025 21.45
      vertex 124.439 140.932 22.65
      vertex 124.439 140.932 21.45
    endloop
  endfacet
  facet normal -0.0475651 0.998868 0
    outer loop
      vertex 125.676 138.556 21.45
      vertex 125.55 138.55 22.65
      vertex 125.676 138.556 22.65
    endloop
  endfacet
  facet normal -0.0475651 0.998868 0
    outer loop
      vertex 125.55 138.55 22.65
      vertex 125.676 138.556 21.45
      vertex 125.55 138.55 21.45
    endloop
  endfacet
  facet normal 0.678936 0.734198 -0
    outer loop
      vertex 124.618 138.889 21.45
      vertex 124.525 138.975 22.65
      vertex 124.618 138.889 22.65
    endloop
  endfacet
  facet normal 0.678936 0.734198 0
    outer loop
      vertex 124.525 138.975 22.65
      vertex 124.618 138.889 21.45
      vertex 124.525 138.975 21.45
    endloop
  endfacet
  facet normal 0.734198 0.678936 0
    outer loop
      vertex 124.525 138.975 22.65
      vertex 124.439 139.068 21.45
      vertex 124.439 139.068 22.65
    endloop
  endfacet
  facet normal 0.734198 0.678936 0
    outer loop
      vertex 124.439 139.068 21.45
      vertex 124.525 138.975 22.65
      vertex 124.525 138.975 21.45
    endloop
  endfacet
  facet normal 0.843986 0.536365 0
    outer loop
      vertex 124.362 139.168 22.65
      vertex 124.294 139.275 21.45
      vertex 124.294 139.275 22.65
    endloop
  endfacet
  facet normal 0.843986 0.536365 0
    outer loop
      vertex 124.294 139.275 21.45
      vertex 124.362 139.168 22.65
      vertex 124.362 139.168 21.45
    endloop
  endfacet
  facet normal 0.536365 -0.843986 0
    outer loop
      vertex 124.718 141.188 21.45
      vertex 124.825 141.256 22.65
      vertex 124.718 141.188 22.65
    endloop
  endfacet
  facet normal 0.536365 -0.843986 0
    outer loop
      vertex 124.825 141.256 22.65
      vertex 124.718 141.188 21.45
      vertex 124.825 141.256 21.45
    endloop
  endfacet
  facet normal -0.843986 0.536365 0
    outer loop
      vertex 126.738 139.168 21.45
      vertex 126.806 139.275 22.65
      vertex 126.806 139.275 21.45
    endloop
  endfacet
  facet normal -0.843986 0.536365 0
    outer loop
      vertex 126.806 139.275 22.65
      vertex 126.738 139.168 21.45
      vertex 126.738 139.168 22.65
    endloop
  endfacet
  facet normal 0.678936 -0.734198 0
    outer loop
      vertex 124.525 141.025 21.45
      vertex 124.618 141.111 22.65
      vertex 124.525 141.025 22.65
    endloop
  endfacet
  facet normal 0.678936 -0.734198 0
    outer loop
      vertex 124.618 141.111 22.65
      vertex 124.525 141.025 21.45
      vertex 124.618 141.111 21.45
    endloop
  endfacet
  facet normal -0.459854 0.887994 0
    outer loop
      vertex 126.275 138.744 21.45
      vertex 126.163 138.686 22.65
      vertex 126.275 138.744 22.65
    endloop
  endfacet
  facet normal -0.459854 0.887994 0
    outer loop
      vertex 126.163 138.686 22.65
      vertex 126.275 138.744 21.45
      vertex 126.163 138.686 21.45
    endloop
  endfacet
  facet normal -0.0475651 -0.998868 0
    outer loop
      vertex 125.55 141.45 21.45
      vertex 125.676 141.444 22.65
      vertex 125.55 141.45 22.65
    endloop
  endfacet
  facet normal -0.0475651 -0.998868 -0
    outer loop
      vertex 125.676 141.444 22.65
      vertex 125.55 141.45 21.45
      vertex 125.676 141.444 21.45
    endloop
  endfacet
  facet normal 0.976744 -0.214407 0
    outer loop
      vertex 124.122 140.252 22.65
      vertex 124.149 140.375 21.45
      vertex 124.149 140.375 22.65
    endloop
  endfacet
  facet normal 0.976744 -0.214407 0
    outer loop
      vertex 124.149 140.375 21.45
      vertex 124.122 140.252 22.65
      vertex 124.122 140.252 21.45
    endloop
  endfacet
  facet normal 0.992034 0.125973 0
    outer loop
      vertex 124.122 139.748 22.65
      vertex 124.106 139.874 21.45
      vertex 124.106 139.874 22.65
    endloop
  endfacet
  facet normal 0.992034 0.125973 0
    outer loop
      vertex 124.106 139.874 21.45
      vertex 124.122 139.748 22.65
      vertex 124.122 139.748 21.45
    endloop
  endfacet
  facet normal 0.998868 -0.0475651 0
    outer loop
      vertex 124.1 140 22.65
      vertex 124.106 140.126 21.45
      vertex 124.106 140.126 22.65
    endloop
  endfacet
  facet normal 0.998868 -0.0475651 0
    outer loop
      vertex 124.106 140.126 21.45
      vertex 124.1 140 22.65
      vertex 124.1 140 21.45
    endloop
  endfacet
  facet normal 0.998868 0.0475651 0
    outer loop
      vertex 124.106 139.874 22.65
      vertex 124.1 140 21.45
      vertex 124.1 140 22.65
    endloop
  endfacet
  facet normal 0.998868 0.0475651 0
    outer loop
      vertex 124.1 140 21.45
      vertex 124.106 139.874 22.65
      vertex 124.106 139.874 21.45
    endloop
  endfacet
  facet normal -0.125973 -0.992034 0
    outer loop
      vertex 125.676 141.444 21.45
      vertex 125.802 141.428 22.65
      vertex 125.676 141.444 22.65
    endloop
  endfacet
  facet normal -0.125973 -0.992034 -0
    outer loop
      vertex 125.802 141.428 22.65
      vertex 125.676 141.444 21.45
      vertex 125.802 141.428 21.45
    endloop
  endfacet
  facet normal 0.887994 -0.459854 0
    outer loop
      vertex 124.236 140.613 22.65
      vertex 124.294 140.725 21.45
      vertex 124.294 140.725 22.65
    endloop
  endfacet
  facet normal 0.887994 -0.459854 0
    outer loop
      vertex 124.294 140.725 21.45
      vertex 124.236 140.613 22.65
      vertex 124.236 140.613 21.45
    endloop
  endfacet
  facet normal 0.214407 0.976744 -0
    outer loop
      vertex 125.298 138.572 21.45
      vertex 125.175 138.599 22.65
      vertex 125.298 138.572 22.65
    endloop
  endfacet
  facet normal 0.214407 0.976744 0
    outer loop
      vertex 125.175 138.599 22.65
      vertex 125.298 138.572 21.45
      vertex 125.175 138.599 21.45
    endloop
  endfacet
  facet normal -0.678936 0.734198 0
    outer loop
      vertex 126.575 138.975 21.45
      vertex 126.482 138.889 22.65
      vertex 126.575 138.975 22.65
    endloop
  endfacet
  facet normal -0.678936 0.734198 0
    outer loop
      vertex 126.482 138.889 22.65
      vertex 126.575 138.975 21.45
      vertex 126.482 138.889 21.45
    endloop
  endfacet
  facet normal -0.734198 -0.678936 0
    outer loop
      vertex 126.661 140.932 21.45
      vertex 126.575 141.025 22.65
      vertex 126.575 141.025 21.45
    endloop
  endfacet
  facet normal -0.734198 -0.678936 0
    outer loop
      vertex 126.575 141.025 22.65
      vertex 126.661 140.932 21.45
      vertex 126.661 140.932 22.65
    endloop
  endfacet
  facet normal 0.459854 0.887994 -0
    outer loop
      vertex 124.937 138.686 21.45
      vertex 124.825 138.744 22.65
      vertex 124.937 138.686 22.65
    endloop
  endfacet
  facet normal 0.459854 0.887994 0
    outer loop
      vertex 124.825 138.744 22.65
      vertex 124.937 138.686 21.45
      vertex 124.825 138.744 21.45
    endloop
  endfacet
  facet normal -0.676688 0.73627 0
    outer loop
      vertex 127.459 138.091 22.65
      vertex 127.286 137.932 24.05
      vertex 127.459 138.091 24.05
    endloop
  endfacet
  facet normal -0.676688 0.73627 0
    outer loop
      vertex 127.286 137.932 24.05
      vertex 127.459 138.091 22.65
      vertex 127.286 137.932 22.65
    endloop
  endfacet
  facet normal -0.991339 -0.131331 0
    outer loop
      vertex 128.24 140.235 22.65
      vertex 128.209 140.469 24.05
      vertex 128.209 140.469 22.65
    endloop
  endfacet
  facet normal -0.991339 -0.131331 0
    outer loop
      vertex 128.209 140.469 24.05
      vertex 128.24 140.235 22.65
      vertex 128.24 140.235 24.05
    endloop
  endfacet
  facet normal -0.999096 -0.0425147 0
    outer loop
      vertex 128.25 140 22.65
      vertex 128.24 140.235 24.05
      vertex 128.24 140.235 22.65
    endloop
  endfacet
  facet normal -0.999096 -0.0425147 0
    outer loop
      vertex 128.24 140.235 24.05
      vertex 128.25 140 22.65
      vertex 128.25 140 24.05
    endloop
  endfacet
  facet normal -0.73627 -0.676688 0
    outer loop
      vertex 127.618 141.736 22.65
      vertex 127.459 141.909 24.05
      vertex 127.459 141.909 22.65
    endloop
  endfacet
  facet normal -0.73627 -0.676688 0
    outer loop
      vertex 127.459 141.909 24.05
      vertex 127.618 141.736 22.65
      vertex 127.618 141.736 24.05
    endloop
  endfacet
  facet normal 0.534951 -0.844883 0
    outer loop
      vertex 124.001 142.212 22.65
      vertex 124.2 142.338 24.05
      vertex 124.001 142.212 24.05
    endloop
  endfacet
  facet normal 0.534951 -0.844883 0
    outer loop
      vertex 124.2 142.338 24.05
      vertex 124.001 142.212 22.65
      vertex 124.2 142.338 22.65
    endloop
  endfacet
  facet normal 0.216481 -0.976287 0
    outer loop
      vertex 124.851 142.608 22.65
      vertex 125.081 142.659 24.05
      vertex 124.851 142.608 24.05
    endloop
  endfacet
  facet normal 0.216481 -0.976287 0
    outer loop
      vertex 125.081 142.659 24.05
      vertex 124.851 142.608 22.65
      vertex 125.081 142.659 22.65
    endloop
  endfacet
  facet normal 0.131331 -0.991339 0
    outer loop
      vertex 125.081 142.659 22.65
      vertex 125.315 142.69 24.05
      vertex 125.081 142.659 24.05
    endloop
  endfacet
  facet normal 0.131331 -0.991339 0
    outer loop
      vertex 125.315 142.69 24.05
      vertex 125.081 142.659 22.65
      vertex 125.315 142.69 22.65
    endloop
  endfacet
  facet normal -0.792309 -0.61012 0
    outer loop
      vertex 127.762 141.549 22.65
      vertex 127.618 141.736 24.05
      vertex 127.618 141.736 22.65
    endloop
  endfacet
  facet normal -0.792309 -0.61012 0
    outer loop
      vertex 127.618 141.736 24.05
      vertex 127.762 141.549 22.65
      vertex 127.762 141.549 24.05
    endloop
  endfacet
  facet normal 0 0 1
    outer loop
      vertex 127 140 22.65
      vertex 128.25 140 22.65
      vertex 128.24 140.235 22.65
    endloop
  endfacet
  facet normal 0 0 1
    outer loop
      vertex 126.994 140.126 22.65
      vertex 128.24 140.235 22.65
      vertex 128.209 140.469 22.65
    endloop
  endfacet
  facet normal 0 0 1
    outer loop
      vertex 128.25 140 22.65
      vertex 127 140 22.65
      vertex 128.24 139.765 22.65
    endloop
  endfacet
  facet normal 0 0 1
    outer loop
      vertex 126.978 140.252 22.65
      vertex 128.209 140.469 22.65
      vertex 128.158 140.699 22.65
    endloop
  endfacet
  facet normal -0 0 1
    outer loop
      vertex 126.994 139.874 22.65
      vertex 128.24 139.765 22.65
      vertex 127 140 22.65
    endloop
  endfacet
  facet normal 0 0 1
    outer loop
      vertex 126.951 140.375 22.65
      vertex 128.158 140.699 22.65
      vertex 128.087 140.923 22.65
    endloop
  endfacet
  facet normal 0 0 1
    outer loop
      vertex 128.24 139.765 22.65
      vertex 126.994 139.874 22.65
      vertex 128.209 139.531 22.65
    endloop
  endfacet
  facet normal 0 0 1
    outer loop
      vertex 126.913 140.496 22.65
      vertex 128.087 140.923 22.65
      vertex 127.997 141.141 22.65
    endloop
  endfacet
  facet normal -0 0 1
    outer loop
      vertex 126.978 139.748 22.65
      vertex 128.209 139.531 22.65
      vertex 126.994 139.874 22.65
    endloop
  endfacet
  facet normal 0 0 1
    outer loop
      vertex 126.864 140.613 22.65
      vertex 127.997 141.141 22.65
      vertex 127.888 141.35 22.65
    endloop
  endfacet
  facet normal 0 0 1
    outer loop
      vertex 128.209 139.531 22.65
      vertex 126.978 139.748 22.65
      vertex 128.158 139.301 22.65
    endloop
  endfacet
  facet normal 0 0 1
    outer loop
      vertex 126.806 140.725 22.65
      vertex 127.888 141.35 22.65
      vertex 127.762 141.549 22.65
    endloop
  endfacet
  facet normal -0 0 1
    outer loop
      vertex 126.951 139.625 22.65
      vertex 128.158 139.301 22.65
      vertex 126.978 139.748 22.65
    endloop
  endfacet
  facet normal 0 0 1
    outer loop
      vertex 126.738 140.832 22.65
      vertex 127.762 141.549 22.65
      vertex 127.618 141.736 22.65
    endloop
  endfacet
  facet normal 0 0 1
    outer loop
      vertex 128.158 139.301 22.65
      vertex 126.951 139.625 22.65
      vertex 128.087 139.077 22.65
    endloop
  endfacet
  facet normal 0 0 1
    outer loop
      vertex 126.661 140.932 22.65
      vertex 127.618 141.736 22.65
      vertex 127.459 141.909 22.65
    endloop
  endfacet
  facet normal -0 0 1
    outer loop
      vertex 126.913 139.504 22.65
      vertex 128.087 139.077 22.65
      vertex 126.951 139.625 22.65
    endloop
  endfacet
  facet normal 0 0 1
    outer loop
      vertex 126.575 141.025 22.65
      vertex 127.459 141.909 22.65
      vertex 127.286 142.068 22.65
    endloop
  endfacet
  facet normal 0 0 1
    outer loop
      vertex 128.087 139.077 22.65
      vertex 126.913 139.504 22.65
      vertex 127.997 138.859 22.65
    endloop
  endfacet
  facet normal 0 0 1
    outer loop
      vertex 126.482 141.111 22.65
      vertex 127.286 142.068 22.65
      vertex 127.099 142.212 22.65
    endloop
  endfacet
  facet normal -0 0 1
    outer loop
      vertex 126.864 139.387 22.65
      vertex 127.997 138.859 22.65
      vertex 126.913 139.504 22.65
    endloop
  endfacet
  facet normal 0 0 1
    outer loop
      vertex 127.997 138.859 22.65
      vertex 126.864 139.387 22.65
      vertex 127.888 138.65 22.65
    endloop
  endfacet
  facet normal 0 0 1
    outer loop
      vertex 128.24 140.235 22.65
      vertex 126.994 140.126 22.65
      vertex 127 140 22.65
    endloop
  endfacet
  facet normal 0 0 1
    outer loop
      vertex 128.209 140.469 22.65
      vertex 126.978 140.252 22.65
      vertex 126.994 140.126 22.65
    endloop
  endfacet
  facet normal 0 0 1
    outer loop
      vertex 128.158 140.699 22.65
      vertex 126.951 140.375 22.65
      vertex 126.978 140.252 22.65
    endloop
  endfacet
  facet normal 0 0 1
    outer loop
      vertex 128.087 140.923 22.65
      vertex 126.913 140.496 22.65
      vertex 126.951 140.375 22.65
    endloop
  endfacet
  facet normal 0 0 1
    outer loop
      vertex 126.382 141.188 22.65
      vertex 127.099 142.212 22.65
      vertex 126.9 142.338 22.65
    endloop
  endfacet
  facet normal 0 0 1
    outer loop
      vertex 127.997 141.141 22.65
      vertex 126.864 140.613 22.65
      vertex 126.913 140.496 22.65
    endloop
  endfacet
  facet normal 0 0 1
    outer loop
      vertex 127.888 141.35 22.65
      vertex 126.806 140.725 22.65
      vertex 126.864 140.613 22.65
    endloop
  endfacet
  facet normal 0 0 1
    outer loop
      vertex 127.762 141.549 22.65
      vertex 126.738 140.832 22.65
      vertex 126.806 140.725 22.65
    endloop
  endfacet
  facet normal 0 0 1
    outer loop
      vertex 126.275 141.256 22.65
      vertex 126.9 142.338 22.65
      vertex 126.691 142.447 22.65
    endloop
  endfacet
  facet normal 0 0 1
    outer loop
      vertex 127.618 141.736 22.65
      vertex 126.661 140.932 22.65
      vertex 126.738 140.832 22.65
    endloop
  endfacet
  facet normal 0 0 1
    outer loop
      vertex 127.459 141.909 22.65
      vertex 126.575 141.025 22.65
      vertex 126.661 140.932 22.65
    endloop
  endfacet
  facet normal 0 0 1
    outer loop
      vertex 127.286 142.068 22.65
      vertex 126.482 141.111 22.65
      vertex 126.575 141.025 22.65
    endloop
  endfacet
  facet normal 0 0 1
    outer loop
      vertex 126.163 141.314 22.65
      vertex 126.691 142.447 22.65
      vertex 126.473 142.537 22.65
    endloop
  endfacet
  facet normal 0 0 1
    outer loop
      vertex 127.099 142.212 22.65
      vertex 126.382 141.188 22.65
      vertex 126.482 141.111 22.65
    endloop
  endfacet
  facet normal 0 0 1
    outer loop
      vertex 126.9 142.338 22.65
      vertex 126.275 141.256 22.65
      vertex 126.382 141.188 22.65
    endloop
  endfacet
  facet normal 0 0 1
    outer loop
      vertex 126.046 141.363 22.65
      vertex 126.473 142.537 22.65
      vertex 126.249 142.608 22.65
    endloop
  endfacet
  facet normal 0 0 1
    outer loop
      vertex 126.691 142.447 22.65
      vertex 126.163 141.314 22.65
      vertex 126.275 141.256 22.65
    endloop
  endfacet
  facet normal 0 0 1
    outer loop
      vertex 126.473 142.537 22.65
      vertex 126.046 141.363 22.65
      vertex 126.163 141.314 22.65
    endloop
  endfacet
  facet normal 0 0 1
    outer loop
      vertex 125.925 141.401 22.65
      vertex 126.249 142.608 22.65
      vertex 126.019 142.659 22.65
    endloop
  endfacet
  facet normal 0 0 1
    outer loop
      vertex 126.249 142.608 22.65
      vertex 125.925 141.401 22.65
      vertex 126.046 141.363 22.65
    endloop
  endfacet
  facet normal 0 0 1
    outer loop
      vertex 126.019 142.659 22.65
      vertex 125.802 141.428 22.65
      vertex 125.925 141.401 22.65
    endloop
  endfacet
  facet normal 0 0 1
    outer loop
      vertex 125.785 142.69 22.65
      vertex 125.802 141.428 22.65
      vertex 126.019 142.659 22.65
    endloop
  endfacet
  facet normal 0 0 1
    outer loop
      vertex 125.785 142.69 22.65
      vertex 125.676 141.444 22.65
      vertex 125.802 141.428 22.65
    endloop
  endfacet
  facet normal 0 0 1
    outer loop
      vertex 125.55 142.7 22.65
      vertex 125.676 141.444 22.65
      vertex 125.785 142.69 22.65
    endloop
  endfacet
  facet normal 0 0 1
    outer loop
      vertex 125.55 142.7 22.65
      vertex 125.55 141.45 22.65
      vertex 125.676 141.444 22.65
    endloop
  endfacet
  facet normal 0 0 1
    outer loop
      vertex 125.55 142.7 22.65
      vertex 125.424 141.444 22.65
      vertex 125.55 141.45 22.65
    endloop
  endfacet
  facet normal -0 0 1
    outer loop
      vertex 125.315 142.69 22.65
      vertex 125.424 141.444 22.65
      vertex 125.55 142.7 22.65
    endloop
  endfacet
  facet normal 0 0 1
    outer loop
      vertex 125.315 142.69 22.65
      vertex 125.298 141.428 22.65
      vertex 125.424 141.444 22.65
    endloop
  endfacet
  facet normal -0 0 1
    outer loop
      vertex 125.081 142.659 22.65
      vertex 125.298 141.428 22.65
      vertex 125.315 142.69 22.65
    endloop
  endfacet
  facet normal 0 0 1
    outer loop
      vertex 125.298 141.428 22.65
      vertex 125.081 142.659 22.65
      vertex 125.175 141.401 22.65
    endloop
  endfacet
  facet normal -0 0 1
    outer loop
      vertex 124.851 142.608 22.65
      vertex 125.175 141.401 22.65
      vertex 125.081 142.659 22.65
    endloop
  endfacet
  facet normal 0 0 1
    outer loop
      vertex 125.175 141.401 22.65
      vertex 124.851 142.608 22.65
      vertex 125.054 141.363 22.65
    endloop
  endfacet
  facet normal -0 0 1
    outer loop
      vertex 124.627 142.537 22.65
      vertex 125.054 141.363 22.65
      vertex 124.851 142.608 22.65
    endloop
  endfacet
  facet normal 0 0 1
    outer loop
      vertex 125.054 141.363 22.65
      vertex 124.627 142.537 22.65
      vertex 124.937 141.314 22.65
    endloop
  endfacet
  facet normal -0 0 1
    outer loop
      vertex 124.409 142.447 22.65
      vertex 124.937 141.314 22.65
      vertex 124.627 142.537 22.65
    endloop
  endfacet
  facet normal 0 0 1
    outer loop
      vertex 124.937 141.314 22.65
      vertex 124.409 142.447 22.65
      vertex 124.825 141.256 22.65
    endloop
  endfacet
  facet normal -0 0 1
    outer loop
      vertex 124.2 142.338 22.65
      vertex 124.825 141.256 22.65
      vertex 124.409 142.447 22.65
    endloop
  endfacet
  facet normal 0 0 1
    outer loop
      vertex 124.825 141.256 22.65
      vertex 124.2 142.338 22.65
      vertex 124.718 141.188 22.65
    endloop
  endfacet
  facet normal -0 0 1
    outer loop
      vertex 124.001 142.212 22.65
      vertex 124.718 141.188 22.65
      vertex 124.2 142.338 22.65
    endloop
  endfacet
  facet normal 0 0 1
    outer loop
      vertex 124.718 141.188 22.65
      vertex 124.001 142.212 22.65
      vertex 124.618 141.111 22.65
    endloop
  endfacet
  facet normal -0 0 1
    outer loop
      vertex 123.814 142.068 22.65
      vertex 124.618 141.111 22.65
      vertex 124.001 142.212 22.65
    endloop
  endfacet
  facet normal 0 0 1
    outer loop
      vertex 124.618 141.111 22.65
      vertex 123.814 142.068 22.65
      vertex 124.525 141.025 22.65
    endloop
  endfacet
  facet normal -0 0 1
    outer loop
      vertex 123.641 141.909 22.65
      vertex 124.525 141.025 22.65
      vertex 123.814 142.068 22.65
    endloop
  endfacet
  facet normal 0 0 1
    outer loop
      vertex 124.525 141.025 22.65
      vertex 123.641 141.909 22.65
      vertex 124.439 140.932 22.65
    endloop
  endfacet
  facet normal -0 0 1
    outer loop
      vertex 123.482 141.736 22.65
      vertex 124.439 140.932 22.65
      vertex 123.641 141.909 22.65
    endloop
  endfacet
  facet normal 0 0 1
    outer loop
      vertex 124.439 140.932 22.65
      vertex 123.482 141.736 22.65
      vertex 124.362 140.832 22.65
    endloop
  endfacet
  facet normal -0 0 1
    outer loop
      vertex 123.338 141.549 22.65
      vertex 124.362 140.832 22.65
      vertex 123.482 141.736 22.65
    endloop
  endfacet
  facet normal 0 0 1
    outer loop
      vertex 124.362 140.832 22.65
      vertex 123.338 141.549 22.65
      vertex 124.294 140.725 22.65
    endloop
  endfacet
  facet normal -0 0 1
    outer loop
      vertex 123.212 141.35 22.65
      vertex 124.294 140.725 22.65
      vertex 123.338 141.549 22.65
    endloop
  endfacet
  facet normal 0 0 1
    outer loop
      vertex 124.294 140.725 22.65
      vertex 123.212 141.35 22.65
      vertex 124.236 140.613 22.65
    endloop
  endfacet
  facet normal -0 0 1
    outer loop
      vertex 126.806 139.275 22.65
      vertex 127.888 138.65 22.65
      vertex 126.864 139.387 22.65
    endloop
  endfacet
  facet normal 0 0 1
    outer loop
      vertex 127.888 138.65 22.65
      vertex 126.806 139.275 22.65
      vertex 127.762 138.451 22.65
    endloop
  endfacet
  facet normal -0 0 1
    outer loop
      vertex 126.738 139.168 22.65
      vertex 127.762 138.451 22.65
      vertex 126.806 139.275 22.65
    endloop
  endfacet
  facet normal 0 0 1
    outer loop
      vertex 127.762 138.451 22.65
      vertex 126.738 139.168 22.65
      vertex 127.618 138.264 22.65
    endloop
  endfacet
  facet normal -0 0 1
    outer loop
      vertex 126.661 139.068 22.65
      vertex 127.618 138.264 22.65
      vertex 126.738 139.168 22.65
    endloop
  endfacet
  facet normal 0 0 1
    outer loop
      vertex 127.618 138.264 22.65
      vertex 126.661 139.068 22.65
      vertex 127.459 138.091 22.65
    endloop
  endfacet
  facet normal -0 0 1
    outer loop
      vertex 126.575 138.975 22.65
      vertex 127.459 138.091 22.65
      vertex 126.661 139.068 22.65
    endloop
  endfacet
  facet normal 0 0 1
    outer loop
      vertex 127.459 138.091 22.65
      vertex 126.575 138.975 22.65
      vertex 127.286 137.932 22.65
    endloop
  endfacet
  facet normal -0 0 1
    outer loop
      vertex 126.482 138.889 22.65
      vertex 127.286 137.932 22.65
      vertex 126.575 138.975 22.65
    endloop
  endfacet
  facet normal 0 0 1
    outer loop
      vertex 127.286 137.932 22.65
      vertex 126.482 138.889 22.65
      vertex 127.099 137.788 22.65
    endloop
  endfacet
  facet normal -0 0 1
    outer loop
      vertex 126.382 138.812 22.65
      vertex 127.099 137.788 22.65
      vertex 126.482 138.889 22.65
    endloop
  endfacet
  facet normal 0 0 1
    outer loop
      vertex 127.099 137.788 22.65
      vertex 126.382 138.812 22.65
      vertex 126.9 137.662 22.65
    endloop
  endfacet
  facet normal -0 0 1
    outer loop
      vertex 126.275 138.744 22.65
      vertex 126.9 137.662 22.65
      vertex 126.382 138.812 22.65
    endloop
  endfacet
  facet normal 0 0 1
    outer loop
      vertex 126.9 137.662 22.65
      vertex 126.275 138.744 22.65
      vertex 126.691 137.553 22.65
    endloop
  endfacet
  facet normal -0 0 1
    outer loop
      vertex 126.163 138.686 22.65
      vertex 126.691 137.553 22.65
      vertex 126.275 138.744 22.65
    endloop
  endfacet
  facet normal 0 0 1
    outer loop
      vertex 126.691 137.553 22.65
      vertex 126.163 138.686 22.65
      vertex 126.473 137.463 22.65
    endloop
  endfacet
  facet normal -0 0 1
    outer loop
      vertex 126.046 138.637 22.65
      vertex 126.473 137.463 22.65
      vertex 126.163 138.686 22.65
    endloop
  endfacet
  facet normal 0 0 1
    outer loop
      vertex 126.473 137.463 22.65
      vertex 126.046 138.637 22.65
      vertex 126.249 137.392 22.65
    endloop
  endfacet
  facet normal -0 0 1
    outer loop
      vertex 125.925 138.599 22.65
      vertex 126.249 137.392 22.65
      vertex 126.046 138.637 22.65
    endloop
  endfacet
  facet normal 0 0 1
    outer loop
      vertex 126.249 137.392 22.65
      vertex 125.925 138.599 22.65
      vertex 126.019 137.341 22.65
    endloop
  endfacet
  facet normal -0 0 1
    outer loop
      vertex 125.802 138.572 22.65
      vertex 126.019 137.341 22.65
      vertex 125.925 138.599 22.65
    endloop
  endfacet
  facet normal 0 0 1
    outer loop
      vertex 125.802 138.572 22.65
      vertex 125.785 137.31 22.65
      vertex 126.019 137.341 22.65
    endloop
  endfacet
  facet normal -0 0 1
    outer loop
      vertex 125.676 138.556 22.65
      vertex 125.785 137.31 22.65
      vertex 125.802 138.572 22.65
    endloop
  endfacet
  facet normal -0 0 1
    outer loop
      vertex 125.55 138.55 22.65
      vertex 125.785 137.31 22.65
      vertex 125.676 138.556 22.65
    endloop
  endfacet
  facet normal 0 0 1
    outer loop
      vertex 125.55 138.55 22.65
      vertex 125.55 137.3 22.65
      vertex 125.785 137.31 22.65
    endloop
  endfacet
  facet normal 0 0 1
    outer loop
      vertex 125.424 138.556 22.65
      vertex 125.55 137.3 22.65
      vertex 125.55 138.55 22.65
    endloop
  endfacet
  facet normal 0 0 1
    outer loop
      vertex 125.424 138.556 22.65
      vertex 125.315 137.31 22.65
      vertex 125.55 137.3 22.65
    endloop
  endfacet
  facet normal 0 0 1
    outer loop
      vertex 125.298 138.572 22.65
      vertex 125.315 137.31 22.65
      vertex 125.424 138.556 22.65
    endloop
  endfacet
  facet normal 0 0 1
    outer loop
      vertex 125.081 137.341 22.65
      vertex 125.298 138.572 22.65
      vertex 125.175 138.599 22.65
    endloop
  endfacet
  facet normal 0 0 1
    outer loop
      vertex 125.298 138.572 22.65
      vertex 125.081 137.341 22.65
      vertex 125.315 137.31 22.65
    endloop
  endfacet
  facet normal 0 0 1
    outer loop
      vertex 124.851 137.392 22.65
      vertex 125.175 138.599 22.65
      vertex 125.054 138.637 22.65
    endloop
  endfacet
  facet normal 0 0 1
    outer loop
      vertex 124.627 137.463 22.65
      vertex 125.054 138.637 22.65
      vertex 124.937 138.686 22.65
    endloop
  endfacet
  facet normal 0 0 1
    outer loop
      vertex 125.175 138.599 22.65
      vertex 124.851 137.392 22.65
      vertex 125.081 137.341 22.65
    endloop
  endfacet
  facet normal 0 0 1
    outer loop
      vertex 124.409 137.553 22.65
      vertex 124.937 138.686 22.65
      vertex 124.825 138.744 22.65
    endloop
  endfacet
  facet normal 0 0 1
    outer loop
      vertex 124.2 137.662 22.65
      vertex 124.825 138.744 22.65
      vertex 124.718 138.812 22.65
    endloop
  endfacet
  facet normal 0 0 1
    outer loop
      vertex 125.054 138.637 22.65
      vertex 124.627 137.463 22.65
      vertex 124.851 137.392 22.65
    endloop
  endfacet
  facet normal 0 0 1
    outer loop
      vertex 124.001 137.788 22.65
      vertex 124.718 138.812 22.65
      vertex 124.618 138.889 22.65
    endloop
  endfacet
  facet normal 0 0 1
    outer loop
      vertex 123.814 137.932 22.65
      vertex 124.618 138.889 22.65
      vertex 124.525 138.975 22.65
    endloop
  endfacet
  facet normal 0 0 1
    outer loop
      vertex 123.641 138.091 22.65
      vertex 124.525 138.975 22.65
      vertex 124.439 139.068 22.65
    endloop
  endfacet
  facet normal 0 0 1
    outer loop
      vertex 124.937 138.686 22.65
      vertex 124.409 137.553 22.65
      vertex 124.627 137.463 22.65
    endloop
  endfacet
  facet normal 0 0 1
    outer loop
      vertex 123.482 138.264 22.65
      vertex 124.439 139.068 22.65
      vertex 124.362 139.168 22.65
    endloop
  endfacet
  facet normal 0 0 1
    outer loop
      vertex 123.338 138.451 22.65
      vertex 124.362 139.168 22.65
      vertex 124.294 139.275 22.65
    endloop
  endfacet
  facet normal 0 0 1
    outer loop
      vertex 123.212 138.65 22.65
      vertex 124.294 139.275 22.65
      vertex 124.236 139.387 22.65
    endloop
  endfacet
  facet normal 0 0 1
    outer loop
      vertex 124.825 138.744 22.65
      vertex 124.2 137.662 22.65
      vertex 124.409 137.553 22.65
    endloop
  endfacet
  facet normal 0 0 1
    outer loop
      vertex 123.103 138.859 22.65
      vertex 124.236 139.387 22.65
      vertex 124.187 139.504 22.65
    endloop
  endfacet
  facet normal 0 0 1
    outer loop
      vertex 123.013 139.077 22.65
      vertex 124.187 139.504 22.65
      vertex 124.149 139.625 22.65
    endloop
  endfacet
  facet normal 0 0 1
    outer loop
      vertex 122.942 139.301 22.65
      vertex 124.149 139.625 22.65
      vertex 124.122 139.748 22.65
    endloop
  endfacet
  facet normal 0 0 1
    outer loop
      vertex 122.891 139.531 22.65
      vertex 124.122 139.748 22.65
      vertex 124.106 139.874 22.65
    endloop
  endfacet
  facet normal 0 0 1
    outer loop
      vertex 122.86 139.765 22.65
      vertex 124.106 139.874 22.65
      vertex 124.1 140 22.65
    endloop
  endfacet
  facet normal -0 0 1
    outer loop
      vertex 123.103 141.141 22.65
      vertex 124.236 140.613 22.65
      vertex 123.212 141.35 22.65
    endloop
  endfacet
  facet normal 0 0 1
    outer loop
      vertex 124.718 138.812 22.65
      vertex 124.001 137.788 22.65
      vertex 124.2 137.662 22.65
    endloop
  endfacet
  facet normal 0 0 1
    outer loop
      vertex 124.236 140.613 22.65
      vertex 123.103 141.141 22.65
      vertex 124.187 140.496 22.65
    endloop
  endfacet
  facet normal 0 0 1
    outer loop
      vertex 124.618 138.889 22.65
      vertex 123.814 137.932 22.65
      vertex 124.001 137.788 22.65
    endloop
  endfacet
  facet normal -0 0 1
    outer loop
      vertex 123.013 140.923 22.65
      vertex 124.187 140.496 22.65
      vertex 123.103 141.141 22.65
    endloop
  endfacet
  facet normal 0 0 1
    outer loop
      vertex 124.525 138.975 22.65
      vertex 123.641 138.091 22.65
      vertex 123.814 137.932 22.65
    endloop
  endfacet
  facet normal 0 0 1
    outer loop
      vertex 124.187 140.496 22.65
      vertex 123.013 140.923 22.65
      vertex 124.149 140.375 22.65
    endloop
  endfacet
  facet normal 0 0 1
    outer loop
      vertex 124.439 139.068 22.65
      vertex 123.482 138.264 22.65
      vertex 123.641 138.091 22.65
    endloop
  endfacet
  facet normal -0 0 1
    outer loop
      vertex 122.942 140.699 22.65
      vertex 124.149 140.375 22.65
      vertex 123.013 140.923 22.65
    endloop
  endfacet
  facet normal 0 0 1
    outer loop
      vertex 124.362 139.168 22.65
      vertex 123.338 138.451 22.65
      vertex 123.482 138.264 22.65
    endloop
  endfacet
  facet normal 0 0 1
    outer loop
      vertex 124.149 140.375 22.65
      vertex 122.942 140.699 22.65
      vertex 124.122 140.252 22.65
    endloop
  endfacet
  facet normal 0 0 1
    outer loop
      vertex 124.294 139.275 22.65
      vertex 123.212 138.65 22.65
      vertex 123.338 138.451 22.65
    endloop
  endfacet
  facet normal -0 0 1
    outer loop
      vertex 122.891 140.469 22.65
      vertex 124.122 140.252 22.65
      vertex 122.942 140.699 22.65
    endloop
  endfacet
  facet normal 0 0 1
    outer loop
      vertex 124.236 139.387 22.65
      vertex 123.103 138.859 22.65
      vertex 123.212 138.65 22.65
    endloop
  endfacet
  facet normal 0 0 1
    outer loop
      vertex 124.122 140.252 22.65
      vertex 122.891 140.469 22.65
      vertex 124.106 140.126 22.65
    endloop
  endfacet
  facet normal 0 0 1
    outer loop
      vertex 124.187 139.504 22.65
      vertex 123.013 139.077 22.65
      vertex 123.103 138.859 22.65
    endloop
  endfacet
  facet normal -0 0 1
    outer loop
      vertex 122.86 140.235 22.65
      vertex 124.106 140.126 22.65
      vertex 122.891 140.469 22.65
    endloop
  endfacet
  facet normal 0 0 1
    outer loop
      vertex 124.149 139.625 22.65
      vertex 122.942 139.301 22.65
      vertex 123.013 139.077 22.65
    endloop
  endfacet
  facet normal 0 0 1
    outer loop
      vertex 124.106 140.126 22.65
      vertex 122.86 140.235 22.65
      vertex 124.1 140 22.65
    endloop
  endfacet
  facet normal 0 0 1
    outer loop
      vertex 124.122 139.748 22.65
      vertex 122.891 139.531 22.65
      vertex 122.942 139.301 22.65
    endloop
  endfacet
  facet normal 0 0 1
    outer loop
      vertex 122.85 140 22.65
      vertex 124.1 140 22.65
      vertex 122.86 140.235 22.65
    endloop
  endfacet
  facet normal 0 0 1
    outer loop
      vertex 124.106 139.874 22.65
      vertex 122.86 139.765 22.65
      vertex 122.891 139.531 22.65
    endloop
  endfacet
  facet normal 0 0 1
    outer loop
      vertex 124.1 140 22.65
      vertex 122.85 140 22.65
      vertex 122.86 139.765 22.65
    endloop
  endfacet
  facet normal -0.999096 0.0425147 0
    outer loop
      vertex 128.24 139.765 22.65
      vertex 128.25 140 24.05
      vertex 128.25 140 22.65
    endloop
  endfacet
  facet normal -0.999096 0.0425147 0
    outer loop
      vertex 128.25 140 24.05
      vertex 128.24 139.765 22.65
      vertex 128.24 139.765 24.05
    endloop
  endfacet
  facet normal 0.61012 -0.792309 0
    outer loop
      vertex 123.814 142.068 22.65
      vertex 124.001 142.212 24.05
      vertex 123.814 142.068 24.05
    endloop
  endfacet
  facet normal 0.61012 -0.792309 0
    outer loop
      vertex 124.001 142.212 24.05
      vertex 123.814 142.068 22.65
      vertex 124.001 142.212 22.65
    endloop
  endfacet
  facet normal 0.88666 -0.462421 0
    outer loop
      vertex 123.103 141.141 24.05
      vertex 123.212 141.35 22.65
      vertex 123.212 141.35 24.05
    endloop
  endfacet
  facet normal 0.88666 -0.462421 0
    outer loop
      vertex 123.212 141.35 22.65
      vertex 123.103 141.141 24.05
      vertex 123.103 141.141 22.65
    endloop
  endfacet
  facet normal -0.534951 -0.844883 0
    outer loop
      vertex 126.9 142.338 22.65
      vertex 127.099 142.212 24.05
      vertex 126.9 142.338 24.05
    endloop
  endfacet
  facet normal -0.534951 -0.844883 -0
    outer loop
      vertex 127.099 142.212 24.05
      vertex 126.9 142.338 22.65
      vertex 127.099 142.212 22.65
    endloop
  endfacet
  facet normal -0.953261 -0.30215 0
    outer loop
      vertex 128.158 140.699 22.65
      vertex 128.087 140.923 24.05
      vertex 128.087 140.923 22.65
    endloop
  endfacet
  facet normal -0.953261 -0.30215 0
    outer loop
      vertex 128.087 140.923 24.05
      vertex 128.158 140.699 22.65
      vertex 128.158 140.699 24.05
    endloop
  endfacet
  facet normal -0.924326 -0.381603 0
    outer loop
      vertex 128.087 140.923 22.65
      vertex 127.997 141.141 24.05
      vertex 127.997 141.141 22.65
    endloop
  endfacet
  facet normal -0.924326 -0.381603 0
    outer loop
      vertex 127.997 141.141 24.05
      vertex 128.087 140.923 22.65
      vertex 128.087 140.923 24.05
    endloop
  endfacet
  facet normal -0.88666 0.462421 0
    outer loop
      vertex 127.888 138.65 22.65
      vertex 127.997 138.859 24.05
      vertex 127.997 138.859 22.65
    endloop
  endfacet
  facet normal -0.88666 0.462421 0
    outer loop
      vertex 127.997 138.859 24.05
      vertex 127.888 138.65 22.65
      vertex 127.888 138.65 24.05
    endloop
  endfacet
  facet normal -0.131331 0.991339 0
    outer loop
      vertex 126.019 137.341 22.65
      vertex 125.785 137.31 24.05
      vertex 126.019 137.341 24.05
    endloop
  endfacet
  facet normal -0.131331 0.991339 0
    outer loop
      vertex 125.785 137.31 24.05
      vertex 126.019 137.341 22.65
      vertex 125.785 137.31 22.65
    endloop
  endfacet
  facet normal -0.991339 0.131331 0
    outer loop
      vertex 128.209 139.531 22.65
      vertex 128.24 139.765 24.05
      vertex 128.24 139.765 22.65
    endloop
  endfacet
  facet normal -0.991339 0.131331 0
    outer loop
      vertex 128.24 139.765 24.05
      vertex 128.209 139.531 22.65
      vertex 128.209 139.531 24.05
    endloop
  endfacet
  facet normal 0.976287 0.216481 0
    outer loop
      vertex 122.942 139.301 24.05
      vertex 122.891 139.531 22.65
      vertex 122.891 139.531 24.05
    endloop
  endfacet
  facet normal 0.976287 0.216481 0
    outer loop
      vertex 122.891 139.531 22.65
      vertex 122.942 139.301 24.05
      vertex 122.942 139.301 22.65
    endloop
  endfacet
  facet normal 0.844883 -0.534951 0
    outer loop
      vertex 123.212 141.35 24.05
      vertex 123.338 141.549 22.65
      vertex 123.338 141.549 24.05
    endloop
  endfacet
  facet normal 0.844883 -0.534951 0
    outer loop
      vertex 123.338 141.549 22.65
      vertex 123.212 141.35 24.05
      vertex 123.212 141.35 22.65
    endloop
  endfacet
  facet normal 0.381603 -0.924326 0
    outer loop
      vertex 124.409 142.447 22.65
      vertex 124.627 142.537 24.05
      vertex 124.409 142.447 24.05
    endloop
  endfacet
  facet normal 0.381603 -0.924326 0
    outer loop
      vertex 124.627 142.537 24.05
      vertex 124.409 142.447 22.65
      vertex 124.627 142.537 22.65
    endloop
  endfacet
  facet normal -0.216481 0.976287 0
    outer loop
      vertex 126.249 137.392 22.65
      vertex 126.019 137.341 24.05
      vertex 126.249 137.392 24.05
    endloop
  endfacet
  facet normal -0.216481 0.976287 0
    outer loop
      vertex 126.019 137.341 24.05
      vertex 126.249 137.392 22.65
      vertex 126.019 137.341 22.65
    endloop
  endfacet
  facet normal -0.381603 -0.924326 0
    outer loop
      vertex 126.473 142.537 22.65
      vertex 126.691 142.447 24.05
      vertex 126.473 142.537 24.05
    endloop
  endfacet
  facet normal -0.381603 -0.924326 -0
    outer loop
      vertex 126.691 142.447 24.05
      vertex 126.473 142.537 22.65
      vertex 126.691 142.447 22.65
    endloop
  endfacet
  facet normal -0.976287 0.216481 0
    outer loop
      vertex 128.158 139.301 22.65
      vertex 128.209 139.531 24.05
      vertex 128.209 139.531 22.65
    endloop
  endfacet
  facet normal -0.976287 0.216481 0
    outer loop
      vertex 128.209 139.531 24.05
      vertex 128.158 139.301 22.65
      vertex 128.158 139.301 24.05
    endloop
  endfacet
  facet normal 0.0425147 -0.999096 0
    outer loop
      vertex 125.315 142.69 22.65
      vertex 125.55 142.7 24.05
      vertex 125.315 142.69 24.05
    endloop
  endfacet
  facet normal 0.0425147 -0.999096 0
    outer loop
      vertex 125.55 142.7 24.05
      vertex 125.315 142.69 22.65
      vertex 125.55 142.7 22.65
    endloop
  endfacet
  facet normal -0.61012 0.792309 0
    outer loop
      vertex 127.286 137.932 22.65
      vertex 127.099 137.788 24.05
      vertex 127.286 137.932 24.05
    endloop
  endfacet
  facet normal -0.61012 0.792309 0
    outer loop
      vertex 127.099 137.788 24.05
      vertex 127.286 137.932 22.65
      vertex 127.099 137.788 22.65
    endloop
  endfacet
  facet normal 0.30215 -0.953261 0
    outer loop
      vertex 124.627 142.537 22.65
      vertex 124.851 142.608 24.05
      vertex 124.627 142.537 24.05
    endloop
  endfacet
  facet normal 0.30215 -0.953261 0
    outer loop
      vertex 124.851 142.608 24.05
      vertex 124.627 142.537 22.65
      vertex 124.851 142.608 22.65
    endloop
  endfacet
  facet normal -0.88666 -0.462421 0
    outer loop
      vertex 127.997 141.141 22.65
      vertex 127.888 141.35 24.05
      vertex 127.888 141.35 22.65
    endloop
  endfacet
  facet normal -0.88666 -0.462421 0
    outer loop
      vertex 127.888 141.35 24.05
      vertex 127.997 141.141 22.65
      vertex 127.997 141.141 24.05
    endloop
  endfacet
  facet normal 0.991339 0.131331 0
    outer loop
      vertex 122.891 139.531 24.05
      vertex 122.86 139.765 22.65
      vertex 122.86 139.765 24.05
    endloop
  endfacet
  facet normal 0.991339 0.131331 0
    outer loop
      vertex 122.86 139.765 22.65
      vertex 122.891 139.531 24.05
      vertex 122.891 139.531 22.65
    endloop
  endfacet
  facet normal -0.61012 -0.792309 0
    outer loop
      vertex 127.099 142.212 22.65
      vertex 127.286 142.068 24.05
      vertex 127.099 142.212 24.05
    endloop
  endfacet
  facet normal -0.61012 -0.792309 -0
    outer loop
      vertex 127.286 142.068 24.05
      vertex 127.099 142.212 22.65
      vertex 127.286 142.068 22.65
    endloop
  endfacet
  facet normal 0.844883 0.534951 0
    outer loop
      vertex 123.338 138.451 24.05
      vertex 123.212 138.65 22.65
      vertex 123.212 138.65 24.05
    endloop
  endfacet
  facet normal 0.844883 0.534951 0
    outer loop
      vertex 123.212 138.65 22.65
      vertex 123.338 138.451 24.05
      vertex 123.338 138.451 22.65
    endloop
  endfacet
  facet normal 0.953261 -0.30215 0
    outer loop
      vertex 122.942 140.699 24.05
      vertex 123.013 140.923 22.65
      vertex 123.013 140.923 24.05
    endloop
  endfacet
  facet normal 0.953261 -0.30215 0
    outer loop
      vertex 123.013 140.923 22.65
      vertex 122.942 140.699 24.05
      vertex 122.942 140.699 22.65
    endloop
  endfacet
  facet normal -0.30215 0.953261 0
    outer loop
      vertex 126.473 137.463 22.65
      vertex 126.249 137.392 24.05
      vertex 126.473 137.463 24.05
    endloop
  endfacet
  facet normal -0.30215 0.953261 0
    outer loop
      vertex 126.249 137.392 24.05
      vertex 126.473 137.463 22.65
      vertex 126.249 137.392 22.65
    endloop
  endfacet
  facet normal 0.924326 0.381603 0
    outer loop
      vertex 123.103 138.859 24.05
      vertex 123.013 139.077 22.65
      vertex 123.013 139.077 24.05
    endloop
  endfacet
  facet normal 0.924326 0.381603 0
    outer loop
      vertex 123.013 139.077 22.65
      vertex 123.103 138.859 24.05
      vertex 123.103 138.859 22.65
    endloop
  endfacet
  facet normal 0.976287 -0.216481 0
    outer loop
      vertex 122.891 140.469 24.05
      vertex 122.942 140.699 22.65
      vertex 122.942 140.699 24.05
    endloop
  endfacet
  facet normal 0.976287 -0.216481 0
    outer loop
      vertex 122.942 140.699 22.65
      vertex 122.891 140.469 24.05
      vertex 122.891 140.469 22.65
    endloop
  endfacet
  facet normal -0.73627 0.676688 0
    outer loop
      vertex 127.459 138.091 22.65
      vertex 127.618 138.264 24.05
      vertex 127.618 138.264 22.65
    endloop
  endfacet
  facet normal -0.73627 0.676688 0
    outer loop
      vertex 127.618 138.264 24.05
      vertex 127.459 138.091 22.65
      vertex 127.459 138.091 24.05
    endloop
  endfacet
  facet normal -0.462421 -0.88666 0
    outer loop
      vertex 126.691 142.447 22.65
      vertex 126.9 142.338 24.05
      vertex 126.691 142.447 24.05
    endloop
  endfacet
  facet normal -0.462421 -0.88666 -0
    outer loop
      vertex 126.9 142.338 24.05
      vertex 126.691 142.447 22.65
      vertex 126.9 142.338 22.65
    endloop
  endfacet
  facet normal -0.676688 -0.73627 0
    outer loop
      vertex 127.286 142.068 22.65
      vertex 127.459 141.909 24.05
      vertex 127.286 142.068 24.05
    endloop
  endfacet
  facet normal -0.676688 -0.73627 -0
    outer loop
      vertex 127.459 141.909 24.05
      vertex 127.286 142.068 22.65
      vertex 127.459 141.909 22.65
    endloop
  endfacet
  facet normal -0.953261 0.30215 0
    outer loop
      vertex 128.087 139.077 22.65
      vertex 128.158 139.301 24.05
      vertex 128.158 139.301 22.65
    endloop
  endfacet
  facet normal -0.953261 0.30215 0
    outer loop
      vertex 128.158 139.301 24.05
      vertex 128.087 139.077 22.65
      vertex 128.087 139.077 24.05
    endloop
  endfacet
  facet normal 0.216481 0.976287 -0
    outer loop
      vertex 125.081 137.341 22.65
      vertex 124.851 137.392 24.05
      vertex 125.081 137.341 24.05
    endloop
  endfacet
  facet normal 0.216481 0.976287 0
    outer loop
      vertex 124.851 137.392 24.05
      vertex 125.081 137.341 22.65
      vertex 124.851 137.392 22.65
    endloop
  endfacet
  facet normal 0.676688 0.73627 -0
    outer loop
      vertex 123.814 137.932 22.65
      vertex 123.641 138.091 24.05
      vertex 123.814 137.932 24.05
    endloop
  endfacet
  facet normal 0.676688 0.73627 0
    outer loop
      vertex 123.641 138.091 24.05
      vertex 123.814 137.932 22.65
      vertex 123.641 138.091 22.65
    endloop
  endfacet
  facet normal -0.381603 0.924326 0
    outer loop
      vertex 126.691 137.553 22.65
      vertex 126.473 137.463 24.05
      vertex 126.691 137.553 24.05
    endloop
  endfacet
  facet normal -0.381603 0.924326 0
    outer loop
      vertex 126.473 137.463 24.05
      vertex 126.691 137.553 22.65
      vertex 126.473 137.463 22.65
    endloop
  endfacet
  facet normal -0.534951 0.844883 0
    outer loop
      vertex 127.099 137.788 22.65
      vertex 126.9 137.662 24.05
      vertex 127.099 137.788 24.05
    endloop
  endfacet
  facet normal -0.534951 0.844883 0
    outer loop
      vertex 126.9 137.662 24.05
      vertex 127.099 137.788 22.65
      vertex 126.9 137.662 22.65
    endloop
  endfacet
  facet normal 0.462421 0.88666 -0
    outer loop
      vertex 124.409 137.553 22.65
      vertex 124.2 137.662 24.05
      vertex 124.409 137.553 24.05
    endloop
  endfacet
  facet normal 0.462421 0.88666 0
    outer loop
      vertex 124.2 137.662 24.05
      vertex 124.409 137.553 22.65
      vertex 124.2 137.662 22.65
    endloop
  endfacet
  facet normal -0.844883 -0.534951 0
    outer loop
      vertex 127.888 141.35 22.65
      vertex 127.762 141.549 24.05
      vertex 127.762 141.549 22.65
    endloop
  endfacet
  facet normal -0.844883 -0.534951 0
    outer loop
      vertex 127.762 141.549 24.05
      vertex 127.888 141.35 22.65
      vertex 127.888 141.35 24.05
    endloop
  endfacet
  facet normal 0.61012 0.792309 -0
    outer loop
      vertex 124.001 137.788 22.65
      vertex 123.814 137.932 24.05
      vertex 124.001 137.788 24.05
    endloop
  endfacet
  facet normal 0.61012 0.792309 0
    outer loop
      vertex 123.814 137.932 24.05
      vertex 124.001 137.788 22.65
      vertex 123.814 137.932 22.65
    endloop
  endfacet
  facet normal -0.792309 0.61012 0
    outer loop
      vertex 127.618 138.264 22.65
      vertex 127.762 138.451 24.05
      vertex 127.762 138.451 22.65
    endloop
  endfacet
  facet normal -0.792309 0.61012 0
    outer loop
      vertex 127.762 138.451 24.05
      vertex 127.618 138.264 22.65
      vertex 127.618 138.264 24.05
    endloop
  endfacet
  facet normal 0.462421 -0.88666 0
    outer loop
      vertex 124.2 142.338 22.65
      vertex 124.409 142.447 24.05
      vertex 124.2 142.338 24.05
    endloop
  endfacet
  facet normal 0.462421 -0.88666 0
    outer loop
      vertex 124.409 142.447 24.05
      vertex 124.2 142.338 22.65
      vertex 124.409 142.447 22.65
    endloop
  endfacet
  facet normal 0.73627 -0.676688 0
    outer loop
      vertex 123.482 141.736 24.05
      vertex 123.641 141.909 22.65
      vertex 123.641 141.909 24.05
    endloop
  endfacet
  facet normal 0.73627 -0.676688 0
    outer loop
      vertex 123.641 141.909 22.65
      vertex 123.482 141.736 24.05
      vertex 123.482 141.736 22.65
    endloop
  endfacet
  facet normal -0.0425147 0.999096 0
    outer loop
      vertex 125.785 137.31 22.65
      vertex 125.55 137.3 24.05
      vertex 125.785 137.31 24.05
    endloop
  endfacet
  facet normal -0.0425147 0.999096 0
    outer loop
      vertex 125.55 137.3 24.05
      vertex 125.785 137.31 22.65
      vertex 125.55 137.3 22.65
    endloop
  endfacet
  facet normal 0.676688 -0.73627 0
    outer loop
      vertex 123.641 141.909 22.65
      vertex 123.814 142.068 24.05
      vertex 123.641 141.909 24.05
    endloop
  endfacet
  facet normal 0.676688 -0.73627 0
    outer loop
      vertex 123.814 142.068 24.05
      vertex 123.641 141.909 22.65
      vertex 123.814 142.068 22.65
    endloop
  endfacet
  facet normal -0.924326 0.381603 0
    outer loop
      vertex 127.997 138.859 22.65
      vertex 128.087 139.077 24.05
      vertex 128.087 139.077 22.65
    endloop
  endfacet
  facet normal -0.924326 0.381603 0
    outer loop
      vertex 128.087 139.077 24.05
      vertex 127.997 138.859 22.65
      vertex 127.997 138.859 24.05
    endloop
  endfacet
  facet normal 0.381603 0.924326 -0
    outer loop
      vertex 124.627 137.463 22.65
      vertex 124.409 137.553 24.05
      vertex 124.627 137.463 24.05
    endloop
  endfacet
  facet normal 0.381603 0.924326 0
    outer loop
      vertex 124.409 137.553 24.05
      vertex 124.627 137.463 22.65
      vertex 124.409 137.553 22.65
    endloop
  endfacet
  facet normal -0.462421 0.88666 0
    outer loop
      vertex 126.9 137.662 22.65
      vertex 126.691 137.553 24.05
      vertex 126.9 137.662 24.05
    endloop
  endfacet
  facet normal -0.462421 0.88666 0
    outer loop
      vertex 126.691 137.553 24.05
      vertex 126.9 137.662 22.65
      vertex 126.691 137.553 22.65
    endloop
  endfacet
  facet normal 0.0425147 0.999096 -0
    outer loop
      vertex 125.55 137.3 22.65
      vertex 125.315 137.31 24.05
      vertex 125.55 137.3 24.05
    endloop
  endfacet
  facet normal 0.0425147 0.999096 0
    outer loop
      vertex 125.315 137.31 24.05
      vertex 125.55 137.3 22.65
      vertex 125.315 137.31 22.65
    endloop
  endfacet
  facet normal -0.131331 -0.991339 0
    outer loop
      vertex 125.785 142.69 22.65
      vertex 126.019 142.659 24.05
      vertex 125.785 142.69 24.05
    endloop
  endfacet
  facet normal -0.131331 -0.991339 -0
    outer loop
      vertex 126.019 142.659 24.05
      vertex 125.785 142.69 22.65
      vertex 126.019 142.659 22.65
    endloop
  endfacet
  facet normal 0.991339 -0.131331 0
    outer loop
      vertex 122.86 140.235 24.05
      vertex 122.891 140.469 22.65
      vertex 122.891 140.469 24.05
    endloop
  endfacet
  facet normal 0.991339 -0.131331 0
    outer loop
      vertex 122.891 140.469 22.65
      vertex 122.86 140.235 24.05
      vertex 122.86 140.235 22.65
    endloop
  endfacet
  facet normal -0.844883 0.534951 0
    outer loop
      vertex 127.762 138.451 22.65
      vertex 127.888 138.65 24.05
      vertex 127.888 138.65 22.65
    endloop
  endfacet
  facet normal -0.844883 0.534951 0
    outer loop
      vertex 127.888 138.65 24.05
      vertex 127.762 138.451 22.65
      vertex 127.762 138.451 24.05
    endloop
  endfacet
  facet normal 0.999096 -0.0425147 0
    outer loop
      vertex 122.85 140 24.05
      vertex 122.86 140.235 22.65
      vertex 122.86 140.235 24.05
    endloop
  endfacet
  facet normal 0.999096 -0.0425147 0
    outer loop
      vertex 122.86 140.235 22.65
      vertex 122.85 140 24.05
      vertex 122.85 140 22.65
    endloop
  endfacet
  facet normal 0.534951 0.844883 -0
    outer loop
      vertex 124.2 137.662 22.65
      vertex 124.001 137.788 24.05
      vertex 124.2 137.662 24.05
    endloop
  endfacet
  facet normal 0.534951 0.844883 0
    outer loop
      vertex 124.001 137.788 24.05
      vertex 124.2 137.662 22.65
      vertex 124.001 137.788 22.65
    endloop
  endfacet
  facet normal -0.216481 -0.976287 0
    outer loop
      vertex 126.019 142.659 22.65
      vertex 126.249 142.608 24.05
      vertex 126.019 142.659 24.05
    endloop
  endfacet
  facet normal -0.216481 -0.976287 -0
    outer loop
      vertex 126.249 142.608 24.05
      vertex 126.019 142.659 22.65
      vertex 126.249 142.608 22.65
    endloop
  endfacet
  facet normal -0.976287 -0.216481 0
    outer loop
      vertex 128.209 140.469 22.65
      vertex 128.158 140.699 24.05
      vertex 128.158 140.699 22.65
    endloop
  endfacet
  facet normal -0.976287 -0.216481 0
    outer loop
      vertex 128.158 140.699 24.05
      vertex 128.209 140.469 22.65
      vertex 128.209 140.469 24.05
    endloop
  endfacet
  facet normal 0.73627 0.676688 0
    outer loop
      vertex 123.641 138.091 24.05
      vertex 123.482 138.264 22.65
      vertex 123.482 138.264 24.05
    endloop
  endfacet
  facet normal 0.73627 0.676688 0
    outer loop
      vertex 123.482 138.264 22.65
      vertex 123.641 138.091 24.05
      vertex 123.641 138.091 22.65
    endloop
  endfacet
  facet normal 0.999096 0.0425147 0
    outer loop
      vertex 122.86 139.765 24.05
      vertex 122.85 140 22.65
      vertex 122.85 140 24.05
    endloop
  endfacet
  facet normal 0.999096 0.0425147 0
    outer loop
      vertex 122.85 140 22.65
      vertex 122.86 139.765 24.05
      vertex 122.86 139.765 22.65
    endloop
  endfacet
  facet normal 0.953261 0.30215 0
    outer loop
      vertex 123.013 139.077 24.05
      vertex 122.942 139.301 22.65
      vertex 122.942 139.301 24.05
    endloop
  endfacet
  facet normal 0.953261 0.30215 0
    outer loop
      vertex 122.942 139.301 22.65
      vertex 123.013 139.077 24.05
      vertex 123.013 139.077 22.65
    endloop
  endfacet
  facet normal 0.30215 0.953261 -0
    outer loop
      vertex 124.851 137.392 22.65
      vertex 124.627 137.463 24.05
      vertex 124.851 137.392 24.05
    endloop
  endfacet
  facet normal 0.30215 0.953261 0
    outer loop
      vertex 124.627 137.463 24.05
      vertex 124.851 137.392 22.65
      vertex 124.627 137.463 22.65
    endloop
  endfacet
  facet normal -0.0425147 -0.999096 0
    outer loop
      vertex 125.55 142.7 22.65
      vertex 125.785 142.69 24.05
      vertex 125.55 142.7 24.05
    endloop
  endfacet
  facet normal -0.0425147 -0.999096 -0
    outer loop
      vertex 125.785 142.69 24.05
      vertex 125.55 142.7 22.65
      vertex 125.785 142.69 22.65
    endloop
  endfacet
  facet normal 0.792309 0.61012 0
    outer loop
      vertex 123.482 138.264 24.05
      vertex 123.338 138.451 22.65
      vertex 123.338 138.451 24.05
    endloop
  endfacet
  facet normal 0.792309 0.61012 0
    outer loop
      vertex 123.338 138.451 22.65
      vertex 123.482 138.264 24.05
      vertex 123.482 138.264 22.65
    endloop
  endfacet
  facet normal 0.88666 0.462421 0
    outer loop
      vertex 123.212 138.65 24.05
      vertex 123.103 138.859 22.65
      vertex 123.103 138.859 24.05
    endloop
  endfacet
  facet normal 0.88666 0.462421 0
    outer loop
      vertex 123.103 138.859 22.65
      vertex 123.212 138.65 24.05
      vertex 123.212 138.65 22.65
    endloop
  endfacet
  facet normal 0.131331 0.991339 -0
    outer loop
      vertex 125.315 137.31 22.65
      vertex 125.081 137.341 24.05
      vertex 125.315 137.31 24.05
    endloop
  endfacet
  facet normal 0.131331 0.991339 0
    outer loop
      vertex 125.081 137.341 24.05
      vertex 125.315 137.31 22.65
      vertex 125.081 137.341 22.65
    endloop
  endfacet
  facet normal 0.924326 -0.381603 0
    outer loop
      vertex 123.013 140.923 24.05
      vertex 123.103 141.141 22.65
      vertex 123.103 141.141 24.05
    endloop
  endfacet
  facet normal 0.924326 -0.381603 0
    outer loop
      vertex 123.103 141.141 22.65
      vertex 123.013 140.923 24.05
      vertex 123.013 140.923 22.65
    endloop
  endfacet
  facet normal -0.30215 -0.953261 0
    outer loop
      vertex 126.249 142.608 22.65
      vertex 126.473 142.537 24.05
      vertex 126.249 142.608 24.05
    endloop
  endfacet
  facet normal -0.30215 -0.953261 -0
    outer loop
      vertex 126.473 142.537 24.05
      vertex 126.249 142.608 22.65
      vertex 126.473 142.537 22.65
    endloop
  endfacet
  facet normal 0.792309 -0.61012 0
    outer loop
      vertex 123.338 141.549 24.05
      vertex 123.482 141.736 22.65
      vertex 123.482 141.736 24.05
    endloop
  endfacet
  facet normal 0.792309 -0.61012 0
    outer loop
      vertex 123.482 141.736 22.65
      vertex 123.338 141.549 24.05
      vertex 123.338 141.549 22.65
    endloop
  endfacet
endsolid OpenSCAD_Model
