solid OpenSCAD_Model
  facet normal -0.609155 0.793051 0
    outer loop
      vertex 161.576 169.219 20.4
      vertex 161.507 169.166 24
      vertex 161.576 169.219 24
    endloop
  endfacet
  facet normal -0.609155 0.793051 0
    outer loop
      vertex 161.507 169.166 24
      vertex 161.576 169.219 20.4
      vertex 161.507 169.166 20.4
    endloop
  endfacet
  facet normal 0.677803 -0.735244 0
    outer loop
      vertex 182.793 86.8339 20.4
      vertex 182.857 86.8929 24
      vertex 182.793 86.8339 24
    endloop
  endfacet
  facet normal 0.677803 -0.735244 0
    outer loop
      vertex 182.857 86.8929 24
      vertex 182.793 86.8339 20.4
      vertex 182.857 86.8929 20.4
    endloop
  endfacet
  facet normal -0.975916 0.218146 0
    outer loop
      vertex 161.165 168.574 20.4
      vertex 161.184 168.659 24
      vertex 161.184 168.659 20.4
    endloop
  endfacet
  facet normal -0.975916 0.218146 0
    outer loop
      vertex 161.184 168.659 24
      vertex 161.165 168.574 20.4
      vertex 161.165 168.574 24
    endloop
  endfacet
  facet normal -0.844131 0.536137 0
    outer loop
      vertex 161.284 168.9 20.4
      vertex 161.331 168.974 24
      vertex 161.331 168.974 20.4
    endloop
  endfacet
  facet normal -0.844131 0.536137 0
    outer loop
      vertex 161.331 168.974 24
      vertex 161.284 168.9 20.4
      vertex 161.284 168.9 24
    endloop
  endfacet
  facet normal -0.842812 -0.538209 0
    outer loop
      vertex 161.331 87.0264 20.4
      vertex 161.284 87.1 24
      vertex 161.284 87.1 20.4
    endloop
  endfacet
  facet normal -0.842812 -0.538209 0
    outer loop
      vertex 161.284 87.1 24
      vertex 161.331 87.0264 20.4
      vertex 161.331 87.0264 24
    endloop
  endfacet
  facet normal 0.99895 -0.0458234 0
    outer loop
      vertex 183.146 87.5128 24
      vertex 183.15 87.6 20.4
      vertex 183.15 87.6 24
    endloop
  endfacet
  facet normal 0.99895 -0.0458234 0
    outer loop
      vertex 183.15 87.6 20.4
      vertex 183.146 87.5128 24
      vertex 183.146 87.5128 20.4
    endloop
  endfacet
  facet normal 0 1 -0
    outer loop
      vertex 182.15 169.4 20.4
      vertex 162.15 169.4 24
      vertex 182.15 169.4 24
    endloop
  endfacet
  facet normal 0 1 0
    outer loop
      vertex 162.15 169.4 24
      vertex 182.15 169.4 20.4
      vertex 162.15 169.4 20.4
    endloop
  endfacet
  facet normal -0.992011 -0.126152 0
    outer loop
      vertex 161.165 87.4263 20.4
      vertex 161.154 87.5128 24
      vertex 161.154 87.5128 20.4
    endloop
  endfacet
  facet normal -0.992011 -0.126152 0
    outer loop
      vertex 161.154 87.5128 24
      vertex 161.165 87.4263 20.4
      vertex 161.165 87.4263 24
    endloop
  endfacet
  facet normal -0.0436366 -0.999047 0
    outer loop
      vertex 162.063 86.6038 20.4
      vertex 162.15 86.6 24
      vertex 162.063 86.6038 24
    endloop
  endfacet
  facet normal -0.0436366 -0.999047 -0
    outer loop
      vertex 162.15 86.6 24
      vertex 162.063 86.6038 20.4
      vertex 162.15 86.6 20.4
    endloop
  endfacet
  facet normal -0.99895 -0.0458234 0
    outer loop
      vertex 161.154 87.5128 20.4
      vertex 161.15 87.6 24
      vertex 161.15 87.6 20.4
    endloop
  endfacet
  facet normal -0.99895 -0.0458234 0
    outer loop
      vertex 161.15 87.6 24
      vertex 161.154 87.5128 20.4
      vertex 161.154 87.5128 24
    endloop
  endfacet
  facet normal -0.387039 0.922063 0
    outer loop
      vertex 161.808 169.34 20.4
      vertex 161.727 169.306 24
      vertex 161.808 169.34 24
    endloop
  endfacet
  facet normal -0.387039 0.922063 0
    outer loop
      vertex 161.727 169.306 24
      vertex 161.808 169.34 20.4
      vertex 161.727 169.306 20.4
    endloop
  endfacet
  facet normal 0.998945 0.0459285 0
    outer loop
      vertex 183.15 168.4 24
      vertex 183.146 168.487 20.4
      vertex 183.146 168.487 24
    endloop
  endfacet
  facet normal 0.998945 0.0459285 0
    outer loop
      vertex 183.146 168.487 20.4
      vertex 183.15 168.4 24
      vertex 183.15 168.4 20.4
    endloop
  endfacet
  facet normal 0.125438 0.992101 -0
    outer loop
      vertex 182.324 169.385 20.4
      vertex 182.237 169.396 24
      vertex 182.324 169.385 24
    endloop
  endfacet
  facet normal 0.125438 0.992101 0
    outer loop
      vertex 182.237 169.396 24
      vertex 182.324 169.385 20.4
      vertex 182.237 169.396 20.4
    endloop
  endfacet
  facet normal -1 0 0
    outer loop
      vertex 161.15 168.4 20.4
      vertex 161.15 136 23.8
      vertex 161.15 168.4 24
    endloop
  endfacet
  facet normal -1 0 0
    outer loop
      vertex 161.15 168.4 20.4
      vertex 161.15 120 23.8
      vertex 161.15 136 23.8
    endloop
  endfacet
  facet normal -1 0 0
    outer loop
      vertex 161.15 87.6 20.4
      vertex 161.15 120 23.8
      vertex 161.15 168.4 20.4
    endloop
  endfacet
  facet normal -1 0 0
    outer loop
      vertex 161.15 87.6 24
      vertex 161.15 120 23.8
      vertex 161.15 87.6 20.4
    endloop
  endfacet
  facet normal -1 0 0
    outer loop
      vertex 161.15 120 23.8
      vertex 161.15 87.6 24
      vertex 161.15 120 24
    endloop
  endfacet
  facet normal -1 -0 0
    outer loop
      vertex 161.15 168.4 24
      vertex 161.15 136 23.8
      vertex 161.15 136 24
    endloop
  endfacet
  facet normal 0 -1 0
    outer loop
      vertex 162.15 86.6 20.4
      vertex 182.15 86.6 24
      vertex 162.15 86.6 24
    endloop
  endfacet
  facet normal 0 -1 -0
    outer loop
      vertex 182.15 86.6 24
      vertex 162.15 86.6 20.4
      vertex 182.15 86.6 20.4
    endloop
  endfacet
  facet normal -0.736821 -0.676088 0
    outer loop
      vertex 161.443 86.8929 20.4
      vertex 161.384 86.9572 24
      vertex 161.384 86.9572 20.4
    endloop
  endfacet
  facet normal -0.736821 -0.676088 0
    outer loop
      vertex 161.384 86.9572 24
      vertex 161.443 86.8929 20.4
      vertex 161.443 86.8929 24
    endloop
  endfacet
  facet normal 1 -0 0
    outer loop
      vertex 183.15 87.6 24
      vertex 183.15 168.4 20.4
      vertex 183.15 168.4 24
    endloop
  endfacet
  facet normal 1 0 0
    outer loop
      vertex 183.15 168.4 20.4
      vertex 183.15 87.6 24
      vertex 183.15 87.6 20.4
    endloop
  endfacet
  facet normal 0.992101 0.125438 0
    outer loop
      vertex 183.146 168.487 24
      vertex 183.135 168.574 20.4
      vertex 183.135 168.574 24
    endloop
  endfacet
  facet normal 0.992101 0.125438 0
    outer loop
      vertex 183.135 168.574 20.4
      vertex 183.146 168.487 24
      vertex 183.146 168.487 20.4
    endloop
  endfacet
  facet normal 0.0436366 -0.999047 0
    outer loop
      vertex 182.15 86.6 20.4
      vertex 182.237 86.6038 24
      vertex 182.15 86.6 24
    endloop
  endfacet
  facet normal 0.0436366 -0.999047 0
    outer loop
      vertex 182.237 86.6038 24
      vertex 182.15 86.6 20.4
      vertex 182.237 86.6038 20.4
    endloop
  endfacet
  facet normal -0.609877 -0.792496 0
    outer loop
      vertex 161.507 86.8339 20.4
      vertex 161.576 86.7808 24
      vertex 161.507 86.8339 24
    endloop
  endfacet
  facet normal -0.609877 -0.792496 -0
    outer loop
      vertex 161.576 86.7808 24
      vertex 161.507 86.8339 20.4
      vertex 161.576 86.7808 20.4
    endloop
  endfacet
  facet normal -0.218146 0.975916 0
    outer loop
      vertex 161.976 169.385 20.4
      vertex 161.891 169.366 24
      vertex 161.976 169.385 24
    endloop
  endfacet
  facet normal -0.218146 0.975916 0
    outer loop
      vertex 161.891 169.366 24
      vertex 161.976 169.385 20.4
      vertex 161.891 169.366 20.4
    endloop
  endfacet
  facet normal -0.954275 0.29893 0
    outer loop
      vertex 161.184 168.659 20.4
      vertex 161.21 168.742 24
      vertex 161.21 168.742 20.4
    endloop
  endfacet
  facet normal -0.954275 0.29893 0
    outer loop
      vertex 161.21 168.742 24
      vertex 161.184 168.659 20.4
      vertex 161.184 168.659 24
    endloop
  endfacet
  facet normal -0.975971 -0.217902 0
    outer loop
      vertex 161.184 87.3412 20.4
      vertex 161.165 87.4263 24
      vertex 161.165 87.4263 20.4
    endloop
  endfacet
  facet normal -0.975971 -0.217902 0
    outer loop
      vertex 161.165 87.4263 24
      vertex 161.184 87.3412 20.4
      vertex 161.184 87.3412 24
    endloop
  endfacet
  facet normal -0.888379 -0.459111 0
    outer loop
      vertex 161.284 87.1 20.4
      vertex 161.244 87.1774 24
      vertex 161.244 87.1774 20.4
    endloop
  endfacet
  facet normal -0.888379 -0.459111 0
    outer loop
      vertex 161.244 87.1774 24
      vertex 161.284 87.1 20.4
      vertex 161.284 87.1 24
    endloop
  endfacet
  facet normal -0.46099 0.887405 0
    outer loop
      vertex 161.727 169.306 20.4
      vertex 161.65 169.266 24
      vertex 161.727 169.306 24
    endloop
  endfacet
  facet normal -0.46099 0.887405 0
    outer loop
      vertex 161.65 169.266 24
      vertex 161.727 169.306 20.4
      vertex 161.65 169.266 20.4
    endloop
  endfacet
  facet normal 0.793051 0.609155 0
    outer loop
      vertex 182.969 168.974 24
      vertex 182.916 169.043 20.4
      vertex 182.916 169.043 24
    endloop
  endfacet
  facet normal 0.793051 0.609155 0
    outer loop
      vertex 182.916 169.043 20.4
      vertex 182.969 168.974 24
      vertex 182.969 168.974 20.4
    endloop
  endfacet
  facet normal 0.534509 -0.845163 0
    outer loop
      vertex 182.65 86.734 20.4
      vertex 182.724 86.7808 24
      vertex 182.65 86.734 24
    endloop
  endfacet
  facet normal 0.534509 -0.845163 0
    outer loop
      vertex 182.724 86.7808 24
      vertex 182.65 86.734 20.4
      vertex 182.724 86.7808 20.4
    endloop
  endfacet
  facet normal -0.992101 0.125438 0
    outer loop
      vertex 161.154 168.487 20.4
      vertex 161.165 168.574 24
      vertex 161.165 168.574 20.4
    endloop
  endfacet
  facet normal -0.992101 0.125438 0
    outer loop
      vertex 161.165 168.574 24
      vertex 161.154 168.487 20.4
      vertex 161.154 168.487 24
    endloop
  endfacet
  facet normal -0.998945 0.0459285 0
    outer loop
      vertex 161.15 168.4 20.4
      vertex 161.154 168.487 24
      vertex 161.154 168.487 20.4
    endloop
  endfacet
  facet normal -0.998945 0.0459285 0
    outer loop
      vertex 161.154 168.487 24
      vertex 161.15 168.4 20.4
      vertex 161.15 168.4 24
    endloop
  endfacet
  facet normal 0.609155 0.793051 -0
    outer loop
      vertex 182.793 169.166 20.4
      vertex 182.724 169.219 24
      vertex 182.793 169.166 24
    endloop
  endfacet
  facet normal 0.609155 0.793051 0
    outer loop
      vertex 182.724 169.219 24
      vertex 182.793 169.166 20.4
      vertex 182.724 169.219 20.4
    endloop
  endfacet
  facet normal -0.735244 0.677803 0
    outer loop
      vertex 161.384 169.043 20.4
      vertex 161.443 169.107 24
      vertex 161.443 169.107 20.4
    endloop
  endfacet
  facet normal -0.735244 0.677803 0
    outer loop
      vertex 161.443 169.107 24
      vertex 161.384 169.043 20.4
      vertex 161.384 169.043 24
    endloop
  endfacet
  facet normal 0.387039 0.922063 -0
    outer loop
      vertex 182.573 169.306 20.4
      vertex 182.492 169.34 24
      vertex 182.573 169.306 24
    endloop
  endfacet
  facet normal 0.387039 0.922063 0
    outer loop
      vertex 182.492 169.34 24
      vertex 182.573 169.306 20.4
      vertex 182.492 169.34 20.4
    endloop
  endfacet
  facet normal 0.536137 0.844131 -0
    outer loop
      vertex 182.724 169.219 20.4
      vertex 182.65 169.266 24
      vertex 182.724 169.219 24
    endloop
  endfacet
  facet normal 0.536137 0.844131 0
    outer loop
      vertex 182.65 169.266 24
      vertex 182.724 169.219 20.4
      vertex 182.65 169.266 20.4
    endloop
  endfacet
  facet normal 0.677803 0.735244 -0
    outer loop
      vertex 182.857 169.107 20.4
      vertex 182.793 169.166 24
      vertex 182.857 169.107 24
    endloop
  endfacet
  facet normal 0.677803 0.735244 0
    outer loop
      vertex 182.793 169.166 24
      vertex 182.857 169.107 20.4
      vertex 182.793 169.166 20.4
    endloop
  endfacet
  facet normal 0.218146 0.975916 -0
    outer loop
      vertex 182.409 169.366 20.4
      vertex 182.324 169.385 24
      vertex 182.409 169.366 24
    endloop
  endfacet
  facet normal 0.218146 0.975916 0
    outer loop
      vertex 182.324 169.385 24
      vertex 182.409 169.366 20.4
      vertex 182.324 169.385 20.4
    endloop
  endfacet
  facet normal 0.29893 0.954275 -0
    outer loop
      vertex 182.492 169.34 20.4
      vertex 182.409 169.366 24
      vertex 182.492 169.34 24
    endloop
  endfacet
  facet normal 0.29893 0.954275 0
    outer loop
      vertex 182.409 169.366 24
      vertex 182.492 169.34 20.4
      vertex 182.409 169.366 20.4
    endloop
  endfacet
  facet normal 0.217052 -0.97616 0
    outer loop
      vertex 182.324 86.6152 20.4
      vertex 182.409 86.6341 24
      vertex 182.324 86.6152 24
    endloop
  endfacet
  facet normal 0.217052 -0.97616 0
    outer loop
      vertex 182.409 86.6341 24
      vertex 182.324 86.6152 20.4
      vertex 182.409 86.6341 20.4
    endloop
  endfacet
  facet normal 0.735244 0.677803 0
    outer loop
      vertex 182.916 169.043 24
      vertex 182.857 169.107 20.4
      vertex 182.857 169.107 24
    endloop
  endfacet
  facet normal 0.735244 0.677803 0
    outer loop
      vertex 182.857 169.107 20.4
      vertex 182.916 169.043 24
      vertex 182.916 169.043 20.4
    endloop
  endfacet
  facet normal -0.125438 0.992101 0
    outer loop
      vertex 162.063 169.396 20.4
      vertex 161.976 169.385 24
      vertex 162.063 169.396 24
    endloop
  endfacet
  facet normal -0.125438 0.992101 0
    outer loop
      vertex 161.976 169.385 24
      vertex 162.063 169.396 20.4
      vertex 161.976 169.385 20.4
    endloop
  endfacet
  facet normal -0.217052 -0.97616 0
    outer loop
      vertex 161.891 86.6341 20.4
      vertex 161.976 86.6152 24
      vertex 161.891 86.6341 24
    endloop
  endfacet
  facet normal -0.217052 -0.97616 -0
    outer loop
      vertex 161.976 86.6152 24
      vertex 161.891 86.6341 20.4
      vertex 161.976 86.6152 20.4
    endloop
  endfacet
  facet normal -0.129924 -0.991524 0
    outer loop
      vertex 161.976 86.6152 20.4
      vertex 162.063 86.6038 24
      vertex 161.976 86.6152 24
    endloop
  endfacet
  facet normal -0.129924 -0.991524 -0
    outer loop
      vertex 162.063 86.6038 24
      vertex 161.976 86.6152 20.4
      vertex 162.063 86.6038 20.4
    endloop
  endfacet
  facet normal 0.975971 -0.217902 0
    outer loop
      vertex 183.116 87.3412 24
      vertex 183.135 87.4263 20.4
      vertex 183.135 87.4263 24
    endloop
  endfacet
  facet normal 0.975971 -0.217902 0
    outer loop
      vertex 183.135 87.4263 20.4
      vertex 183.116 87.3412 24
      vertex 183.116 87.3412 20.4
    endloop
  endfacet
  facet normal -0.29893 0.954275 0
    outer loop
      vertex 161.891 169.366 20.4
      vertex 161.808 169.34 24
      vertex 161.891 169.366 24
    endloop
  endfacet
  facet normal -0.29893 0.954275 0
    outer loop
      vertex 161.808 169.34 24
      vertex 161.891 169.366 20.4
      vertex 161.808 169.34 20.4
    endloop
  endfacet
  facet normal 0.992011 -0.126152 0
    outer loop
      vertex 183.135 87.4263 24
      vertex 183.146 87.5128 20.4
      vertex 183.146 87.5128 24
    endloop
  endfacet
  facet normal 0.992011 -0.126152 0
    outer loop
      vertex 183.146 87.5128 20.4
      vertex 183.135 87.4263 24
      vertex 183.135 87.4263 20.4
    endloop
  endfacet
  facet normal 0.844131 0.536137 0
    outer loop
      vertex 183.016 168.9 24
      vertex 182.969 168.974 20.4
      vertex 182.969 168.974 24
    endloop
  endfacet
  facet normal 0.844131 0.536137 0
    outer loop
      vertex 182.969 168.974 20.4
      vertex 183.016 168.9 24
      vertex 183.016 168.9 20.4
    endloop
  endfacet
  facet normal 0.381209 -0.924489 0
    outer loop
      vertex 182.492 86.6603 20.4
      vertex 182.573 86.6937 24
      vertex 182.492 86.6603 24
    endloop
  endfacet
  facet normal 0.381209 -0.924489 0
    outer loop
      vertex 182.573 86.6937 24
      vertex 182.492 86.6603 20.4
      vertex 182.573 86.6937 20.4
    endloop
  endfacet
  facet normal -0.793051 0.609155 0
    outer loop
      vertex 161.331 168.974 20.4
      vertex 161.384 169.043 24
      vertex 161.384 169.043 20.4
    endloop
  endfacet
  facet normal -0.793051 0.609155 0
    outer loop
      vertex 161.384 169.043 24
      vertex 161.331 168.974 20.4
      vertex 161.331 168.974 24
    endloop
  endfacet
  facet normal 0.793902 -0.608046 0
    outer loop
      vertex 182.916 86.9572 24
      vertex 182.969 87.0264 20.4
      vertex 182.969 87.0264 24
    endloop
  endfacet
  facet normal 0.793902 -0.608046 0
    outer loop
      vertex 182.969 87.0264 20.4
      vertex 182.916 86.9572 24
      vertex 182.916 86.9572 20.4
    endloop
  endfacet
  facet normal 0.301021 -0.953617 0
    outer loop
      vertex 182.409 86.6341 20.4
      vertex 182.492 86.6603 24
      vertex 182.409 86.6341 24
    endloop
  endfacet
  facet normal 0.301021 -0.953617 0
    outer loop
      vertex 182.492 86.6603 24
      vertex 182.409 86.6341 20.4
      vertex 182.492 86.6603 20.4
    endloop
  endfacet
  facet normal 0.46099 0.887405 -0
    outer loop
      vertex 182.65 169.266 20.4
      vertex 182.573 169.306 24
      vertex 182.65 169.266 24
    endloop
  endfacet
  facet normal 0.46099 0.887405 0
    outer loop
      vertex 182.573 169.306 24
      vertex 182.65 169.266 20.4
      vertex 182.573 169.306 20.4
    endloop
  endfacet
  facet normal -0.301021 -0.953617 0
    outer loop
      vertex 161.808 86.6603 20.4
      vertex 161.891 86.6341 24
      vertex 161.808 86.6603 24
    endloop
  endfacet
  facet normal -0.301021 -0.953617 -0
    outer loop
      vertex 161.891 86.6341 24
      vertex 161.808 86.6603 20.4
      vertex 161.891 86.6341 20.4
    endloop
  endfacet
  facet normal 0.921377 -0.38867 0
    outer loop
      vertex 183.056 87.1774 24
      vertex 183.09 87.258 20.4
      vertex 183.09 87.258 24
    endloop
  endfacet
  facet normal 0.921377 -0.38867 0
    outer loop
      vertex 183.09 87.258 20.4
      vertex 183.056 87.1774 24
      vertex 183.056 87.1774 20.4
    endloop
  endfacet
  facet normal 0.95448 -0.298275 0
    outer loop
      vertex 183.09 87.258 24
      vertex 183.116 87.3412 20.4
      vertex 183.116 87.3412 24
    endloop
  endfacet
  facet normal 0.95448 -0.298275 0
    outer loop
      vertex 183.116 87.3412 20.4
      vertex 183.09 87.258 24
      vertex 183.09 87.258 20.4
    endloop
  endfacet
  facet normal -0.677803 -0.735244 0
    outer loop
      vertex 161.443 86.8929 20.4
      vertex 161.507 86.8339 24
      vertex 161.443 86.8929 24
    endloop
  endfacet
  facet normal -0.677803 -0.735244 -0
    outer loop
      vertex 161.507 86.8339 24
      vertex 161.443 86.8929 20.4
      vertex 161.507 86.8339 20.4
    endloop
  endfacet
  facet normal 0.129924 -0.991524 0
    outer loop
      vertex 182.237 86.6038 20.4
      vertex 182.324 86.6152 24
      vertex 182.237 86.6038 24
    endloop
  endfacet
  facet normal 0.129924 -0.991524 0
    outer loop
      vertex 182.324 86.6152 24
      vertex 182.237 86.6038 20.4
      vertex 182.324 86.6152 20.4
    endloop
  endfacet
  facet normal -0.922063 0.387039 0
    outer loop
      vertex 161.21 168.742 20.4
      vertex 161.244 168.823 24
      vertex 161.244 168.823 20.4
    endloop
  endfacet
  facet normal -0.922063 0.387039 0
    outer loop
      vertex 161.244 168.823 24
      vertex 161.21 168.742 20.4
      vertex 161.21 168.742 24
    endloop
  endfacet
  facet normal 0.954275 0.29893 0
    outer loop
      vertex 183.116 168.659 24
      vertex 183.09 168.742 20.4
      vertex 183.09 168.742 24
    endloop
  endfacet
  facet normal 0.954275 0.29893 0
    outer loop
      vertex 183.09 168.742 20.4
      vertex 183.116 168.659 24
      vertex 183.116 168.659 20.4
    endloop
  endfacet
  facet normal -0.0459285 0.998945 0
    outer loop
      vertex 162.15 169.4 20.4
      vertex 162.063 169.396 24
      vertex 162.15 169.4 24
    endloop
  endfacet
  facet normal -0.0459285 0.998945 0
    outer loop
      vertex 162.063 169.396 24
      vertex 162.15 169.4 20.4
      vertex 162.063 169.396 20.4
    endloop
  endfacet
  facet normal 0.609877 -0.792496 0
    outer loop
      vertex 182.724 86.7808 20.4
      vertex 182.793 86.8339 24
      vertex 182.724 86.7808 24
    endloop
  endfacet
  facet normal 0.609877 -0.792496 0
    outer loop
      vertex 182.793 86.8339 24
      vertex 182.724 86.7808 20.4
      vertex 182.793 86.8339 20.4
    endloop
  endfacet
  facet normal -0.887405 0.46099 0
    outer loop
      vertex 161.244 168.823 20.4
      vertex 161.284 168.9 24
      vertex 161.284 168.9 20.4
    endloop
  endfacet
  facet normal -0.887405 0.46099 0
    outer loop
      vertex 161.284 168.9 24
      vertex 161.244 168.823 20.4
      vertex 161.244 168.823 24
    endloop
  endfacet
  facet normal -0.381209 -0.924489 0
    outer loop
      vertex 161.727 86.6937 20.4
      vertex 161.808 86.6603 24
      vertex 161.727 86.6937 24
    endloop
  endfacet
  facet normal -0.381209 -0.924489 -0
    outer loop
      vertex 161.808 86.6603 24
      vertex 161.727 86.6937 20.4
      vertex 161.808 86.6603 20.4
    endloop
  endfacet
  facet normal -0.95448 -0.298275 0
    outer loop
      vertex 161.21 87.258 20.4
      vertex 161.184 87.3412 24
      vertex 161.184 87.3412 20.4
    endloop
  endfacet
  facet normal -0.95448 -0.298275 0
    outer loop
      vertex 161.184 87.3412 24
      vertex 161.21 87.258 20.4
      vertex 161.21 87.258 24
    endloop
  endfacet
  facet normal 0.888379 -0.459111 0
    outer loop
      vertex 183.016 87.1 24
      vertex 183.056 87.1774 20.4
      vertex 183.056 87.1774 24
    endloop
  endfacet
  facet normal 0.888379 -0.459111 0
    outer loop
      vertex 183.056 87.1774 20.4
      vertex 183.016 87.1 24
      vertex 183.016 87.1 20.4
    endloop
  endfacet
  facet normal 0.0459285 0.998945 -0
    outer loop
      vertex 182.237 169.396 20.4
      vertex 182.15 169.4 24
      vertex 182.237 169.396 24
    endloop
  endfacet
  facet normal 0.0459285 0.998945 0
    outer loop
      vertex 182.15 169.4 24
      vertex 182.237 169.396 20.4
      vertex 182.15 169.4 20.4
    endloop
  endfacet
  facet normal 0.887405 0.46099 0
    outer loop
      vertex 183.056 168.823 24
      vertex 183.016 168.9 20.4
      vertex 183.016 168.9 24
    endloop
  endfacet
  facet normal 0.887405 0.46099 0
    outer loop
      vertex 183.016 168.9 20.4
      vertex 183.056 168.823 24
      vertex 183.056 168.823 20.4
    endloop
  endfacet
  facet normal 0.736821 -0.676088 0
    outer loop
      vertex 182.857 86.8929 24
      vertex 182.916 86.9572 20.4
      vertex 182.916 86.9572 24
    endloop
  endfacet
  facet normal 0.736821 -0.676088 0
    outer loop
      vertex 182.916 86.9572 20.4
      vertex 182.857 86.8929 24
      vertex 182.857 86.8929 20.4
    endloop
  endfacet
  facet normal -0.677803 0.735244 0
    outer loop
      vertex 161.507 169.166 20.4
      vertex 161.443 169.107 24
      vertex 161.507 169.166 24
    endloop
  endfacet
  facet normal -0.677803 0.735244 0
    outer loop
      vertex 161.443 169.107 24
      vertex 161.507 169.166 20.4
      vertex 161.443 169.107 20.4
    endloop
  endfacet
  facet normal 0.842812 -0.538209 0
    outer loop
      vertex 182.969 87.0264 24
      vertex 183.016 87.1 20.4
      vertex 183.016 87.1 24
    endloop
  endfacet
  facet normal 0.842812 -0.538209 0
    outer loop
      vertex 183.016 87.1 20.4
      vertex 182.969 87.0264 24
      vertex 182.969 87.0264 20.4
    endloop
  endfacet
  facet normal 0.975916 0.218146 0
    outer loop
      vertex 183.135 168.574 24
      vertex 183.116 168.659 20.4
      vertex 183.116 168.659 24
    endloop
  endfacet
  facet normal 0.975916 0.218146 0
    outer loop
      vertex 183.116 168.659 20.4
      vertex 183.135 168.574 24
      vertex 183.135 168.574 20.4
    endloop
  endfacet
  facet normal 0.922063 0.387039 0
    outer loop
      vertex 183.09 168.742 24
      vertex 183.056 168.823 20.4
      vertex 183.056 168.823 24
    endloop
  endfacet
  facet normal 0.922063 0.387039 0
    outer loop
      vertex 183.056 168.823 20.4
      vertex 183.09 168.742 24
      vertex 183.09 168.742 20.4
    endloop
  endfacet
  facet normal -0.463706 -0.885989 0
    outer loop
      vertex 161.65 86.734 20.4
      vertex 161.727 86.6937 24
      vertex 161.65 86.734 24
    endloop
  endfacet
  facet normal -0.463706 -0.885989 -0
    outer loop
      vertex 161.727 86.6937 24
      vertex 161.65 86.734 20.4
      vertex 161.727 86.6937 20.4
    endloop
  endfacet
  facet normal -0.921377 -0.38867 0
    outer loop
      vertex 161.244 87.1774 20.4
      vertex 161.21 87.258 24
      vertex 161.21 87.258 20.4
    endloop
  endfacet
  facet normal -0.921377 -0.38867 0
    outer loop
      vertex 161.21 87.258 24
      vertex 161.244 87.1774 20.4
      vertex 161.244 87.1774 24
    endloop
  endfacet
  facet normal -0.534509 -0.845163 0
    outer loop
      vertex 161.576 86.7808 20.4
      vertex 161.65 86.734 24
      vertex 161.576 86.7808 24
    endloop
  endfacet
  facet normal -0.534509 -0.845163 -0
    outer loop
      vertex 161.65 86.734 24
      vertex 161.576 86.7808 20.4
      vertex 161.65 86.734 20.4
    endloop
  endfacet
  facet normal -0.536137 0.844131 0
    outer loop
      vertex 161.65 169.266 20.4
      vertex 161.576 169.219 24
      vertex 161.65 169.266 24
    endloop
  endfacet
  facet normal -0.536137 0.844131 0
    outer loop
      vertex 161.576 169.219 24
      vertex 161.65 169.266 20.4
      vertex 161.576 169.219 20.4
    endloop
  endfacet
  facet normal 0.463706 -0.885989 0
    outer loop
      vertex 182.573 86.6937 20.4
      vertex 182.65 86.734 24
      vertex 182.573 86.6937 24
    endloop
  endfacet
  facet normal 0.463706 -0.885989 0
    outer loop
      vertex 182.65 86.734 24
      vertex 182.573 86.6937 20.4
      vertex 182.65 86.734 20.4
    endloop
  endfacet
  facet normal -0.793902 -0.608046 0
    outer loop
      vertex 161.384 86.9572 20.4
      vertex 161.331 87.0264 24
      vertex 161.331 87.0264 20.4
    endloop
  endfacet
  facet normal -0.793902 -0.608046 0
    outer loop
      vertex 161.331 87.0264 24
      vertex 161.384 86.9572 20.4
      vertex 161.384 86.9572 24
    endloop
  endfacet
  facet normal 0 0 -1
    outer loop
      vertex 181.76 88.0643 20.4
      vertex 183.15 87.6 20.4
      vertex 183.146 87.5128 20.4
    endloop
  endfacet
  facet normal 0 0 -1
    outer loop
      vertex 183.15 87.6 20.4
      vertex 181.9 88.45 20.4
      vertex 183.15 168.4 20.4
    endloop
  endfacet
  facet normal 0 0 -1
    outer loop
      vertex 181.76 88.0643 20.4
      vertex 183.146 87.5128 20.4
      vertex 183.135 87.4263 20.4
    endloop
  endfacet
  facet normal 0 0 -1
    outer loop
      vertex 181.9 167.55 20.4
      vertex 183.15 168.4 20.4
      vertex 181.9 88.45 20.4
    endloop
  endfacet
  facet normal 0 0 -1
    outer loop
      vertex 181.76 88.0643 20.4
      vertex 183.135 87.4263 20.4
      vertex 183.116 87.3412 20.4
    endloop
  endfacet
  facet normal 0 0 -1
    outer loop
      vertex 181.898 167.602 20.4
      vertex 183.15 168.4 20.4
      vertex 181.9 167.55 20.4
    endloop
  endfacet
  facet normal 0 0 -1
    outer loop
      vertex 181.76 88.0643 20.4
      vertex 183.116 87.3412 20.4
      vertex 183.09 87.258 20.4
    endloop
  endfacet
  facet normal 0 0 -1
    outer loop
      vertex 181.891 167.654 20.4
      vertex 183.15 168.4 20.4
      vertex 181.898 167.602 20.4
    endloop
  endfacet
  facet normal 0 0 -1
    outer loop
      vertex 181.76 88.0643 20.4
      vertex 183.09 87.258 20.4
      vertex 183.056 87.1774 20.4
    endloop
  endfacet
  facet normal 0 0 -1
    outer loop
      vertex 181.88 167.705 20.4
      vertex 183.15 168.4 20.4
      vertex 181.891 167.654 20.4
    endloop
  endfacet
  facet normal 0 0 -1
    outer loop
      vertex 181.76 88.0643 20.4
      vertex 183.056 87.1774 20.4
      vertex 183.016 87.1 20.4
    endloop
  endfacet
  facet normal 0 0 -1
    outer loop
      vertex 181.864 167.755 20.4
      vertex 183.15 168.4 20.4
      vertex 181.88 167.705 20.4
    endloop
  endfacet
  facet normal 0 0 -1
    outer loop
      vertex 181.724 88.0257 20.4
      vertex 183.016 87.1 20.4
      vertex 182.969 87.0264 20.4
    endloop
  endfacet
  facet normal 0 0 -1
    outer loop
      vertex 181.844 167.804 20.4
      vertex 183.15 168.4 20.4
      vertex 181.864 167.755 20.4
    endloop
  endfacet
  facet normal 0 0 -1
    outer loop
      vertex 181.724 88.0257 20.4
      vertex 182.969 87.0264 20.4
      vertex 182.916 86.9572 20.4
    endloop
  endfacet
  facet normal 0 0 -1
    outer loop
      vertex 181.82 167.85 20.4
      vertex 183.15 168.4 20.4
      vertex 181.844 167.804 20.4
    endloop
  endfacet
  facet normal 0 0 -1
    outer loop
      vertex 181.724 88.0257 20.4
      vertex 182.916 86.9572 20.4
      vertex 182.857 86.8929 20.4
    endloop
  endfacet
  facet normal 0 0 -1
    outer loop
      vertex 181.791 167.894 20.4
      vertex 183.15 168.4 20.4
      vertex 181.82 167.85 20.4
    endloop
  endfacet
  facet normal 0 0 -1
    outer loop
      vertex 181.724 88.0257 20.4
      vertex 182.857 86.8929 20.4
      vertex 182.793 86.8339 20.4
    endloop
  endfacet
  facet normal 0 0 -1
    outer loop
      vertex 181.76 167.936 20.4
      vertex 183.15 168.4 20.4
      vertex 181.791 167.894 20.4
    endloop
  endfacet
  facet normal 0 0 -1
    outer loop
      vertex 181.724 88.0257 20.4
      vertex 182.793 86.8339 20.4
      vertex 182.724 86.7808 20.4
    endloop
  endfacet
  facet normal -0 0 -1
    outer loop
      vertex 183.15 168.4 20.4
      vertex 181.76 167.936 20.4
      vertex 183.146 168.487 20.4
    endloop
  endfacet
  facet normal 0 0 -1
    outer loop
      vertex 181.724 88.0257 20.4
      vertex 182.724 86.7808 20.4
      vertex 182.65 86.734 20.4
    endloop
  endfacet
  facet normal -0 0 -1
    outer loop
      vertex 183.146 168.487 20.4
      vertex 181.76 167.936 20.4
      vertex 183.135 168.574 20.4
    endloop
  endfacet
  facet normal 0 0 -1
    outer loop
      vertex 181.724 88.0257 20.4
      vertex 182.65 86.734 20.4
      vertex 182.573 86.6937 20.4
    endloop
  endfacet
  facet normal -0 0 -1
    outer loop
      vertex 183.135 168.574 20.4
      vertex 181.76 167.936 20.4
      vertex 183.116 168.659 20.4
    endloop
  endfacet
  facet normal 0 0 -1
    outer loop
      vertex 181.686 87.9904 20.4
      vertex 182.573 86.6937 20.4
      vertex 182.492 86.6603 20.4
    endloop
  endfacet
  facet normal -0 0 -1
    outer loop
      vertex 183.116 168.659 20.4
      vertex 181.76 167.936 20.4
      vertex 183.09 168.742 20.4
    endloop
  endfacet
  facet normal 0 0 -1
    outer loop
      vertex 181.686 87.9904 20.4
      vertex 182.492 86.6603 20.4
      vertex 182.409 86.6341 20.4
    endloop
  endfacet
  facet normal -0 0 -1
    outer loop
      vertex 183.09 168.742 20.4
      vertex 181.76 167.936 20.4
      vertex 183.056 168.823 20.4
    endloop
  endfacet
  facet normal 0 0 -1
    outer loop
      vertex 181.686 87.9904 20.4
      vertex 182.409 86.6341 20.4
      vertex 182.324 86.6152 20.4
    endloop
  endfacet
  facet normal -0 0 -1
    outer loop
      vertex 183.056 168.823 20.4
      vertex 181.76 167.936 20.4
      vertex 183.016 168.9 20.4
    endloop
  endfacet
  facet normal 0 0 -1
    outer loop
      vertex 181.686 87.9904 20.4
      vertex 182.324 86.6152 20.4
      vertex 182.237 86.6038 20.4
    endloop
  endfacet
  facet normal 0 0 -1
    outer loop
      vertex 181.724 167.974 20.4
      vertex 183.016 168.9 20.4
      vertex 181.76 167.936 20.4
    endloop
  endfacet
  facet normal 0 0 -1
    outer loop
      vertex 181.686 87.9904 20.4
      vertex 182.237 86.6038 20.4
      vertex 182.15 86.6 20.4
    endloop
  endfacet
  facet normal -0 0 -1
    outer loop
      vertex 183.016 168.9 20.4
      vertex 181.724 167.974 20.4
      vertex 182.969 168.974 20.4
    endloop
  endfacet
  facet normal -0 0 -1
    outer loop
      vertex 182.969 168.974 20.4
      vertex 181.724 167.974 20.4
      vertex 182.916 169.043 20.4
    endloop
  endfacet
  facet normal 0 0 -1
    outer loop
      vertex 183.15 87.6 20.4
      vertex 181.898 88.3977 20.4
      vertex 181.9 88.45 20.4
    endloop
  endfacet
  facet normal 0 0 -1
    outer loop
      vertex 183.15 87.6 20.4
      vertex 181.891 88.3458 20.4
      vertex 181.898 88.3977 20.4
    endloop
  endfacet
  facet normal 0 0 -1
    outer loop
      vertex 183.15 87.6 20.4
      vertex 181.88 88.2947 20.4
      vertex 181.891 88.3458 20.4
    endloop
  endfacet
  facet normal 0 0 -1
    outer loop
      vertex 183.15 87.6 20.4
      vertex 181.864 88.2448 20.4
      vertex 181.88 88.2947 20.4
    endloop
  endfacet
  facet normal 0 0 -1
    outer loop
      vertex 183.15 87.6 20.4
      vertex 181.844 88.1964 20.4
      vertex 181.864 88.2448 20.4
    endloop
  endfacet
  facet normal 0 0 -1
    outer loop
      vertex 183.15 87.6 20.4
      vertex 181.82 88.15 20.4
      vertex 181.844 88.1964 20.4
    endloop
  endfacet
  facet normal 0 0 -1
    outer loop
      vertex 183.15 87.6 20.4
      vertex 181.791 88.1058 20.4
      vertex 181.82 88.15 20.4
    endloop
  endfacet
  facet normal 0 0 -1
    outer loop
      vertex 183.15 87.6 20.4
      vertex 181.76 88.0643 20.4
      vertex 181.791 88.1058 20.4
    endloop
  endfacet
  facet normal 0 0 -1
    outer loop
      vertex 183.016 87.1 20.4
      vertex 181.724 88.0257 20.4
      vertex 181.76 88.0643 20.4
    endloop
  endfacet
  facet normal 0 0 -1
    outer loop
      vertex 182.573 86.6937 20.4
      vertex 181.686 87.9904 20.4
      vertex 181.724 88.0257 20.4
    endloop
  endfacet
  facet normal 0 0 -1
    outer loop
      vertex 182.15 86.6 20.4
      vertex 181.644 87.9585 20.4
      vertex 181.686 87.9904 20.4
    endloop
  endfacet
  facet normal 0 0 -1
    outer loop
      vertex 182.15 86.6 20.4
      vertex 181.6 87.9304 20.4
      vertex 181.644 87.9585 20.4
    endloop
  endfacet
  facet normal 0 0 -1
    outer loop
      vertex 182.15 86.6 20.4
      vertex 181.554 87.9062 20.4
      vertex 181.6 87.9304 20.4
    endloop
  endfacet
  facet normal 0 0 -1
    outer loop
      vertex 182.15 86.6 20.4
      vertex 181.505 87.8862 20.4
      vertex 181.554 87.9062 20.4
    endloop
  endfacet
  facet normal 0 0 -1
    outer loop
      vertex 182.15 86.6 20.4
      vertex 181.455 87.8704 20.4
      vertex 181.505 87.8862 20.4
    endloop
  endfacet
  facet normal 0 0 -1
    outer loop
      vertex 182.15 86.6 20.4
      vertex 181.404 87.8591 20.4
      vertex 181.455 87.8704 20.4
    endloop
  endfacet
  facet normal 0 0 -1
    outer loop
      vertex 182.15 86.6 20.4
      vertex 181.352 87.8523 20.4
      vertex 181.404 87.8591 20.4
    endloop
  endfacet
  facet normal 0 0 -1
    outer loop
      vertex 182.15 86.6 20.4
      vertex 181.3 87.85 20.4
      vertex 181.352 87.8523 20.4
    endloop
  endfacet
  facet normal 0 0 -1
    outer loop
      vertex 182.15 86.6 20.4
      vertex 163 87.85 20.4
      vertex 181.3 87.85 20.4
    endloop
  endfacet
  facet normal 0 0 -1
    outer loop
      vertex 162.15 86.6 20.4
      vertex 163 87.85 20.4
      vertex 182.15 86.6 20.4
    endloop
  endfacet
  facet normal 0 0 -1
    outer loop
      vertex 161.384 86.9572 20.4
      vertex 162.576 88.0257 20.4
      vertex 161.443 86.8929 20.4
    endloop
  endfacet
  facet normal 0 0 -1
    outer loop
      vertex 161.443 86.8929 20.4
      vertex 162.576 88.0257 20.4
      vertex 161.507 86.8339 20.4
    endloop
  endfacet
  facet normal 0 0 -1
    outer loop
      vertex 161.507 86.8339 20.4
      vertex 162.576 88.0257 20.4
      vertex 161.576 86.7808 20.4
    endloop
  endfacet
  facet normal 0 0 -1
    outer loop
      vertex 161.576 86.7808 20.4
      vertex 162.576 88.0257 20.4
      vertex 161.65 86.734 20.4
    endloop
  endfacet
  facet normal 0 0 -1
    outer loop
      vertex 161.65 86.734 20.4
      vertex 162.576 88.0257 20.4
      vertex 161.727 86.6937 20.4
    endloop
  endfacet
  facet normal -0 0 -1
    outer loop
      vertex 162.614 87.9904 20.4
      vertex 161.727 86.6937 20.4
      vertex 162.576 88.0257 20.4
    endloop
  endfacet
  facet normal 0 0 -1
    outer loop
      vertex 161.727 86.6937 20.4
      vertex 162.614 87.9904 20.4
      vertex 161.808 86.6603 20.4
    endloop
  endfacet
  facet normal 0 0 -1
    outer loop
      vertex 161.808 86.6603 20.4
      vertex 162.614 87.9904 20.4
      vertex 161.891 86.6341 20.4
    endloop
  endfacet
  facet normal 0 0 -1
    outer loop
      vertex 161.891 86.6341 20.4
      vertex 162.614 87.9904 20.4
      vertex 161.976 86.6152 20.4
    endloop
  endfacet
  facet normal 0 0 -1
    outer loop
      vertex 161.976 86.6152 20.4
      vertex 162.614 87.9904 20.4
      vertex 162.063 86.6038 20.4
    endloop
  endfacet
  facet normal 0 0 -1
    outer loop
      vertex 162.063 86.6038 20.4
      vertex 162.614 87.9904 20.4
      vertex 162.15 86.6 20.4
    endloop
  endfacet
  facet normal -0 0 -1
    outer loop
      vertex 162.656 87.9585 20.4
      vertex 162.15 86.6 20.4
      vertex 162.614 87.9904 20.4
    endloop
  endfacet
  facet normal -0 0 -1
    outer loop
      vertex 162.7 87.9304 20.4
      vertex 162.15 86.6 20.4
      vertex 162.656 87.9585 20.4
    endloop
  endfacet
  facet normal -0 0 -1
    outer loop
      vertex 162.746 87.9062 20.4
      vertex 162.15 86.6 20.4
      vertex 162.7 87.9304 20.4
    endloop
  endfacet
  facet normal -0 0 -1
    outer loop
      vertex 162.795 87.8862 20.4
      vertex 162.15 86.6 20.4
      vertex 162.746 87.9062 20.4
    endloop
  endfacet
  facet normal -0 0 -1
    outer loop
      vertex 162.845 87.8704 20.4
      vertex 162.15 86.6 20.4
      vertex 162.795 87.8862 20.4
    endloop
  endfacet
  facet normal -0 0 -1
    outer loop
      vertex 162.896 87.8591 20.4
      vertex 162.15 86.6 20.4
      vertex 162.845 87.8704 20.4
    endloop
  endfacet
  facet normal -0 0 -1
    outer loop
      vertex 162.948 87.8523 20.4
      vertex 162.15 86.6 20.4
      vertex 162.896 87.8591 20.4
    endloop
  endfacet
  facet normal -0 0 -1
    outer loop
      vertex 163 87.85 20.4
      vertex 162.15 86.6 20.4
      vertex 162.948 87.8523 20.4
    endloop
  endfacet
  facet normal -0 0 -1
    outer loop
      vertex 182.916 169.043 20.4
      vertex 181.724 167.974 20.4
      vertex 182.857 169.107 20.4
    endloop
  endfacet
  facet normal -0 0 -1
    outer loop
      vertex 182.857 169.107 20.4
      vertex 181.724 167.974 20.4
      vertex 182.793 169.166 20.4
    endloop
  endfacet
  facet normal -0 0 -1
    outer loop
      vertex 182.793 169.166 20.4
      vertex 181.724 167.974 20.4
      vertex 182.724 169.219 20.4
    endloop
  endfacet
  facet normal -0 0 -1
    outer loop
      vertex 182.724 169.219 20.4
      vertex 181.724 167.974 20.4
      vertex 182.65 169.266 20.4
    endloop
  endfacet
  facet normal -0 0 -1
    outer loop
      vertex 182.65 169.266 20.4
      vertex 181.724 167.974 20.4
      vertex 182.573 169.306 20.4
    endloop
  endfacet
  facet normal 0 0 -1
    outer loop
      vertex 181.686 168.01 20.4
      vertex 182.573 169.306 20.4
      vertex 181.724 167.974 20.4
    endloop
  endfacet
  facet normal -0 0 -1
    outer loop
      vertex 182.573 169.306 20.4
      vertex 181.686 168.01 20.4
      vertex 182.492 169.34 20.4
    endloop
  endfacet
  facet normal -0 0 -1
    outer loop
      vertex 182.492 169.34 20.4
      vertex 181.686 168.01 20.4
      vertex 182.409 169.366 20.4
    endloop
  endfacet
  facet normal -0 0 -1
    outer loop
      vertex 182.409 169.366 20.4
      vertex 181.686 168.01 20.4
      vertex 182.324 169.385 20.4
    endloop
  endfacet
  facet normal -0 0 -1
    outer loop
      vertex 182.324 169.385 20.4
      vertex 181.686 168.01 20.4
      vertex 182.237 169.396 20.4
    endloop
  endfacet
  facet normal -0 0 -1
    outer loop
      vertex 182.237 169.396 20.4
      vertex 181.686 168.01 20.4
      vertex 182.15 169.4 20.4
    endloop
  endfacet
  facet normal 0 0 -1
    outer loop
      vertex 181.644 168.041 20.4
      vertex 182.15 169.4 20.4
      vertex 181.686 168.01 20.4
    endloop
  endfacet
  facet normal 0 0 -1
    outer loop
      vertex 181.6 168.07 20.4
      vertex 182.15 169.4 20.4
      vertex 181.644 168.041 20.4
    endloop
  endfacet
  facet normal 0 0 -1
    outer loop
      vertex 181.554 168.094 20.4
      vertex 182.15 169.4 20.4
      vertex 181.6 168.07 20.4
    endloop
  endfacet
  facet normal 0 0 -1
    outer loop
      vertex 181.505 168.114 20.4
      vertex 182.15 169.4 20.4
      vertex 181.554 168.094 20.4
    endloop
  endfacet
  facet normal 0 0 -1
    outer loop
      vertex 181.455 168.13 20.4
      vertex 182.15 169.4 20.4
      vertex 181.505 168.114 20.4
    endloop
  endfacet
  facet normal 0 0 -1
    outer loop
      vertex 181.404 168.141 20.4
      vertex 182.15 169.4 20.4
      vertex 181.455 168.13 20.4
    endloop
  endfacet
  facet normal 0 0 -1
    outer loop
      vertex 181.352 168.148 20.4
      vertex 182.15 169.4 20.4
      vertex 181.404 168.141 20.4
    endloop
  endfacet
  facet normal 0 0 -1
    outer loop
      vertex 181.3 168.15 20.4
      vertex 182.15 169.4 20.4
      vertex 181.352 168.148 20.4
    endloop
  endfacet
  facet normal 0 0 -1
    outer loop
      vertex 163 168.15 20.4
      vertex 182.15 169.4 20.4
      vertex 181.3 168.15 20.4
    endloop
  endfacet
  facet normal 0 0 -1
    outer loop
      vertex 162.15 169.4 20.4
      vertex 163 168.15 20.4
      vertex 162.948 168.148 20.4
    endloop
  endfacet
  facet normal 0 0 -1
    outer loop
      vertex 163 168.15 20.4
      vertex 162.15 169.4 20.4
      vertex 182.15 169.4 20.4
    endloop
  endfacet
  facet normal 0 0 -1
    outer loop
      vertex 162.896 168.141 20.4
      vertex 162.15 169.4 20.4
      vertex 162.948 168.148 20.4
    endloop
  endfacet
  facet normal 0 0 -1
    outer loop
      vertex 162.845 168.13 20.4
      vertex 162.15 169.4 20.4
      vertex 162.896 168.141 20.4
    endloop
  endfacet
  facet normal 0 0 -1
    outer loop
      vertex 162.795 168.114 20.4
      vertex 162.15 169.4 20.4
      vertex 162.845 168.13 20.4
    endloop
  endfacet
  facet normal 0 0 -1
    outer loop
      vertex 162.746 168.094 20.4
      vertex 162.15 169.4 20.4
      vertex 162.795 168.114 20.4
    endloop
  endfacet
  facet normal 0 0 -1
    outer loop
      vertex 162.7 168.07 20.4
      vertex 162.15 169.4 20.4
      vertex 162.746 168.094 20.4
    endloop
  endfacet
  facet normal 0 0 -1
    outer loop
      vertex 162.656 168.041 20.4
      vertex 162.15 169.4 20.4
      vertex 162.7 168.07 20.4
    endloop
  endfacet
  facet normal 0 0 -1
    outer loop
      vertex 162.614 168.01 20.4
      vertex 162.15 169.4 20.4
      vertex 162.656 168.041 20.4
    endloop
  endfacet
  facet normal 0 0 -1
    outer loop
      vertex 161.727 169.306 20.4
      vertex 162.614 168.01 20.4
      vertex 162.576 167.974 20.4
    endloop
  endfacet
  facet normal 0 0 -1
    outer loop
      vertex 161.284 168.9 20.4
      vertex 162.576 167.974 20.4
      vertex 162.54 167.936 20.4
    endloop
  endfacet
  facet normal 0 0 -1
    outer loop
      vertex 161.15 168.4 20.4
      vertex 162.54 167.936 20.4
      vertex 162.508 167.894 20.4
    endloop
  endfacet
  facet normal 0 0 -1
    outer loop
      vertex 161.15 168.4 20.4
      vertex 162.508 167.894 20.4
      vertex 162.48 167.85 20.4
    endloop
  endfacet
  facet normal 0 0 -1
    outer loop
      vertex 161.15 168.4 20.4
      vertex 162.48 167.85 20.4
      vertex 162.456 167.804 20.4
    endloop
  endfacet
  facet normal 0 0 -1
    outer loop
      vertex 161.15 168.4 20.4
      vertex 162.456 167.804 20.4
      vertex 162.436 167.755 20.4
    endloop
  endfacet
  facet normal 0 0 -1
    outer loop
      vertex 161.15 168.4 20.4
      vertex 162.436 167.755 20.4
      vertex 162.42 167.705 20.4
    endloop
  endfacet
  facet normal 0 0 -1
    outer loop
      vertex 161.15 168.4 20.4
      vertex 162.42 167.705 20.4
      vertex 162.409 167.654 20.4
    endloop
  endfacet
  facet normal 0 0 -1
    outer loop
      vertex 161.15 168.4 20.4
      vertex 162.409 167.654 20.4
      vertex 162.402 167.602 20.4
    endloop
  endfacet
  facet normal 0 0 -1
    outer loop
      vertex 161.15 168.4 20.4
      vertex 162.402 167.602 20.4
      vertex 162.4 167.55 20.4
    endloop
  endfacet
  facet normal -0 0 -1
    outer loop
      vertex 162.4 88.45 20.4
      vertex 161.15 87.6 20.4
      vertex 162.4 167.55 20.4
    endloop
  endfacet
  facet normal 0 0 -1
    outer loop
      vertex 161.331 87.0264 20.4
      vertex 162.576 88.0257 20.4
      vertex 161.384 86.9572 20.4
    endloop
  endfacet
  facet normal 0 0 -1
    outer loop
      vertex 161.15 168.4 20.4
      vertex 162.4 167.55 20.4
      vertex 161.15 87.6 20.4
    endloop
  endfacet
  facet normal 0 0 -1
    outer loop
      vertex 161.284 87.1 20.4
      vertex 162.576 88.0257 20.4
      vertex 161.331 87.0264 20.4
    endloop
  endfacet
  facet normal 0 0 -1
    outer loop
      vertex 162.54 167.936 20.4
      vertex 161.15 168.4 20.4
      vertex 161.154 168.487 20.4
    endloop
  endfacet
  facet normal -0 0 -1
    outer loop
      vertex 162.576 88.0257 20.4
      vertex 161.284 87.1 20.4
      vertex 162.54 88.0643 20.4
    endloop
  endfacet
  facet normal 0 0 -1
    outer loop
      vertex 162.614 168.01 20.4
      vertex 162.063 169.396 20.4
      vertex 162.15 169.4 20.4
    endloop
  endfacet
  facet normal 0 0 -1
    outer loop
      vertex 161.244 87.1774 20.4
      vertex 162.54 88.0643 20.4
      vertex 161.284 87.1 20.4
    endloop
  endfacet
  facet normal 0 0 -1
    outer loop
      vertex 162.614 168.01 20.4
      vertex 161.976 169.385 20.4
      vertex 162.063 169.396 20.4
    endloop
  endfacet
  facet normal 0 0 -1
    outer loop
      vertex 161.21 87.258 20.4
      vertex 162.54 88.0643 20.4
      vertex 161.244 87.1774 20.4
    endloop
  endfacet
  facet normal 0 0 -1
    outer loop
      vertex 162.614 168.01 20.4
      vertex 161.891 169.366 20.4
      vertex 161.976 169.385 20.4
    endloop
  endfacet
  facet normal 0 0 -1
    outer loop
      vertex 161.184 87.3412 20.4
      vertex 162.54 88.0643 20.4
      vertex 161.21 87.258 20.4
    endloop
  endfacet
  facet normal 0 0 -1
    outer loop
      vertex 162.614 168.01 20.4
      vertex 161.808 169.34 20.4
      vertex 161.891 169.366 20.4
    endloop
  endfacet
  facet normal 0 0 -1
    outer loop
      vertex 161.165 87.4263 20.4
      vertex 162.54 88.0643 20.4
      vertex 161.184 87.3412 20.4
    endloop
  endfacet
  facet normal 0 0 -1
    outer loop
      vertex 162.614 168.01 20.4
      vertex 161.727 169.306 20.4
      vertex 161.808 169.34 20.4
    endloop
  endfacet
  facet normal 0 0 -1
    outer loop
      vertex 161.154 87.5128 20.4
      vertex 162.54 88.0643 20.4
      vertex 161.165 87.4263 20.4
    endloop
  endfacet
  facet normal 0 0 -1
    outer loop
      vertex 162.576 167.974 20.4
      vertex 161.65 169.266 20.4
      vertex 161.727 169.306 20.4
    endloop
  endfacet
  facet normal 0 0 -1
    outer loop
      vertex 161.15 87.6 20.4
      vertex 162.54 88.0643 20.4
      vertex 161.154 87.5128 20.4
    endloop
  endfacet
  facet normal 0 0 -1
    outer loop
      vertex 162.576 167.974 20.4
      vertex 161.576 169.219 20.4
      vertex 161.65 169.266 20.4
    endloop
  endfacet
  facet normal -0 0 -1
    outer loop
      vertex 162.54 88.0643 20.4
      vertex 161.15 87.6 20.4
      vertex 162.508 88.1058 20.4
    endloop
  endfacet
  facet normal 0 0 -1
    outer loop
      vertex 162.576 167.974 20.4
      vertex 161.507 169.166 20.4
      vertex 161.576 169.219 20.4
    endloop
  endfacet
  facet normal -0 0 -1
    outer loop
      vertex 162.508 88.1058 20.4
      vertex 161.15 87.6 20.4
      vertex 162.48 88.15 20.4
    endloop
  endfacet
  facet normal 0 0 -1
    outer loop
      vertex 162.576 167.974 20.4
      vertex 161.443 169.107 20.4
      vertex 161.507 169.166 20.4
    endloop
  endfacet
  facet normal -0 0 -1
    outer loop
      vertex 162.48 88.15 20.4
      vertex 161.15 87.6 20.4
      vertex 162.456 88.1964 20.4
    endloop
  endfacet
  facet normal 0 0 -1
    outer loop
      vertex 162.576 167.974 20.4
      vertex 161.384 169.043 20.4
      vertex 161.443 169.107 20.4
    endloop
  endfacet
  facet normal -0 0 -1
    outer loop
      vertex 162.456 88.1964 20.4
      vertex 161.15 87.6 20.4
      vertex 162.436 88.2448 20.4
    endloop
  endfacet
  facet normal 0 0 -1
    outer loop
      vertex 162.576 167.974 20.4
      vertex 161.331 168.974 20.4
      vertex 161.384 169.043 20.4
    endloop
  endfacet
  facet normal -0 0 -1
    outer loop
      vertex 162.436 88.2448 20.4
      vertex 161.15 87.6 20.4
      vertex 162.42 88.2947 20.4
    endloop
  endfacet
  facet normal 0 0 -1
    outer loop
      vertex 162.576 167.974 20.4
      vertex 161.284 168.9 20.4
      vertex 161.331 168.974 20.4
    endloop
  endfacet
  facet normal -0 0 -1
    outer loop
      vertex 162.42 88.2947 20.4
      vertex 161.15 87.6 20.4
      vertex 162.409 88.3458 20.4
    endloop
  endfacet
  facet normal 0 0 -1
    outer loop
      vertex 162.54 167.936 20.4
      vertex 161.244 168.823 20.4
      vertex 161.284 168.9 20.4
    endloop
  endfacet
  facet normal -0 0 -1
    outer loop
      vertex 162.402 88.3977 20.4
      vertex 161.15 87.6 20.4
      vertex 162.4 88.45 20.4
    endloop
  endfacet
  facet normal 0 0 -1
    outer loop
      vertex 162.54 167.936 20.4
      vertex 161.21 168.742 20.4
      vertex 161.244 168.823 20.4
    endloop
  endfacet
  facet normal -0 0 -1
    outer loop
      vertex 162.409 88.3458 20.4
      vertex 161.15 87.6 20.4
      vertex 162.402 88.3977 20.4
    endloop
  endfacet
  facet normal 0 0 -1
    outer loop
      vertex 162.54 167.936 20.4
      vertex 161.184 168.659 20.4
      vertex 161.21 168.742 20.4
    endloop
  endfacet
  facet normal 0 0 -1
    outer loop
      vertex 162.54 167.936 20.4
      vertex 161.165 168.574 20.4
      vertex 161.184 168.659 20.4
    endloop
  endfacet
  facet normal 0 0 -1
    outer loop
      vertex 162.54 167.936 20.4
      vertex 161.154 168.487 20.4
      vertex 161.165 168.574 20.4
    endloop
  endfacet
  facet normal -0.952424 -0.304776 0
    outer loop
      vertex 181.88 167.705 20.4
      vertex 181.864 167.755 24
      vertex 181.864 167.755 20.4
    endloop
  endfacet
  facet normal -0.952424 -0.304776 0
    outer loop
      vertex 181.864 167.755 24
      vertex 181.88 167.705 20.4
      vertex 181.88 167.705 24
    endloop
  endfacet
  facet normal 0.991027 0.133664 0
    outer loop
      vertex 162.409 88.3458 24
      vertex 162.402 88.3977 20.4
      vertex 162.402 88.3977 24
    endloop
  endfacet
  facet normal 0.991027 0.133664 0
    outer loop
      vertex 162.402 88.3977 20.4
      vertex 162.409 88.3458 24
      vertex 162.409 88.3458 20.4
    endloop
  endfacet
  facet normal 0.924203 0.381902 0
    outer loop
      vertex 162.456 88.1964 24
      vertex 162.436 88.2448 20.4
      vertex 162.436 88.2448 24
    endloop
  endfacet
  facet normal 0.924203 0.381902 0
    outer loop
      vertex 162.436 88.2448 20.4
      vertex 162.456 88.1964 24
      vertex 162.456 88.1964 20.4
    endloop
  endfacet
  facet normal 0.99927 0.038213 0
    outer loop
      vertex 162.402 88.3977 24
      vertex 162.4 88.45 20.4
      vertex 162.4 88.45 24
    endloop
  endfacet
  facet normal 0.99927 0.038213 0
    outer loop
      vertex 162.4 88.45 20.4
      vertex 162.402 88.3977 24
      vertex 162.402 88.3977 20.4
    endloop
  endfacet
  facet normal 0.886585 -0.462566 0
    outer loop
      vertex 162.456 167.804 24
      vertex 162.48 167.85 20.4
      vertex 162.48 167.85 24
    endloop
  endfacet
  facet normal 0.886585 -0.462566 0
    outer loop
      vertex 162.48 167.85 20.4
      vertex 162.456 167.804 24
      vertex 162.456 167.804 20.4
    endloop
  endfacet
  facet normal 0.216322 0.976322 -0
    outer loop
      vertex 162.896 87.8591 20.4
      vertex 162.845 87.8704 24
      vertex 162.896 87.8591 24
    endloop
  endfacet
  facet normal 0.216322 0.976322 0
    outer loop
      vertex 162.845 87.8704 24
      vertex 162.896 87.8591 20.4
      vertex 162.845 87.8704 20.4
    endloop
  endfacet
  facet normal 0.999261 -0.0384331 0
    outer loop
      vertex 162.4 167.55 24
      vertex 162.402 167.602 20.4
      vertex 162.402 167.602 24
    endloop
  endfacet
  facet normal 0.999261 -0.0384331 0
    outer loop
      vertex 162.402 167.602 20.4
      vertex 162.4 167.55 24
      vertex 162.4 167.55 20.4
    endloop
  endfacet
  facet normal 0 -1 0
    outer loop
      vertex 163 168.15 20.4
      vertex 181.3 168.15 24
      vertex 163 168.15 24
    endloop
  endfacet
  facet normal 0 -1 -0
    outer loop
      vertex 181.3 168.15 24
      vertex 163 168.15 20.4
      vertex 181.3 168.15 20.4
    endloop
  endfacet
  facet normal -0.977606 0.210444 0
    outer loop
      vertex 181.88 88.2947 20.4
      vertex 181.891 88.3458 24
      vertex 181.891 88.3458 20.4
    endloop
  endfacet
  facet normal -0.977606 0.210444 0
    outer loop
      vertex 181.891 88.3458 24
      vertex 181.88 88.2947 20.4
      vertex 181.88 88.2947 24
    endloop
  endfacet
  facet normal 0.977521 -0.210838 0
    outer loop
      vertex 162.409 167.654 24
      vertex 162.42 167.705 20.4
      vertex 162.42 167.705 24
    endloop
  endfacet
  facet normal 0.977521 -0.210838 0
    outer loop
      vertex 162.42 167.705 20.4
      vertex 162.409 167.654 24
      vertex 162.409 167.654 20.4
    endloop
  endfacet
  facet normal 1 -0 0
    outer loop
      vertex 162.4 88.45 24
      vertex 162.4 167.55 20.4
      vertex 162.4 167.55 24
    endloop
  endfacet
  facet normal 1 0 0
    outer loop
      vertex 162.4 167.55 20.4
      vertex 162.4 88.45 24
      vertex 162.4 88.45 20.4
    endloop
  endfacet
  facet normal -0.680599 0.732656 0
    outer loop
      vertex 181.724 88.0257 20.4
      vertex 181.686 87.9904 24
      vertex 181.724 88.0257 24
    endloop
  endfacet
  facet normal -0.680599 0.732656 0
    outer loop
      vertex 181.686 87.9904 24
      vertex 181.724 88.0257 20.4
      vertex 181.686 87.9904 20.4
    endloop
  endfacet
  facet normal 0 1 -0
    outer loop
      vertex 181.3 87.85 20.4
      vertex 163 87.85 24
      vertex 181.3 87.85 24
    endloop
  endfacet
  facet normal 0 1 0
    outer loop
      vertex 163 87.85 24
      vertex 181.3 87.85 20.4
      vertex 163 87.85 20.4
    endloop
  endfacet
  facet normal -1 0 0
    outer loop
      vertex 181.9 88.45 20.4
      vertex 181.9 167.55 24
      vertex 181.9 167.55 20.4
    endloop
  endfacet
  facet normal -1 -0 0
    outer loop
      vertex 181.9 167.55 24
      vertex 181.9 88.45 20.4
      vertex 181.9 88.45 24
    endloop
  endfacet
  facet normal 0.991061 -0.133412 0
    outer loop
      vertex 162.402 167.602 24
      vertex 162.409 167.654 20.4
      vertex 162.409 167.654 24
    endloop
  endfacet
  facet normal 0.991061 -0.133412 0
    outer loop
      vertex 162.409 167.654 20.4
      vertex 162.402 167.602 24
      vertex 162.402 167.602 20.4
    endloop
  endfacet
  facet normal -0.129665 0.991558 0
    outer loop
      vertex 181.404 87.8591 20.4
      vertex 181.352 87.8523 24
      vertex 181.404 87.8591 24
    endloop
  endfacet
  facet normal -0.129665 0.991558 0
    outer loop
      vertex 181.352 87.8523 24
      vertex 181.404 87.8591 20.4
      vertex 181.352 87.8523 20.4
    endloop
  endfacet
  facet normal -0.801157 0.598454 0
    outer loop
      vertex 181.76 88.0643 20.4
      vertex 181.791 88.1058 24
      vertex 181.791 88.1058 20.4
    endloop
  endfacet
  facet normal -0.801157 0.598454 0
    outer loop
      vertex 181.791 88.1058 24
      vertex 181.76 88.0643 20.4
      vertex 181.76 88.0643 24
    endloop
  endfacet
  facet normal -0.886585 -0.462566 0
    outer loop
      vertex 181.844 167.804 20.4
      vertex 181.82 167.85 24
      vertex 181.82 167.85 20.4
    endloop
  endfacet
  facet normal -0.886585 -0.462566 0
    outer loop
      vertex 181.82 167.85 24
      vertex 181.844 167.804 20.4
      vertex 181.844 167.804 24
    endloop
  endfacet
  facet normal -0.725953 -0.687745 0
    outer loop
      vertex 181.76 167.936 20.4
      vertex 181.724 167.974 24
      vertex 181.724 167.974 20.4
    endloop
  endfacet
  facet normal -0.725953 -0.687745 0
    outer loop
      vertex 181.724 167.974 24
      vertex 181.76 167.936 20.4
      vertex 181.76 167.936 24
    endloop
  endfacet
  facet normal 0.843661 -0.536875 0
    outer loop
      vertex 162.48 167.85 24
      vertex 162.508 167.894 20.4
      vertex 162.508 167.894 24
    endloop
  endfacet
  facet normal 0.843661 -0.536875 0
    outer loop
      vertex 162.508 167.894 20.4
      vertex 162.48 167.85 24
      vertex 162.48 167.85 20.4
    endloop
  endfacet
  facet normal -0.538238 0.842793 0
    outer loop
      vertex 181.644 87.9585 20.4
      vertex 181.6 87.9304 24
      vertex 181.644 87.9585 24
    endloop
  endfacet
  facet normal -0.538238 0.842793 0
    outer loop
      vertex 181.6 87.9304 24
      vertex 181.644 87.9585 20.4
      vertex 181.6 87.9304 20.4
    endloop
  endfacet
  facet normal -0.804574 -0.593852 0
    outer loop
      vertex 181.791 167.894 20.4
      vertex 181.76 167.936 24
      vertex 181.76 167.936 20.4
    endloop
  endfacet
  facet normal -0.804574 -0.593852 0
    outer loop
      vertex 181.76 167.936 24
      vertex 181.791 167.894 20.4
      vertex 181.791 167.894 24
    endloop
  endfacet
  facet normal -0.999261 -0.0384331 0
    outer loop
      vertex 181.9 167.55 20.4
      vertex 181.898 167.602 24
      vertex 181.898 167.602 20.4
    endloop
  endfacet
  facet normal -0.999261 -0.0384331 0
    outer loop
      vertex 181.898 167.602 24
      vertex 181.9 167.55 20.4
      vertex 181.9 167.55 24
    endloop
  endfacet
  facet normal 0.133412 -0.991061 0
    outer loop
      vertex 162.896 168.141 20.4
      vertex 162.948 168.148 24
      vertex 162.896 168.141 24
    endloop
  endfacet
  facet normal 0.133412 -0.991061 0
    outer loop
      vertex 162.948 168.148 24
      vertex 162.896 168.141 20.4
      vertex 162.948 168.148 20.4
    endloop
  endfacet
  facet normal -0.925848 -0.377897 0
    outer loop
      vertex 181.864 167.755 20.4
      vertex 181.844 167.804 24
      vertex 181.844 167.804 20.4
    endloop
  endfacet
  facet normal -0.925848 -0.377897 0
    outer loop
      vertex 181.844 167.804 24
      vertex 181.864 167.755 20.4
      vertex 181.864 167.755 24
    endloop
  endfacet
  facet normal -0.462566 -0.886585 0
    outer loop
      vertex 181.554 168.094 20.4
      vertex 181.6 168.07 24
      vertex 181.554 168.094 24
    endloop
  endfacet
  facet normal -0.462566 -0.886585 -0
    outer loop
      vertex 181.6 168.07 24
      vertex 181.554 168.094 20.4
      vertex 181.6 168.07 20.4
    endloop
  endfacet
  facet normal -0.836102 0.548574 0
    outer loop
      vertex 181.791 88.1058 20.4
      vertex 181.82 88.15 24
      vertex 181.82 88.15 20.4
    endloop
  endfacet
  facet normal -0.836102 0.548574 0
    outer loop
      vertex 181.82 88.15 24
      vertex 181.791 88.1058 20.4
      vertex 181.791 88.1058 24
    endloop
  endfacet
  facet normal 0.687745 -0.725953 0
    outer loop
      vertex 162.576 167.974 20.4
      vertex 162.614 168.01 24
      vertex 162.576 167.974 24
    endloop
  endfacet
  facet normal 0.687745 -0.725953 0
    outer loop
      vertex 162.614 168.01 24
      vertex 162.576 167.974 20.4
      vertex 162.614 168.01 20.4
    endloop
  endfacet
  facet normal -0.977521 -0.210838 0
    outer loop
      vertex 181.891 167.654 20.4
      vertex 181.88 167.705 24
      vertex 181.88 167.705 20.4
    endloop
  endfacet
  facet normal -0.977521 -0.210838 0
    outer loop
      vertex 181.88 167.705 24
      vertex 181.891 167.654 20.4
      vertex 181.891 167.654 24
    endloop
  endfacet
  facet normal -0.465588 0.885002 0
    outer loop
      vertex 181.6 87.9304 20.4
      vertex 181.554 87.9062 24
      vertex 181.6 87.9304 24
    endloop
  endfacet
  facet normal -0.465588 0.885002 0
    outer loop
      vertex 181.554 87.9062 24
      vertex 181.6 87.9304 20.4
      vertex 181.554 87.9062 20.4
    endloop
  endfacet
  facet normal -0.99927 0.038213 0
    outer loop
      vertex 181.898 88.3977 20.4
      vertex 181.9 88.45 24
      vertex 181.9 88.45 20.4
    endloop
  endfacet
  facet normal -0.99927 0.038213 0
    outer loop
      vertex 181.9 88.45 24
      vertex 181.898 88.3977 20.4
      vertex 181.898 88.3977 24
    endloop
  endfacet
  facet normal -0.991061 -0.133412 0
    outer loop
      vertex 181.898 167.602 20.4
      vertex 181.891 167.654 24
      vertex 181.891 167.654 20.4
    endloop
  endfacet
  facet normal -0.991061 -0.133412 0
    outer loop
      vertex 181.891 167.654 24
      vertex 181.898 167.602 20.4
      vertex 181.898 167.602 24
    endloop
  endfacet
  facet normal -0.304776 -0.952424 0
    outer loop
      vertex 181.455 168.13 20.4
      vertex 181.505 168.114 24
      vertex 181.455 168.13 24
    endloop
  endfacet
  facet normal -0.304776 -0.952424 -0
    outer loop
      vertex 181.505 168.114 24
      vertex 181.455 168.13 20.4
      vertex 181.505 168.114 20.4
    endloop
  endfacet
  facet normal -0.210838 -0.977521 0
    outer loop
      vertex 181.404 168.141 20.4
      vertex 181.455 168.13 24
      vertex 181.404 168.141 24
    endloop
  endfacet
  facet normal -0.210838 -0.977521 -0
    outer loop
      vertex 181.455 168.13 24
      vertex 181.404 168.141 20.4
      vertex 181.455 168.13 20.4
    endloop
  endfacet
  facet normal 0.977606 0.210444 0
    outer loop
      vertex 162.42 88.2947 24
      vertex 162.409 88.3458 20.4
      vertex 162.409 88.3458 24
    endloop
  endfacet
  facet normal 0.977606 0.210444 0
    outer loop
      vertex 162.409 88.3458 20.4
      vertex 162.42 88.2947 24
      vertex 162.42 88.2947 20.4
    endloop
  endfacet
  facet normal -0.0384331 -0.999261 0
    outer loop
      vertex 181.3 168.15 20.4
      vertex 181.352 168.148 24
      vertex 181.3 168.15 24
    endloop
  endfacet
  facet normal -0.0384331 -0.999261 -0
    outer loop
      vertex 181.352 168.148 24
      vertex 181.3 168.15 20.4
      vertex 181.352 168.148 20.4
    endloop
  endfacet
  facet normal -0.991027 0.133664 0
    outer loop
      vertex 181.891 88.3458 20.4
      vertex 181.898 88.3977 24
      vertex 181.898 88.3977 20.4
    endloop
  endfacet
  facet normal -0.991027 0.133664 0
    outer loop
      vertex 181.898 88.3977 24
      vertex 181.891 88.3458 20.4
      vertex 181.891 88.3458 24
    endloop
  endfacet
  facet normal 0.952424 -0.304776 0
    outer loop
      vertex 162.42 167.705 24
      vertex 162.436 167.755 20.4
      vertex 162.436 167.755 24
    endloop
  endfacet
  facet normal 0.952424 -0.304776 0
    outer loop
      vertex 162.436 167.755 20.4
      vertex 162.42 167.705 24
      vertex 162.42 167.705 20.4
    endloop
  endfacet
  facet normal 0.731307 0.682048 0
    outer loop
      vertex 162.576 88.0257 24
      vertex 162.54 88.0643 20.4
      vertex 162.54 88.0643 24
    endloop
  endfacet
  facet normal 0.731307 0.682048 0
    outer loop
      vertex 162.54 88.0643 20.4
      vertex 162.576 88.0257 24
      vertex 162.576 88.0257 20.4
    endloop
  endfacet
  facet normal -0.550313 -0.834958 0
    outer loop
      vertex 181.6 168.07 20.4
      vertex 181.644 168.041 24
      vertex 181.6 168.07 24
    endloop
  endfacet
  facet normal -0.550313 -0.834958 -0
    outer loop
      vertex 181.644 168.041 24
      vertex 181.6 168.07 20.4
      vertex 181.644 168.041 20.4
    endloop
  endfacet
  facet normal -0.133412 -0.991061 0
    outer loop
      vertex 181.352 168.148 20.4
      vertex 181.404 168.141 24
      vertex 181.352 168.148 24
    endloop
  endfacet
  facet normal -0.133412 -0.991061 -0
    outer loop
      vertex 181.404 168.141 24
      vertex 181.352 168.148 20.4
      vertex 181.404 168.141 20.4
    endloop
  endfacet
  facet normal -0.377897 -0.925848 0
    outer loop
      vertex 181.505 168.114 20.4
      vertex 181.554 168.094 24
      vertex 181.505 168.114 24
    endloop
  endfacet
  facet normal -0.377897 -0.925848 -0
    outer loop
      vertex 181.554 168.094 24
      vertex 181.505 168.114 20.4
      vertex 181.554 168.094 20.4
    endloop
  endfacet
  facet normal -0.834958 -0.550313 0
    outer loop
      vertex 181.82 167.85 20.4
      vertex 181.791 167.894 24
      vertex 181.791 167.894 20.4
    endloop
  endfacet
  facet normal -0.834958 -0.550313 0
    outer loop
      vertex 181.791 167.894 24
      vertex 181.82 167.85 20.4
      vertex 181.82 167.85 24
    endloop
  endfacet
  facet normal 0.791914 0.610633 0
    outer loop
      vertex 162.54 88.0643 24
      vertex 162.508 88.1058 20.4
      vertex 162.508 88.1058 24
    endloop
  endfacet
  facet normal 0.791914 0.610633 0
    outer loop
      vertex 162.508 88.1058 20.4
      vertex 162.54 88.0643 24
      vertex 162.54 88.0643 20.4
    endloop
  endfacet
  facet normal -0.604843 0.796345 0
    outer loop
      vertex 181.686 87.9904 20.4
      vertex 181.644 87.9585 24
      vertex 181.686 87.9904 24
    endloop
  endfacet
  facet normal -0.604843 0.796345 0
    outer loop
      vertex 181.644 87.9585 24
      vertex 181.686 87.9904 20.4
      vertex 181.644 87.9585 20.4
    endloop
  endfacet
  facet normal -0.888218 0.459423 0
    outer loop
      vertex 181.82 88.15 20.4
      vertex 181.844 88.1964 24
      vertex 181.844 88.1964 20.4
    endloop
  endfacet
  facet normal -0.888218 0.459423 0
    outer loop
      vertex 181.844 88.1964 24
      vertex 181.82 88.15 20.4
      vertex 181.82 88.15 24
    endloop
  endfacet
  facet normal 0.377897 -0.925848 0
    outer loop
      vertex 162.746 168.094 20.4
      vertex 162.795 168.114 24
      vertex 162.746 168.094 24
    endloop
  endfacet
  facet normal 0.377897 -0.925848 0
    outer loop
      vertex 162.795 168.114 24
      vertex 162.746 168.094 20.4
      vertex 162.795 168.114 20.4
    endloop
  endfacet
  facet normal 0.377897 0.925848 -0
    outer loop
      vertex 162.795 87.8862 20.4
      vertex 162.746 87.9062 24
      vertex 162.795 87.8862 24
    endloop
  endfacet
  facet normal 0.377897 0.925848 0
    outer loop
      vertex 162.746 87.9062 24
      vertex 162.795 87.8862 20.4
      vertex 162.746 87.9062 20.4
    endloop
  endfacet
  facet normal -0.593852 -0.804574 0
    outer loop
      vertex 181.644 168.041 20.4
      vertex 181.686 168.01 24
      vertex 181.644 168.041 24
    endloop
  endfacet
  facet normal -0.593852 -0.804574 -0
    outer loop
      vertex 181.686 168.01 24
      vertex 181.644 168.041 20.4
      vertex 181.686 168.01 20.4
    endloop
  endfacet
  facet normal -0.924203 0.381902 0
    outer loop
      vertex 181.844 88.1964 20.4
      vertex 181.864 88.2448 24
      vertex 181.864 88.2448 20.4
    endloop
  endfacet
  facet normal -0.924203 0.381902 0
    outer loop
      vertex 181.864 88.2448 24
      vertex 181.844 88.1964 20.4
      vertex 181.844 88.1964 24
    endloop
  endfacet
  facet normal -0.216322 0.976322 0
    outer loop
      vertex 181.455 87.8704 20.4
      vertex 181.404 87.8591 24
      vertex 181.455 87.8704 24
    endloop
  endfacet
  facet normal -0.216322 0.976322 0
    outer loop
      vertex 181.404 87.8591 24
      vertex 181.455 87.8704 20.4
      vertex 181.404 87.8591 20.4
    endloop
  endfacet
  facet normal -0.0441876 0.999023 0
    outer loop
      vertex 181.352 87.8523 20.4
      vertex 181.3 87.85 24
      vertex 181.352 87.8523 24
    endloop
  endfacet
  facet normal -0.0441876 0.999023 0
    outer loop
      vertex 181.3 87.85 24
      vertex 181.352 87.8523 20.4
      vertex 181.3 87.85 20.4
    endloop
  endfacet
  facet normal 0.593852 -0.804574 0
    outer loop
      vertex 162.614 168.01 20.4
      vertex 162.656 168.041 24
      vertex 162.614 168.01 24
    endloop
  endfacet
  facet normal 0.593852 -0.804574 0
    outer loop
      vertex 162.656 168.041 24
      vertex 162.614 168.01 20.4
      vertex 162.656 168.041 20.4
    endloop
  endfacet
  facet normal -0.687745 -0.725953 0
    outer loop
      vertex 181.686 168.01 20.4
      vertex 181.724 167.974 24
      vertex 181.686 168.01 24
    endloop
  endfacet
  facet normal -0.687745 -0.725953 -0
    outer loop
      vertex 181.724 167.974 24
      vertex 181.686 168.01 20.4
      vertex 181.724 167.974 20.4
    endloop
  endfacet
  facet normal 0.0441876 0.999023 -0
    outer loop
      vertex 163 87.85 20.4
      vertex 162.948 87.8523 24
      vertex 163 87.85 24
    endloop
  endfacet
  facet normal 0.0441876 0.999023 0
    outer loop
      vertex 162.948 87.8523 24
      vertex 163 87.85 20.4
      vertex 162.948 87.8523 20.4
    endloop
  endfacet
  facet normal 0.795432 -0.606043 0
    outer loop
      vertex 162.508 167.894 24
      vertex 162.54 167.936 20.4
      vertex 162.54 167.936 24
    endloop
  endfacet
  facet normal 0.795432 -0.606043 0
    outer loop
      vertex 162.54 167.936 20.4
      vertex 162.508 167.894 24
      vertex 162.508 167.894 20.4
    endloop
  endfacet
  facet normal -0.301314 0.953525 0
    outer loop
      vertex 181.505 87.8862 20.4
      vertex 181.455 87.8704 24
      vertex 181.505 87.8862 24
    endloop
  endfacet
  facet normal -0.301314 0.953525 0
    outer loop
      vertex 181.455 87.8704 24
      vertex 181.505 87.8862 20.4
      vertex 181.455 87.8704 20.4
    endloop
  endfacet
  facet normal 0.465588 0.885002 -0
    outer loop
      vertex 162.746 87.9062 20.4
      vertex 162.7 87.9304 24
      vertex 162.746 87.9062 24
    endloop
  endfacet
  facet normal 0.465588 0.885002 0
    outer loop
      vertex 162.7 87.9304 24
      vertex 162.746 87.9062 20.4
      vertex 162.7 87.9304 20.4
    endloop
  endfacet
  facet normal 0.550313 -0.834958 0
    outer loop
      vertex 162.656 168.041 20.4
      vertex 162.7 168.07 24
      vertex 162.656 168.041 24
    endloop
  endfacet
  facet normal 0.550313 -0.834958 0
    outer loop
      vertex 162.7 168.07 24
      vertex 162.656 168.041 20.4
      vertex 162.7 168.07 20.4
    endloop
  endfacet
  facet normal 0.462566 -0.886585 0
    outer loop
      vertex 162.7 168.07 20.4
      vertex 162.746 168.094 24
      vertex 162.7 168.07 24
    endloop
  endfacet
  facet normal 0.462566 -0.886585 0
    outer loop
      vertex 162.746 168.094 24
      vertex 162.7 168.07 20.4
      vertex 162.746 168.094 20.4
    endloop
  endfacet
  facet normal 0.604843 0.796345 -0
    outer loop
      vertex 162.656 87.9585 20.4
      vertex 162.614 87.9904 24
      vertex 162.656 87.9585 24
    endloop
  endfacet
  facet normal 0.604843 0.796345 0
    outer loop
      vertex 162.614 87.9904 24
      vertex 162.656 87.9585 20.4
      vertex 162.614 87.9904 20.4
    endloop
  endfacet
  facet normal -0.952247 0.30533 0
    outer loop
      vertex 181.864 88.2448 20.4
      vertex 181.88 88.2947 24
      vertex 181.88 88.2947 20.4
    endloop
  endfacet
  facet normal -0.952247 0.30533 0
    outer loop
      vertex 181.88 88.2947 24
      vertex 181.864 88.2448 20.4
      vertex 181.864 88.2448 24
    endloop
  endfacet
  facet normal 0.210838 -0.977521 0
    outer loop
      vertex 162.845 168.13 20.4
      vertex 162.896 168.141 24
      vertex 162.845 168.13 24
    endloop
  endfacet
  facet normal 0.210838 -0.977521 0
    outer loop
      vertex 162.896 168.141 24
      vertex 162.845 168.13 20.4
      vertex 162.896 168.141 20.4
    endloop
  endfacet
  facet normal 0.844761 0.535143 0
    outer loop
      vertex 162.508 88.1058 24
      vertex 162.48 88.15 20.4
      vertex 162.48 88.15 24
    endloop
  endfacet
  facet normal 0.844761 0.535143 0
    outer loop
      vertex 162.48 88.15 20.4
      vertex 162.508 88.1058 24
      vertex 162.508 88.1058 20.4
    endloop
  endfacet
  facet normal 0.725953 -0.687745 0
    outer loop
      vertex 162.54 167.936 24
      vertex 162.576 167.974 20.4
      vertex 162.576 167.974 24
    endloop
  endfacet
  facet normal 0.725953 -0.687745 0
    outer loop
      vertex 162.576 167.974 20.4
      vertex 162.54 167.936 24
      vertex 162.54 167.936 20.4
    endloop
  endfacet
  facet normal 0.129665 0.991558 -0
    outer loop
      vertex 162.948 87.8523 20.4
      vertex 162.896 87.8591 24
      vertex 162.948 87.8523 24
    endloop
  endfacet
  facet normal 0.129665 0.991558 0
    outer loop
      vertex 162.896 87.8591 24
      vertex 162.948 87.8523 20.4
      vertex 162.896 87.8591 20.4
    endloop
  endfacet
  facet normal -0.377897 0.925848 0
    outer loop
      vertex 181.554 87.9062 20.4
      vertex 181.505 87.8862 24
      vertex 181.554 87.9062 24
    endloop
  endfacet
  facet normal -0.377897 0.925848 0
    outer loop
      vertex 181.505 87.8862 24
      vertex 181.554 87.9062 20.4
      vertex 181.505 87.8862 20.4
    endloop
  endfacet
  facet normal 0.925848 -0.377897 0
    outer loop
      vertex 162.436 167.755 24
      vertex 162.456 167.804 20.4
      vertex 162.456 167.804 24
    endloop
  endfacet
  facet normal 0.925848 -0.377897 0
    outer loop
      vertex 162.456 167.804 20.4
      vertex 162.436 167.755 24
      vertex 162.436 167.755 20.4
    endloop
  endfacet
  facet normal 0.538238 0.842793 -0
    outer loop
      vertex 162.7 87.9304 20.4
      vertex 162.656 87.9585 24
      vertex 162.7 87.9304 24
    endloop
  endfacet
  facet normal 0.538238 0.842793 0
    outer loop
      vertex 162.656 87.9585 24
      vertex 162.7 87.9304 20.4
      vertex 162.656 87.9585 20.4
    endloop
  endfacet
  facet normal 0.304776 -0.952424 0
    outer loop
      vertex 162.795 168.114 20.4
      vertex 162.845 168.13 24
      vertex 162.795 168.114 24
    endloop
  endfacet
  facet normal 0.304776 -0.952424 0
    outer loop
      vertex 162.845 168.13 24
      vertex 162.795 168.114 20.4
      vertex 162.845 168.13 20.4
    endloop
  endfacet
  facet normal 0.301314 0.953525 -0
    outer loop
      vertex 162.845 87.8704 20.4
      vertex 162.795 87.8862 24
      vertex 162.845 87.8704 24
    endloop
  endfacet
  facet normal 0.301314 0.953525 0
    outer loop
      vertex 162.795 87.8862 24
      vertex 162.845 87.8704 20.4
      vertex 162.795 87.8862 20.4
    endloop
  endfacet
  facet normal 0.680599 0.732656 -0
    outer loop
      vertex 162.614 87.9904 20.4
      vertex 162.576 88.0257 24
      vertex 162.614 87.9904 24
    endloop
  endfacet
  facet normal 0.680599 0.732656 0
    outer loop
      vertex 162.576 88.0257 24
      vertex 162.614 87.9904 20.4
      vertex 162.576 88.0257 20.4
    endloop
  endfacet
  facet normal -0.731307 0.682048 0
    outer loop
      vertex 181.724 88.0257 20.4
      vertex 181.76 88.0643 24
      vertex 181.76 88.0643 20.4
    endloop
  endfacet
  facet normal -0.731307 0.682048 0
    outer loop
      vertex 181.76 88.0643 24
      vertex 181.724 88.0257 20.4
      vertex 181.724 88.0257 24
    endloop
  endfacet
  facet normal 0.0384331 -0.999261 0
    outer loop
      vertex 162.948 168.148 20.4
      vertex 163 168.15 24
      vertex 162.948 168.148 24
    endloop
  endfacet
  facet normal 0.0384331 -0.999261 0
    outer loop
      vertex 163 168.15 24
      vertex 162.948 168.148 20.4
      vertex 163 168.15 20.4
    endloop
  endfacet
  facet normal 0.888218 0.459423 0
    outer loop
      vertex 162.48 88.15 24
      vertex 162.456 88.1964 20.4
      vertex 162.456 88.1964 24
    endloop
  endfacet
  facet normal 0.888218 0.459423 0
    outer loop
      vertex 162.456 88.1964 20.4
      vertex 162.48 88.15 24
      vertex 162.48 88.15 20.4
    endloop
  endfacet
  facet normal 0.952247 0.30533 0
    outer loop
      vertex 162.436 88.2448 24
      vertex 162.42 88.2947 20.4
      vertex 162.42 88.2947 24
    endloop
  endfacet
  facet normal 0.952247 0.30533 0
    outer loop
      vertex 162.42 88.2947 20.4
      vertex 162.436 88.2448 24
      vertex 162.436 88.2448 20.4
    endloop
  endfacet
  facet normal -0.991695 -0.12861 0
    outer loop
      vertex 158.112 86.888 24
      vertex 158.066 87.2427 26.6
      vertex 158.066 87.2427 24
    endloop
  endfacet
  facet normal -0.991695 -0.12861 0
    outer loop
      vertex 158.066 87.2427 26.6
      vertex 158.112 86.888 24
      vertex 158.112 86.888 26.6
    endloop
  endfacet
  facet normal 0.29939 0.954131 -0
    outer loop
      vertex 183.552 172.253 24
      vertex 183.211 172.36 26.6
      vertex 183.552 172.253 26.6
    endloop
  endfacet
  facet normal 0.29939 0.954131 0
    outer loop
      vertex 183.211 172.36 26.6
      vertex 183.552 172.253 24
      vertex 183.211 172.36 24
    endloop
  endfacet
  facet normal -0.998999 -0.0447355 0
    outer loop
      vertex 158.066 87.2427 24
      vertex 158.05 87.6 26.6
      vertex 158.05 87.6 24
    endloop
  endfacet
  facet normal -0.998999 -0.0447355 0
    outer loop
      vertex 158.05 87.6 26.6
      vertex 158.066 87.2427 24
      vertex 158.066 87.2427 26.6
    endloop
  endfacet
  facet normal 0.975923 0.218115 0
    outer loop
      vertex 186.188 169.112 26.6
      vertex 186.11 169.461 24
      vertex 186.11 169.461 26.6
    endloop
  endfacet
  facet normal 0.975923 0.218115 0
    outer loop
      vertex 186.11 169.461 24
      vertex 186.188 169.112 26.6
      vertex 186.188 169.112 24
    endloop
  endfacet
  facet normal 0.0436558 -0.999047 0
    outer loop
      vertex 182.15 83.5 24
      vertex 182.507 83.5156 26.6
      vertex 182.15 83.5 26.6
    endloop
  endfacet
  facet normal 0.0436558 -0.999047 0
    outer loop
      vertex 182.507 83.5156 26.6
      vertex 182.15 83.5 24
      vertex 182.507 83.5156 24
    endloop
  endfacet
  facet normal 0 -1 0
    outer loop
      vertex 175.152 83.5 24
      vertex 182.15 83.5 26.6
      vertex 175.152 83.5 26.6
    endloop
  endfacet
  facet normal 0 -1 -0
    outer loop
      vertex 182.15 83.5 26.6
      vertex 175.152 83.5 24
      vertex 182.15 83.5 24
    endloop
  endfacet
  facet normal 0 -1 0
    outer loop
      vertex 162.15 83.5 24
      vertex 169.148 83.5 26.6
      vertex 162.15 83.5 26.6
    endloop
  endfacet
  facet normal 0 -1 -0
    outer loop
      vertex 169.148 83.5 26.6
      vertex 162.15 83.5 24
      vertex 169.148 83.5 24
    endloop
  endfacet
  facet normal 1 -0 0
    outer loop
      vertex 186.25 87.6 26.6
      vertex 186.25 168.4 24
      vertex 186.25 168.4 26.6
    endloop
  endfacet
  facet normal 1 0 0
    outer loop
      vertex 186.25 168.4 24
      vertex 186.25 87.6 26.6
      vertex 186.25 87.6 24
    endloop
  endfacet
  facet normal 0.97595 -0.217996 0
    outer loop
      vertex 186.11 86.5388 26.6
      vertex 186.188 86.888 24
      vertex 186.188 86.888 26.6
    endloop
  endfacet
  facet normal 0.97595 -0.217996 0
    outer loop
      vertex 186.188 86.888 24
      vertex 186.11 86.5388 26.6
      vertex 186.11 86.5388 24
    endloop
  endfacet
  facet normal -1 0 0
    outer loop
      vertex 158.05 87.6 24
      vertex 158.05 120 26.6
      vertex 158.05 120 24
    endloop
  endfacet
  facet normal -1 -0 0
    outer loop
      vertex 158.05 120 26.6
      vertex 158.05 87.6 24
      vertex 158.05 87.6 26.6
    endloop
  endfacet
  facet normal -1 0 0
    outer loop
      vertex 158.05 136 24
      vertex 158.05 168.4 26.6
      vertex 158.05 168.4 24
    endloop
  endfacet
  facet normal -1 -0 0
    outer loop
      vertex 158.05 168.4 26.6
      vertex 158.05 136 24
      vertex 158.05 136 26.6
    endloop
  endfacet
  facet normal -0.954131 0.29939 0
    outer loop
      vertex 158.19 169.461 24
      vertex 158.297 169.802 26.6
      vertex 158.297 169.802 24
    endloop
  endfacet
  facet normal -0.954131 0.29939 0
    outer loop
      vertex 158.297 169.802 26.6
      vertex 158.19 169.461 24
      vertex 158.19 169.461 26.6
    endloop
  endfacet
  facet normal 0 1 -0
    outer loop
      vertex 169.148 172.5 24
      vertex 162.15 172.5 26.6
      vertex 169.148 172.5 26.6
    endloop
  endfacet
  facet normal 0 1 0
    outer loop
      vertex 162.15 172.5 26.6
      vertex 169.148 172.5 24
      vertex 162.15 172.5 24
    endloop
  endfacet
  facet normal 0 1 -0
    outer loop
      vertex 182.15 172.5 24
      vertex 175.152 172.5 26.6
      vertex 182.15 172.5 26.6
    endloop
  endfacet
  facet normal 0 1 0
    outer loop
      vertex 175.152 172.5 26.6
      vertex 182.15 172.5 24
      vertex 175.152 172.5 24
    endloop
  endfacet
  facet normal -0.792208 0.610252 0
    outer loop
      vertex 158.791 170.752 24
      vertex 159.009 171.035 26.6
      vertex 159.009 171.035 24
    endloop
  endfacet
  facet normal -0.792208 0.610252 0
    outer loop
      vertex 159.009 171.035 26.6
      vertex 158.791 170.752 24
      vertex 158.791 170.752 26.6
    endloop
  endfacet
  facet normal 0.381957 -0.92418 0
    outer loop
      vertex 183.552 83.7473 24
      vertex 183.883 83.8841 26.6
      vertex 183.552 83.7473 26.6
    endloop
  endfacet
  facet normal 0.381957 -0.92418 0
    outer loop
      vertex 183.883 83.8841 26.6
      vertex 183.552 83.7473 24
      vertex 183.883 83.8841 24
    endloop
  endfacet
  facet normal 0.536912 -0.843638 0
    outer loop
      vertex 184.2 84.0493 24
      vertex 184.502 84.2415 26.6
      vertex 184.2 84.0493 26.6
    endloop
  endfacet
  facet normal 0.536912 -0.843638 0
    outer loop
      vertex 184.502 84.2415 26.6
      vertex 184.2 84.0493 24
      vertex 184.502 84.2415 24
    endloop
  endfacet
  facet normal -0.609724 -0.792614 0
    outer loop
      vertex 159.515 84.4592 24
      vertex 159.798 84.2415 26.6
      vertex 159.515 84.4592 26.6
    endloop
  endfacet
  facet normal -0.609724 -0.792614 -0
    outer loop
      vertex 159.798 84.2415 26.6
      vertex 159.515 84.4592 24
      vertex 159.798 84.2415 24
    endloop
  endfacet
  facet normal 0.998997 0.044773 0
    outer loop
      vertex 186.25 168.4 26.6
      vertex 186.234 168.757 24
      vertex 186.234 168.757 26.6
    endloop
  endfacet
  facet normal 0.998997 0.044773 0
    outer loop
      vertex 186.234 168.757 24
      vertex 186.25 168.4 26.6
      vertex 186.25 168.4 24
    endloop
  endfacet
  facet normal -0.218115 0.975923 0
    outer loop
      vertex 161.438 172.438 24
      vertex 161.089 172.36 26.6
      vertex 161.438 172.438 26.6
    endloop
  endfacet
  facet normal -0.218115 0.975923 0
    outer loop
      vertex 161.089 172.36 26.6
      vertex 161.438 172.438 24
      vertex 161.089 172.36 24
    endloop
  endfacet
  facet normal -0.975923 0.218115 0
    outer loop
      vertex 158.112 169.112 24
      vertex 158.19 169.461 26.6
      vertex 158.19 169.461 24
    endloop
  endfacet
  facet normal -0.975923 0.218115 0
    outer loop
      vertex 158.19 169.461 26.6
      vertex 158.112 169.112 24
      vertex 158.112 169.112 26.6
    endloop
  endfacet
  facet normal -0.461705 0.887033 0
    outer loop
      vertex 160.417 172.116 24
      vertex 160.1 171.951 26.6
      vertex 160.417 172.116 26.6
    endloop
  endfacet
  facet normal -0.461705 0.887033 0
    outer loop
      vertex 160.1 171.951 26.6
      vertex 160.417 172.116 24
      vertex 160.1 171.951 24
    endloop
  endfacet
  facet normal -0.991709 0.128503 0
    outer loop
      vertex 158.066 168.757 24
      vertex 158.112 169.112 26.6
      vertex 158.112 169.112 24
    endloop
  endfacet
  facet normal -0.991709 0.128503 0
    outer loop
      vertex 158.112 169.112 26.6
      vertex 158.066 168.757 24
      vertex 158.066 168.757 26.6
    endloop
  endfacet
  facet normal 0.461705 0.887033 -0
    outer loop
      vertex 184.2 171.951 24
      vertex 183.883 172.116 26.6
      vertex 184.2 171.951 26.6
    endloop
  endfacet
  facet normal 0.461705 0.887033 0
    outer loop
      vertex 183.883 172.116 26.6
      vertex 184.2 171.951 24
      vertex 183.883 172.116 24
    endloop
  endfacet
  facet normal -0.0436558 -0.999047 0
    outer loop
      vertex 161.793 83.5156 24
      vertex 162.15 83.5 26.6
      vertex 161.793 83.5156 26.6
    endloop
  endfacet
  facet normal -0.0436558 -0.999047 -0
    outer loop
      vertex 162.15 83.5 26.6
      vertex 161.793 83.5156 24
      vertex 162.15 83.5 24
    endloop
  endfacet
  facet normal -0.998997 0.044773 0
    outer loop
      vertex 158.05 168.4 24
      vertex 158.066 168.757 26.6
      vertex 158.066 168.757 24
    endloop
  endfacet
  facet normal -0.998997 0.044773 0
    outer loop
      vertex 158.066 168.757 26.6
      vertex 158.05 168.4 24
      vertex 158.05 168.4 26.6
    endloop
  endfacet
  facet normal 0.216516 -0.976279 0
    outer loop
      vertex 182.862 83.5623 24
      vertex 183.211 83.6397 26.6
      vertex 182.862 83.5623 26.6
    endloop
  endfacet
  facet normal 0.216516 -0.976279 0
    outer loop
      vertex 183.211 83.6397 26.6
      vertex 182.862 83.5623 24
      vertex 183.211 83.6397 24
    endloop
  endfacet
  facet normal 0.923737 -0.383027 0
    outer loop
      vertex 185.866 85.8673 26.6
      vertex 186.003 86.1977 24
      vertex 186.003 86.1977 26.6
    endloop
  endfacet
  facet normal 0.923737 -0.383027 0
    outer loop
      vertex 186.003 86.1977 24
      vertex 185.866 85.8673 26.6
      vertex 185.866 85.8673 24
    endloop
  endfacet
  facet normal -0.044773 0.998997 0
    outer loop
      vertex 162.15 172.5 24
      vertex 161.793 172.484 26.6
      vertex 162.15 172.5 26.6
    endloop
  endfacet
  facet normal -0.044773 0.998997 0
    outer loop
      vertex 161.793 172.484 26.6
      vertex 162.15 172.5 24
      vertex 161.793 172.484 24
    endloop
  endfacet
  facet normal -0.97595 -0.217996 0
    outer loop
      vertex 158.19 86.5388 24
      vertex 158.112 86.888 26.6
      vertex 158.112 86.888 24
    endloop
  endfacet
  facet normal -0.97595 -0.217996 0
    outer loop
      vertex 158.112 86.888 26.6
      vertex 158.19 86.5388 24
      vertex 158.19 86.5388 26.6
    endloop
  endfacet
  facet normal 0.991709 0.128503 0
    outer loop
      vertex 186.234 168.757 26.6
      vertex 186.188 169.112 24
      vertex 186.188 169.112 26.6
    endloop
  endfacet
  facet normal 0.991709 0.128503 0
    outer loop
      vertex 186.188 169.112 24
      vertex 186.234 168.757 26.6
      vertex 186.234 168.757 24
    endloop
  endfacet
  facet normal 0.610252 0.792208 -0
    outer loop
      vertex 184.785 171.541 24
      vertex 184.502 171.759 26.6
      vertex 184.785 171.541 26.6
    endloop
  endfacet
  facet normal 0.610252 0.792208 0
    outer loop
      vertex 184.502 171.759 26.6
      vertex 184.785 171.541 24
      vertex 184.502 171.759 24
    endloop
  endfacet
  facet normal 0.923983 0.382434 0
    outer loop
      vertex 186.003 169.802 26.6
      vertex 185.866 170.133 24
      vertex 185.866 170.133 26.6
    endloop
  endfacet
  facet normal 0.923983 0.382434 0
    outer loop
      vertex 185.866 170.133 24
      vertex 186.003 169.802 26.6
      vertex 186.003 169.802 24
    endloop
  endfacet
  facet normal 0.792936 -0.609305 0
    outer loop
      vertex 185.291 84.9646 26.6
      vertex 185.509 85.2483 24
      vertex 185.509 85.2483 26.6
    endloop
  endfacet
  facet normal 0.792936 -0.609305 0
    outer loop
      vertex 185.509 85.2483 24
      vertex 185.291 84.9646 26.6
      vertex 185.291 84.9646 24
    endloop
  endfacet
  facet normal 0.462145 -0.886804 0
    outer loop
      vertex 183.883 83.8841 24
      vertex 184.2 84.0493 26.6
      vertex 183.883 83.8841 26.6
    endloop
  endfacet
  facet normal 0.462145 -0.886804 0
    outer loop
      vertex 184.2 84.0493 26.6
      vertex 183.883 83.8841 24
      vertex 184.2 84.0493 24
    endloop
  endfacet
  facet normal 0.737154 0.675725 0
    outer loop
      vertex 185.291 171.035 26.6
      vertex 185.049 171.299 24
      vertex 185.049 171.299 26.6
    endloop
  endfacet
  facet normal 0.737154 0.675725 0
    outer loop
      vertex 185.049 171.299 24
      vertex 185.291 171.035 26.6
      vertex 185.291 171.035 24
    endloop
  endfacet
  facet normal 0.675725 0.737154 -0
    outer loop
      vertex 185.049 171.299 24
      vertex 184.785 171.541 26.6
      vertex 185.049 171.299 26.6
    endloop
  endfacet
  facet normal 0.675725 0.737154 0
    outer loop
      vertex 184.785 171.541 26.6
      vertex 185.049 171.299 24
      vertex 184.785 171.541 24
    endloop
  endfacet
  facet normal 0.954156 -0.29931 0
    outer loop
      vertex 186.003 86.1977 26.6
      vertex 186.11 86.5388 24
      vertex 186.11 86.5388 26.6
    endloop
  endfacet
  facet normal 0.954156 -0.29931 0
    outer loop
      vertex 186.11 86.5388 24
      vertex 186.003 86.1977 26.6
      vertex 186.003 86.1977 24
    endloop
  endfacet
  facet normal 0.991695 -0.12861 0
    outer loop
      vertex 186.188 86.888 26.6
      vertex 186.234 87.2427 24
      vertex 186.234 87.2427 26.6
    endloop
  endfacet
  facet normal 0.991695 -0.12861 0
    outer loop
      vertex 186.234 87.2427 24
      vertex 186.188 86.888 26.6
      vertex 186.188 86.888 24
    endloop
  endfacet
  facet normal 0.954131 0.29939 0
    outer loop
      vertex 186.11 169.461 26.6
      vertex 186.003 169.802 24
      vertex 186.003 169.802 26.6
    endloop
  endfacet
  facet normal 0.954131 0.29939 0
    outer loop
      vertex 186.003 169.802 24
      vertex 186.11 169.461 26.6
      vertex 186.11 169.461 24
    endloop
  endfacet
  facet normal -0.381957 -0.92418 0
    outer loop
      vertex 160.417 83.8841 24
      vertex 160.748 83.7473 26.6
      vertex 160.417 83.8841 26.6
    endloop
  endfacet
  facet normal -0.381957 -0.92418 -0
    outer loop
      vertex 160.748 83.7473 26.6
      vertex 160.417 83.8841 24
      vertex 160.748 83.7473 24
    endloop
  endfacet
  facet normal 0.887212 -0.461362 0
    outer loop
      vertex 185.701 85.55 26.6
      vertex 185.866 85.8673 24
      vertex 185.866 85.8673 26.6
    endloop
  endfacet
  facet normal 0.887212 -0.461362 0
    outer loop
      vertex 185.866 85.8673 24
      vertex 185.701 85.55 26.6
      vertex 185.701 85.55 24
    endloop
  endfacet
  facet normal -0.923983 0.382434 0
    outer loop
      vertex 158.297 169.802 24
      vertex 158.434 170.133 26.6
      vertex 158.434 170.133 24
    endloop
  endfacet
  facet normal -0.923983 0.382434 0
    outer loop
      vertex 158.434 170.133 26.6
      vertex 158.297 169.802 24
      vertex 158.297 169.802 26.6
    endloop
  endfacet
  facet normal 0.998999 -0.0447355 0
    outer loop
      vertex 186.234 87.2427 26.6
      vertex 186.25 87.6 24
      vertex 186.25 87.6 26.6
    endloop
  endfacet
  facet normal 0.998999 -0.0447355 0
    outer loop
      vertex 186.25 87.6 24
      vertex 186.234 87.2427 26.6
      vertex 186.234 87.2427 24
    endloop
  endfacet
  facet normal -0.536912 -0.843638 0
    outer loop
      vertex 159.798 84.2415 24
      vertex 160.1 84.0493 26.6
      vertex 159.798 84.2415 26.6
    endloop
  endfacet
  facet normal -0.536912 -0.843638 -0
    outer loop
      vertex 160.1 84.0493 26.6
      vertex 159.798 84.2415 24
      vertex 160.1 84.0493 24
    endloop
  endfacet
  facet normal 0.536514 0.843892 -0
    outer loop
      vertex 184.502 171.759 24
      vertex 184.2 171.951 26.6
      vertex 184.502 171.759 26.6
    endloop
  endfacet
  facet normal 0.536514 0.843892 0
    outer loop
      vertex 184.2 171.951 26.6
      vertex 184.502 171.759 24
      vertex 184.2 171.951 24
    endloop
  endfacet
  facet normal -0.843892 0.536514 0
    outer loop
      vertex 158.599 170.45 24
      vertex 158.791 170.752 26.6
      vertex 158.791 170.752 24
    endloop
  endfacet
  facet normal -0.843892 0.536514 0
    outer loop
      vertex 158.791 170.752 26.6
      vertex 158.599 170.45 24
      vertex 158.599 170.45 26.6
    endloop
  endfacet
  facet normal -0.128503 0.991709 0
    outer loop
      vertex 161.793 172.484 24
      vertex 161.438 172.438 26.6
      vertex 161.793 172.484 26.6
    endloop
  endfacet
  facet normal -0.128503 0.991709 0
    outer loop
      vertex 161.438 172.438 26.6
      vertex 161.793 172.484 24
      vertex 161.438 172.438 24
    endloop
  endfacet
  facet normal 0.843892 0.536514 0
    outer loop
      vertex 185.701 170.45 26.6
      vertex 185.509 170.752 24
      vertex 185.509 170.752 26.6
    endloop
  endfacet
  facet normal 0.843892 0.536514 0
    outer loop
      vertex 185.509 170.752 24
      vertex 185.701 170.45 26.6
      vertex 185.701 170.45 24
    endloop
  endfacet
  facet normal 0.887033 0.461705 0
    outer loop
      vertex 185.866 170.133 26.6
      vertex 185.701 170.45 24
      vertex 185.701 170.45 26.6
    endloop
  endfacet
  facet normal 0.887033 0.461705 0
    outer loop
      vertex 185.701 170.45 24
      vertex 185.866 170.133 26.6
      vertex 185.866 170.133 24
    endloop
  endfacet
  facet normal -0.300917 -0.95365 0
    outer loop
      vertex 160.748 83.7473 24
      vertex 161.089 83.6397 26.6
      vertex 160.748 83.7473 26.6
    endloop
  endfacet
  facet normal -0.300917 -0.95365 -0
    outer loop
      vertex 161.089 83.6397 26.6
      vertex 160.748 83.7473 24
      vertex 161.089 83.6397 24
    endloop
  endfacet
  facet normal 0.675269 -0.737571 0
    outer loop
      vertex 184.785 84.4592 24
      vertex 185.049 84.7009 26.6
      vertex 184.785 84.4592 26.6
    endloop
  endfacet
  facet normal 0.675269 -0.737571 0
    outer loop
      vertex 185.049 84.7009 26.6
      vertex 184.785 84.4592 24
      vertex 185.049 84.7009 24
    endloop
  endfacet
  facet normal 0.218115 0.975923 -0
    outer loop
      vertex 183.211 172.36 24
      vertex 182.862 172.438 26.6
      vertex 183.211 172.36 26.6
    endloop
  endfacet
  facet normal 0.218115 0.975923 0
    outer loop
      vertex 182.862 172.438 26.6
      vertex 183.211 172.36 24
      vertex 182.862 172.438 24
    endloop
  endfacet
  facet normal -0.610252 0.792208 0
    outer loop
      vertex 159.798 171.759 24
      vertex 159.515 171.541 26.6
      vertex 159.798 171.759 26.6
    endloop
  endfacet
  facet normal -0.610252 0.792208 0
    outer loop
      vertex 159.515 171.541 26.6
      vertex 159.798 171.759 24
      vertex 159.515 171.541 24
    endloop
  endfacet
  facet normal -0.737154 0.675725 0
    outer loop
      vertex 159.009 171.035 24
      vertex 159.251 171.299 26.6
      vertex 159.251 171.299 24
    endloop
  endfacet
  facet normal -0.737154 0.675725 0
    outer loop
      vertex 159.251 171.299 26.6
      vertex 159.009 171.035 24
      vertex 159.009 171.035 26.6
    endloop
  endfacet
  facet normal -0.792936 -0.609305 0
    outer loop
      vertex 159.009 84.9646 24
      vertex 158.791 85.2483 26.6
      vertex 158.791 85.2483 24
    endloop
  endfacet
  facet normal -0.792936 -0.609305 0
    outer loop
      vertex 158.791 85.2483 26.6
      vertex 159.009 84.9646 24
      vertex 159.009 84.9646 26.6
    endloop
  endfacet
  facet normal -0.887033 0.461705 0
    outer loop
      vertex 158.434 170.133 24
      vertex 158.599 170.45 26.6
      vertex 158.599 170.45 24
    endloop
  endfacet
  facet normal -0.887033 0.461705 0
    outer loop
      vertex 158.599 170.45 26.6
      vertex 158.434 170.133 24
      vertex 158.434 170.133 26.6
    endloop
  endfacet
  facet normal 0.84365 -0.536894 0
    outer loop
      vertex 185.509 85.2483 26.6
      vertex 185.701 85.55 24
      vertex 185.701 85.55 26.6
    endloop
  endfacet
  facet normal 0.84365 -0.536894 0
    outer loop
      vertex 185.701 85.55 24
      vertex 185.509 85.2483 26.6
      vertex 185.509 85.2483 24
    endloop
  endfacet
  facet normal -0.462145 -0.886804 0
    outer loop
      vertex 160.1 84.0493 24
      vertex 160.417 83.8841 26.6
      vertex 160.1 84.0493 26.6
    endloop
  endfacet
  facet normal -0.462145 -0.886804 -0
    outer loop
      vertex 160.417 83.8841 26.6
      vertex 160.1 84.0493 24
      vertex 160.417 83.8841 24
    endloop
  endfacet
  facet normal 0.792208 0.610252 0
    outer loop
      vertex 185.509 170.752 26.6
      vertex 185.291 171.035 24
      vertex 185.291 171.035 26.6
    endloop
  endfacet
  facet normal 0.792208 0.610252 0
    outer loop
      vertex 185.291 171.035 24
      vertex 185.509 170.752 26.6
      vertex 185.509 170.752 24
    endloop
  endfacet
  facet normal 0.130426 -0.991458 0
    outer loop
      vertex 182.507 83.5156 24
      vertex 182.862 83.5623 26.6
      vertex 182.507 83.5156 26.6
    endloop
  endfacet
  facet normal 0.130426 -0.991458 0
    outer loop
      vertex 182.862 83.5623 26.6
      vertex 182.507 83.5156 24
      vertex 182.862 83.5623 24
    endloop
  endfacet
  facet normal -0.736771 -0.676142 0
    outer loop
      vertex 159.251 84.7009 24
      vertex 159.009 84.9646 26.6
      vertex 159.009 84.9646 24
    endloop
  endfacet
  facet normal -0.736771 -0.676142 0
    outer loop
      vertex 159.009 84.9646 26.6
      vertex 159.251 84.7009 24
      vertex 159.251 84.7009 26.6
    endloop
  endfacet
  facet normal 0.044773 0.998997 -0
    outer loop
      vertex 182.507 172.484 24
      vertex 182.15 172.5 26.6
      vertex 182.507 172.484 26.6
    endloop
  endfacet
  facet normal 0.044773 0.998997 0
    outer loop
      vertex 182.15 172.5 26.6
      vertex 182.507 172.484 24
      vertex 182.15 172.5 24
    endloop
  endfacet
  facet normal 0.300917 -0.95365 0
    outer loop
      vertex 183.211 83.6397 24
      vertex 183.552 83.7473 26.6
      vertex 183.211 83.6397 26.6
    endloop
  endfacet
  facet normal 0.300917 -0.95365 0
    outer loop
      vertex 183.552 83.7473 26.6
      vertex 183.211 83.6397 24
      vertex 183.552 83.7473 24
    endloop
  endfacet
  facet normal 0 0 1
    outer loop
      vertex 174.85 174.3 26.6
      vertex 175.65 174.3 26.6
      vertex 175.637 174.605 26.6
    endloop
  endfacet
  facet normal 0 0 1
    outer loop
      vertex 174.85 174.3 26.6
      vertex 175.637 174.605 26.6
      vertex 175.597 174.908 26.6
    endloop
  endfacet
  facet normal 0 0 1
    outer loop
      vertex 175.65 174.3 26.6
      vertex 174.85 174.3 26.6
      vertex 175.637 173.995 26.6
    endloop
  endfacet
  facet normal 0 0 1
    outer loop
      vertex 174.85 174.3 26.6
      vertex 175.597 174.908 26.6
      vertex 175.531 175.206 26.6
    endloop
  endfacet
  facet normal -0 0 1
    outer loop
      vertex 174.84 174.065 26.6
      vertex 175.637 173.995 26.6
      vertex 174.85 174.3 26.6
    endloop
  endfacet
  facet normal 0 0 1
    outer loop
      vertex 174.85 174.3 26.6
      vertex 175.531 175.206 26.6
      vertex 175.439 175.497 26.6
    endloop
  endfacet
  facet normal 0 0 1
    outer loop
      vertex 175.637 173.995 26.6
      vertex 174.84 174.065 26.6
      vertex 175.597 173.692 26.6
    endloop
  endfacet
  facet normal 0 0 1
    outer loop
      vertex 174.85 174.3 26.6
      vertex 175.439 175.497 26.6
      vertex 175.322 175.779 26.6
    endloop
  endfacet
  facet normal -0 0 1
    outer loop
      vertex 174.809 173.831 26.6
      vertex 175.597 173.692 26.6
      vertex 174.84 174.065 26.6
    endloop
  endfacet
  facet normal 0 0 1
    outer loop
      vertex 174.85 174.3 26.6
      vertex 175.322 175.779 26.6
      vertex 175.181 176.05 26.6
    endloop
  endfacet
  facet normal 0 0 1
    outer loop
      vertex 175.597 173.692 26.6
      vertex 174.809 173.831 26.6
      vertex 175.531 173.394 26.6
    endloop
  endfacet
  facet normal -0 0 1
    outer loop
      vertex 174.758 173.601 26.6
      vertex 175.531 173.394 26.6
      vertex 174.809 173.831 26.6
    endloop
  endfacet
  facet normal 0 0 1
    outer loop
      vertex 175.531 173.394 26.6
      vertex 174.758 173.601 26.6
      vertex 175.439 173.103 26.6
    endloop
  endfacet
  facet normal 0 0 1
    outer loop
      vertex 174.85 174.3 26.6
      vertex 175.181 176.05 26.6
      vertex 175.017 176.308 26.6
    endloop
  endfacet
  facet normal 0 0 1
    outer loop
      vertex 182.15 172.5 26.6
      vertex 186.25 168.4 26.6
      vertex 186.234 168.757 26.6
    endloop
  endfacet
  facet normal 0 0 1
    outer loop
      vertex 186.25 168.4 26.6
      vertex 175.152 172.5 26.6
      vertex 186.25 87.6 26.6
    endloop
  endfacet
  facet normal 0 0 1
    outer loop
      vertex 182.15 172.5 26.6
      vertex 186.234 168.757 26.6
      vertex 186.188 169.112 26.6
    endloop
  endfacet
  facet normal 0 0 1
    outer loop
      vertex 175.152 83.5 26.6
      vertex 186.25 87.6 26.6
      vertex 175.152 172.5 26.6
    endloop
  endfacet
  facet normal 0 0 1
    outer loop
      vertex 182.15 172.5 26.6
      vertex 186.188 169.112 26.6
      vertex 186.11 169.461 26.6
    endloop
  endfacet
  facet normal 0 -0 1
    outer loop
      vertex 182.15 83.5 26.6
      vertex 186.25 87.6 26.6
      vertex 175.152 83.5 26.6
    endloop
  endfacet
  facet normal 0 0 1
    outer loop
      vertex 182.15 172.5 26.6
      vertex 186.11 169.461 26.6
      vertex 186.003 169.802 26.6
    endloop
  endfacet
  facet normal 0 0 1
    outer loop
      vertex 186.25 87.6 26.6
      vertex 182.15 83.5 26.6
      vertex 186.234 87.2427 26.6
    endloop
  endfacet
  facet normal 0 0 1
    outer loop
      vertex 182.15 172.5 26.6
      vertex 186.003 169.802 26.6
      vertex 185.866 170.133 26.6
    endloop
  endfacet
  facet normal 0 0 1
    outer loop
      vertex 186.234 87.2427 26.6
      vertex 182.15 83.5 26.6
      vertex 186.188 86.888 26.6
    endloop
  endfacet
  facet normal 0 0 1
    outer loop
      vertex 182.15 172.5 26.6
      vertex 185.866 170.133 26.6
      vertex 185.701 170.45 26.6
    endloop
  endfacet
  facet normal 0 0 1
    outer loop
      vertex 186.188 86.888 26.6
      vertex 182.15 83.5 26.6
      vertex 186.11 86.5388 26.6
    endloop
  endfacet
  facet normal 0 0 1
    outer loop
      vertex 182.15 172.5 26.6
      vertex 185.701 170.45 26.6
      vertex 185.509 170.752 26.6
    endloop
  endfacet
  facet normal 0 0 1
    outer loop
      vertex 186.11 86.5388 26.6
      vertex 182.15 83.5 26.6
      vertex 186.003 86.1977 26.6
    endloop
  endfacet
  facet normal 0 0 1
    outer loop
      vertex 182.15 172.5 26.6
      vertex 185.509 170.752 26.6
      vertex 185.291 171.035 26.6
    endloop
  endfacet
  facet normal 0 0 1
    outer loop
      vertex 186.003 86.1977 26.6
      vertex 182.15 83.5 26.6
      vertex 185.866 85.8673 26.6
    endloop
  endfacet
  facet normal 0 0 1
    outer loop
      vertex 182.15 172.5 26.6
      vertex 185.291 171.035 26.6
      vertex 185.049 171.299 26.6
    endloop
  endfacet
  facet normal 0 0 1
    outer loop
      vertex 185.866 85.8673 26.6
      vertex 182.15 83.5 26.6
      vertex 185.701 85.55 26.6
    endloop
  endfacet
  facet normal 0 0 1
    outer loop
      vertex 182.15 172.5 26.6
      vertex 185.049 171.299 26.6
      vertex 184.785 171.541 26.6
    endloop
  endfacet
  facet normal 0 0 1
    outer loop
      vertex 185.701 85.55 26.6
      vertex 182.15 83.5 26.6
      vertex 185.509 85.2483 26.6
    endloop
  endfacet
  facet normal 0 0 1
    outer loop
      vertex 182.15 172.5 26.6
      vertex 184.785 171.541 26.6
      vertex 184.502 171.759 26.6
    endloop
  endfacet
  facet normal 0 0 1
    outer loop
      vertex 185.509 85.2483 26.6
      vertex 182.15 83.5 26.6
      vertex 185.291 84.9646 26.6
    endloop
  endfacet
  facet normal 0 0 1
    outer loop
      vertex 182.15 172.5 26.6
      vertex 184.502 171.759 26.6
      vertex 184.2 171.951 26.6
    endloop
  endfacet
  facet normal 0 0 1
    outer loop
      vertex 185.291 84.9646 26.6
      vertex 182.15 83.5 26.6
      vertex 185.049 84.7009 26.6
    endloop
  endfacet
  facet normal 0 0 1
    outer loop
      vertex 182.15 172.5 26.6
      vertex 184.2 171.951 26.6
      vertex 183.883 172.116 26.6
    endloop
  endfacet
  facet normal 0 0 1
    outer loop
      vertex 185.049 84.7009 26.6
      vertex 182.15 83.5 26.6
      vertex 184.785 84.4592 26.6
    endloop
  endfacet
  facet normal 0 0 1
    outer loop
      vertex 182.15 172.5 26.6
      vertex 183.883 172.116 26.6
      vertex 183.552 172.253 26.6
    endloop
  endfacet
  facet normal 0 0 1
    outer loop
      vertex 184.785 84.4592 26.6
      vertex 182.15 83.5 26.6
      vertex 184.502 84.2415 26.6
    endloop
  endfacet
  facet normal 0 0 1
    outer loop
      vertex 182.15 172.5 26.6
      vertex 183.552 172.253 26.6
      vertex 183.211 172.36 26.6
    endloop
  endfacet
  facet normal 0 0 1
    outer loop
      vertex 184.502 84.2415 26.6
      vertex 182.15 83.5 26.6
      vertex 184.2 84.0493 26.6
    endloop
  endfacet
  facet normal 0 0 1
    outer loop
      vertex 182.15 172.5 26.6
      vertex 183.211 172.36 26.6
      vertex 182.862 172.438 26.6
    endloop
  endfacet
  facet normal 0 0 1
    outer loop
      vertex 186.25 168.4 26.6
      vertex 182.15 172.5 26.6
      vertex 175.152 172.5 26.6
    endloop
  endfacet
  facet normal 0 0 1
    outer loop
      vertex 182.15 172.5 26.6
      vertex 182.862 172.438 26.6
      vertex 182.507 172.484 26.6
    endloop
  endfacet
  facet normal 0 0 1
    outer loop
      vertex 184.2 84.0493 26.6
      vertex 182.15 83.5 26.6
      vertex 183.883 83.8841 26.6
    endloop
  endfacet
  facet normal 0 0 1
    outer loop
      vertex 183.211 83.6397 26.6
      vertex 182.15 83.5 26.6
      vertex 182.862 83.5623 26.6
    endloop
  endfacet
  facet normal 0 0 1
    outer loop
      vertex 182.862 83.5623 26.6
      vertex 182.15 83.5 26.6
      vertex 182.507 83.5156 26.6
    endloop
  endfacet
  facet normal 0 0 1
    outer loop
      vertex 183.883 83.8841 26.6
      vertex 182.15 83.5 26.6
      vertex 183.552 83.7473 26.6
    endloop
  endfacet
  facet normal 0 0 1
    outer loop
      vertex 183.552 83.7473 26.6
      vertex 182.15 83.5 26.6
      vertex 183.211 83.6397 26.6
    endloop
  endfacet
  facet normal 0 0 1
    outer loop
      vertex 174.85 81.7 26.6
      vertex 175.65 81.7 26.6
      vertex 175.637 82.005 26.6
    endloop
  endfacet
  facet normal 0 0 1
    outer loop
      vertex 174.84 81.9353 26.6
      vertex 175.637 82.005 26.6
      vertex 175.597 82.3078 26.6
    endloop
  endfacet
  facet normal 0 0 1
    outer loop
      vertex 175.65 81.7 26.6
      vertex 174.85 81.7 26.6
      vertex 175.637 81.395 26.6
    endloop
  endfacet
  facet normal 0 0 1
    outer loop
      vertex 174.809 82.1689 26.6
      vertex 175.597 82.3078 26.6
      vertex 175.531 82.6059 26.6
    endloop
  endfacet
  facet normal -0 0 1
    outer loop
      vertex 174.84 81.4647 26.6
      vertex 175.637 81.395 26.6
      vertex 174.85 81.7 26.6
    endloop
  endfacet
  facet normal 0 0 1
    outer loop
      vertex 174.758 82.3988 26.6
      vertex 175.531 82.6059 26.6
      vertex 175.439 82.8971 26.6
    endloop
  endfacet
  facet normal 0 0 1
    outer loop
      vertex 175.637 81.395 26.6
      vertex 174.84 81.4647 26.6
      vertex 175.597 81.0922 26.6
    endloop
  endfacet
  facet normal 0 0 1
    outer loop
      vertex 174.687 82.6235 26.6
      vertex 175.439 82.8971 26.6
      vertex 175.322 83.1792 26.6
    endloop
  endfacet
  facet normal -0 0 1
    outer loop
      vertex 174.809 81.2311 26.6
      vertex 175.597 81.0922 26.6
      vertex 174.84 81.4647 26.6
    endloop
  endfacet
  facet normal 0 0 1
    outer loop
      vertex 174.597 82.8411 26.6
      vertex 175.322 83.1792 26.6
      vertex 175.181 83.45 26.6
    endloop
  endfacet
  facet normal 0 0 1
    outer loop
      vertex 175.597 81.0922 26.6
      vertex 174.809 81.2311 26.6
      vertex 175.531 80.7941 26.6
    endloop
  endfacet
  facet normal 0 0 1
    outer loop
      vertex 174.488 83.05 26.6
      vertex 175.181 83.45 26.6
      vertex 175.152 83.5 26.6
    endloop
  endfacet
  facet normal -0 0 1
    outer loop
      vertex 174.758 81.0012 26.6
      vertex 175.531 80.7941 26.6
      vertex 174.809 81.2311 26.6
    endloop
  endfacet
  facet normal 0 0 1
    outer loop
      vertex 175.439 173.103 26.6
      vertex 174.687 173.377 26.6
      vertex 175.322 172.821 26.6
    endloop
  endfacet
  facet normal -0 0 1
    outer loop
      vertex 174.687 173.377 26.6
      vertex 175.439 173.103 26.6
      vertex 174.758 173.601 26.6
    endloop
  endfacet
  facet normal 0 0 1
    outer loop
      vertex 175.017 176.308 26.6
      vertex 174.84 174.535 26.6
      vertex 174.85 174.3 26.6
    endloop
  endfacet
  facet normal 0 0 1
    outer loop
      vertex 174.362 175.849 26.6
      vertex 175.017 176.308 26.6
      vertex 174.831 176.55 26.6
    endloop
  endfacet
  facet normal 0 0 1
    outer loop
      vertex 175.017 176.308 26.6
      vertex 174.809 174.769 26.6
      vertex 174.84 174.535 26.6
    endloop
  endfacet
  facet normal 0 0 1
    outer loop
      vertex 175.017 176.308 26.6
      vertex 174.758 174.999 26.6
      vertex 174.809 174.769 26.6
    endloop
  endfacet
  facet normal 0 0 1
    outer loop
      vertex 175.017 176.308 26.6
      vertex 174.687 175.223 26.6
      vertex 174.758 174.999 26.6
    endloop
  endfacet
  facet normal 0 0 1
    outer loop
      vertex 174.218 176.036 26.6
      vertex 174.831 176.55 26.6
      vertex 174.625 176.775 26.6
    endloop
  endfacet
  facet normal 0 0 1
    outer loop
      vertex 175.017 176.308 26.6
      vertex 174.597 175.441 26.6
      vertex 174.687 175.223 26.6
    endloop
  endfacet
  facet normal 0 0 1
    outer loop
      vertex 175.017 176.308 26.6
      vertex 174.488 175.65 26.6
      vertex 174.597 175.441 26.6
    endloop
  endfacet
  facet normal 0 0 1
    outer loop
      vertex 174.059 176.209 26.6
      vertex 174.625 176.775 26.6
      vertex 174.4 176.981 26.6
    endloop
  endfacet
  facet normal 0 0 1
    outer loop
      vertex 175.017 176.308 26.6
      vertex 174.362 175.849 26.6
      vertex 174.488 175.65 26.6
    endloop
  endfacet
  facet normal 0 0 1
    outer loop
      vertex 174.831 176.55 26.6
      vertex 174.218 176.036 26.6
      vertex 174.362 175.849 26.6
    endloop
  endfacet
  facet normal 0 0 1
    outer loop
      vertex 173.886 176.368 26.6
      vertex 174.4 176.981 26.6
      vertex 174.158 177.167 26.6
    endloop
  endfacet
  facet normal 0 0 1
    outer loop
      vertex 174.625 176.775 26.6
      vertex 174.059 176.209 26.6
      vertex 174.218 176.036 26.6
    endloop
  endfacet
  facet normal 0 0 1
    outer loop
      vertex 173.699 176.512 26.6
      vertex 174.158 177.167 26.6
      vertex 173.9 177.331 26.6
    endloop
  endfacet
  facet normal 0 0 1
    outer loop
      vertex 174.4 176.981 26.6
      vertex 173.886 176.368 26.6
      vertex 174.059 176.209 26.6
    endloop
  endfacet
  facet normal 0 0 1
    outer loop
      vertex 174.158 177.167 26.6
      vertex 173.699 176.512 26.6
      vertex 173.886 176.368 26.6
    endloop
  endfacet
  facet normal 0 0 1
    outer loop
      vertex 173.5 176.638 26.6
      vertex 173.9 177.331 26.6
      vertex 173.629 177.472 26.6
    endloop
  endfacet
  facet normal 0 0 1
    outer loop
      vertex 173.9 177.331 26.6
      vertex 173.5 176.638 26.6
      vertex 173.699 176.512 26.6
    endloop
  endfacet
  facet normal 0 0 1
    outer loop
      vertex 173.291 176.747 26.6
      vertex 173.629 177.472 26.6
      vertex 173.347 177.589 26.6
    endloop
  endfacet
  facet normal 0 0 1
    outer loop
      vertex 173.629 177.472 26.6
      vertex 173.291 176.747 26.6
      vertex 173.5 176.638 26.6
    endloop
  endfacet
  facet normal 0 0 1
    outer loop
      vertex 173.347 177.589 26.6
      vertex 173.073 176.837 26.6
      vertex 173.291 176.747 26.6
    endloop
  endfacet
  facet normal 0 0 1
    outer loop
      vertex 173.056 177.681 26.6
      vertex 173.073 176.837 26.6
      vertex 173.347 177.589 26.6
    endloop
  endfacet
  facet normal 0 0 1
    outer loop
      vertex 173.056 177.681 26.6
      vertex 172.849 176.908 26.6
      vertex 173.073 176.837 26.6
    endloop
  endfacet
  facet normal 0 0 1
    outer loop
      vertex 172.758 177.747 26.6
      vertex 172.849 176.908 26.6
      vertex 173.056 177.681 26.6
    endloop
  endfacet
  facet normal 0 0 1
    outer loop
      vertex 172.758 177.747 26.6
      vertex 172.619 176.959 26.6
      vertex 172.849 176.908 26.6
    endloop
  endfacet
  facet normal 0 0 1
    outer loop
      vertex 172.455 177.787 26.6
      vertex 172.619 176.959 26.6
      vertex 172.758 177.747 26.6
    endloop
  endfacet
  facet normal 0 0 1
    outer loop
      vertex 172.455 177.787 26.6
      vertex 172.385 176.99 26.6
      vertex 172.619 176.959 26.6
    endloop
  endfacet
  facet normal 0 0 1
    outer loop
      vertex 172.15 177.8 26.6
      vertex 172.385 176.99 26.6
      vertex 172.455 177.787 26.6
    endloop
  endfacet
  facet normal 0 0 1
    outer loop
      vertex 172.15 177.8 26.6
      vertex 172.15 177 26.6
      vertex 172.385 176.99 26.6
    endloop
  endfacet
  facet normal 0 0 1
    outer loop
      vertex 172.15 177.8 26.6
      vertex 171.915 176.99 26.6
      vertex 172.15 177 26.6
    endloop
  endfacet
  facet normal -0 0 1
    outer loop
      vertex 171.845 177.787 26.6
      vertex 171.915 176.99 26.6
      vertex 172.15 177.8 26.6
    endloop
  endfacet
  facet normal 0 0 1
    outer loop
      vertex 171.845 177.787 26.6
      vertex 171.681 176.959 26.6
      vertex 171.915 176.99 26.6
    endloop
  endfacet
  facet normal -0 0 1
    outer loop
      vertex 171.542 177.747 26.6
      vertex 171.681 176.959 26.6
      vertex 171.845 177.787 26.6
    endloop
  endfacet
  facet normal 0 0 1
    outer loop
      vertex 171.542 177.747 26.6
      vertex 171.451 176.908 26.6
      vertex 171.681 176.959 26.6
    endloop
  endfacet
  facet normal -0 0 1
    outer loop
      vertex 171.244 177.681 26.6
      vertex 171.451 176.908 26.6
      vertex 171.542 177.747 26.6
    endloop
  endfacet
  facet normal 0 0 1
    outer loop
      vertex 171.244 177.681 26.6
      vertex 171.227 176.837 26.6
      vertex 171.451 176.908 26.6
    endloop
  endfacet
  facet normal -0 0 1
    outer loop
      vertex 170.953 177.589 26.6
      vertex 171.227 176.837 26.6
      vertex 171.244 177.681 26.6
    endloop
  endfacet
  facet normal 0 0 1
    outer loop
      vertex 171.227 176.837 26.6
      vertex 170.953 177.589 26.6
      vertex 171.009 176.747 26.6
    endloop
  endfacet
  facet normal -0 0 1
    outer loop
      vertex 170.671 177.472 26.6
      vertex 171.009 176.747 26.6
      vertex 170.953 177.589 26.6
    endloop
  endfacet
  facet normal 0 0 1
    outer loop
      vertex 171.009 176.747 26.6
      vertex 170.671 177.472 26.6
      vertex 170.8 176.638 26.6
    endloop
  endfacet
  facet normal -0 0 1
    outer loop
      vertex 170.4 177.331 26.6
      vertex 170.8 176.638 26.6
      vertex 170.671 177.472 26.6
    endloop
  endfacet
  facet normal 0 0 1
    outer loop
      vertex 170.8 176.638 26.6
      vertex 170.4 177.331 26.6
      vertex 170.601 176.512 26.6
    endloop
  endfacet
  facet normal -0 0 1
    outer loop
      vertex 170.142 177.167 26.6
      vertex 170.601 176.512 26.6
      vertex 170.4 177.331 26.6
    endloop
  endfacet
  facet normal 0 0 1
    outer loop
      vertex 170.601 176.512 26.6
      vertex 170.142 177.167 26.6
      vertex 170.414 176.368 26.6
    endloop
  endfacet
  facet normal -0 0 1
    outer loop
      vertex 169.9 176.981 26.6
      vertex 170.414 176.368 26.6
      vertex 170.142 177.167 26.6
    endloop
  endfacet
  facet normal 0 0 1
    outer loop
      vertex 170.414 176.368 26.6
      vertex 169.9 176.981 26.6
      vertex 170.241 176.209 26.6
    endloop
  endfacet
  facet normal -0 0 1
    outer loop
      vertex 169.675 176.775 26.6
      vertex 170.241 176.209 26.6
      vertex 169.9 176.981 26.6
    endloop
  endfacet
  facet normal 0 0 1
    outer loop
      vertex 170.241 176.209 26.6
      vertex 169.675 176.775 26.6
      vertex 170.082 176.036 26.6
    endloop
  endfacet
  facet normal -0 0 1
    outer loop
      vertex 169.469 176.55 26.6
      vertex 170.082 176.036 26.6
      vertex 169.675 176.775 26.6
    endloop
  endfacet
  facet normal 0 0 1
    outer loop
      vertex 170.082 176.036 26.6
      vertex 169.469 176.55 26.6
      vertex 169.938 175.849 26.6
    endloop
  endfacet
  facet normal -0 0 1
    outer loop
      vertex 169.283 176.308 26.6
      vertex 169.938 175.849 26.6
      vertex 169.469 176.55 26.6
    endloop
  endfacet
  facet normal 0 0 1
    outer loop
      vertex 169.938 175.849 26.6
      vertex 169.283 176.308 26.6
      vertex 169.812 175.65 26.6
    endloop
  endfacet
  facet normal 0 0 1
    outer loop
      vertex 169.812 175.65 26.6
      vertex 169.283 176.308 26.6
      vertex 169.703 175.441 26.6
    endloop
  endfacet
  facet normal 0 0 1
    outer loop
      vertex 169.703 175.441 26.6
      vertex 169.283 176.308 26.6
      vertex 169.613 175.223 26.6
    endloop
  endfacet
  facet normal 0 0 1
    outer loop
      vertex 169.613 175.223 26.6
      vertex 169.283 176.308 26.6
      vertex 169.542 174.999 26.6
    endloop
  endfacet
  facet normal 0 0 1
    outer loop
      vertex 169.542 174.999 26.6
      vertex 169.283 176.308 26.6
      vertex 169.491 174.769 26.6
    endloop
  endfacet
  facet normal 0 0 1
    outer loop
      vertex 169.491 174.769 26.6
      vertex 169.283 176.308 26.6
      vertex 169.46 174.535 26.6
    endloop
  endfacet
  facet normal 0 0 1
    outer loop
      vertex 169.703 82.8411 26.6
      vertex 168.978 83.1792 26.6
      vertex 169.613 82.6235 26.6
    endloop
  endfacet
  facet normal 0 0 1
    outer loop
      vertex 169.46 174.535 26.6
      vertex 169.283 176.308 26.6
      vertex 169.45 174.3 26.6
    endloop
  endfacet
  facet normal 0 0 1
    outer loop
      vertex 158.05 168.4 26.6
      vertex 169.148 172.5 26.6
      vertex 162.15 172.5 26.6
    endloop
  endfacet
  facet normal 0 0 1
    outer loop
      vertex 169.148 172.5 26.6
      vertex 161.85 136 26.6
      vertex 169.148 83.5 26.6
    endloop
  endfacet
  facet normal -0 0 1
    outer loop
      vertex 161.85 120 26.6
      vertex 169.148 83.5 26.6
      vertex 161.85 136 26.6
    endloop
  endfacet
  facet normal 0 0 1
    outer loop
      vertex 158.05 168.4 26.6
      vertex 162.15 172.5 26.6
      vertex 161.793 172.484 26.6
    endloop
  endfacet
  facet normal 0 0 1
    outer loop
      vertex 158.05 168.4 26.6
      vertex 161.793 172.484 26.6
      vertex 161.438 172.438 26.6
    endloop
  endfacet
  facet normal 0 0 1
    outer loop
      vertex 158.05 168.4 26.6
      vertex 161.438 172.438 26.6
      vertex 161.089 172.36 26.6
    endloop
  endfacet
  facet normal 0 0 1
    outer loop
      vertex 158.05 168.4 26.6
      vertex 161.089 172.36 26.6
      vertex 160.748 172.253 26.6
    endloop
  endfacet
  facet normal 0 0 1
    outer loop
      vertex 158.05 168.4 26.6
      vertex 160.748 172.253 26.6
      vertex 160.417 172.116 26.6
    endloop
  endfacet
  facet normal 0 0 1
    outer loop
      vertex 158.05 168.4 26.6
      vertex 160.417 172.116 26.6
      vertex 160.1 171.951 26.6
    endloop
  endfacet
  facet normal 0 0 1
    outer loop
      vertex 158.05 168.4 26.6
      vertex 160.1 171.951 26.6
      vertex 159.798 171.759 26.6
    endloop
  endfacet
  facet normal 0 0 1
    outer loop
      vertex 158.05 168.4 26.6
      vertex 159.798 171.759 26.6
      vertex 159.515 171.541 26.6
    endloop
  endfacet
  facet normal 0 0 1
    outer loop
      vertex 158.05 168.4 26.6
      vertex 159.515 171.541 26.6
      vertex 159.251 171.299 26.6
    endloop
  endfacet
  facet normal 0 0 1
    outer loop
      vertex 158.05 168.4 26.6
      vertex 159.251 171.299 26.6
      vertex 159.009 171.035 26.6
    endloop
  endfacet
  facet normal 0 0 1
    outer loop
      vertex 158.05 168.4 26.6
      vertex 159.009 171.035 26.6
      vertex 158.791 170.752 26.6
    endloop
  endfacet
  facet normal 0 0 1
    outer loop
      vertex 158.05 168.4 26.6
      vertex 158.791 170.752 26.6
      vertex 158.599 170.45 26.6
    endloop
  endfacet
  facet normal 0 0 1
    outer loop
      vertex 158.05 168.4 26.6
      vertex 158.599 170.45 26.6
      vertex 158.434 170.133 26.6
    endloop
  endfacet
  facet normal 0 0 1
    outer loop
      vertex 158.05 168.4 26.6
      vertex 158.434 170.133 26.6
      vertex 158.297 169.802 26.6
    endloop
  endfacet
  facet normal 0 0 1
    outer loop
      vertex 158.05 168.4 26.6
      vertex 158.297 169.802 26.6
      vertex 158.19 169.461 26.6
    endloop
  endfacet
  facet normal 0 0 1
    outer loop
      vertex 158.05 168.4 26.6
      vertex 158.19 169.461 26.6
      vertex 158.112 169.112 26.6
    endloop
  endfacet
  facet normal 0 0 1
    outer loop
      vertex 158.05 168.4 26.6
      vertex 158.112 169.112 26.6
      vertex 158.066 168.757 26.6
    endloop
  endfacet
  facet normal 0 0 1
    outer loop
      vertex 169.148 172.5 26.6
      vertex 158.05 168.4 26.6
      vertex 161.85 136 26.6
    endloop
  endfacet
  facet normal 0 0 1
    outer loop
      vertex 161.85 136 26.6
      vertex 158.05 168.4 26.6
      vertex 158.05 136 26.6
    endloop
  endfacet
  facet normal -0 0 1
    outer loop
      vertex 168.769 82.6059 26.6
      vertex 169.542 82.3988 26.6
      vertex 168.861 82.8971 26.6
    endloop
  endfacet
  facet normal 0 0 1
    outer loop
      vertex 169.542 82.3988 26.6
      vertex 168.769 82.6059 26.6
      vertex 169.491 82.1689 26.6
    endloop
  endfacet
  facet normal 0 0 1
    outer loop
      vertex 169.45 81.7 26.6
      vertex 169.119 79.95 26.6
      vertex 169.283 79.6925 26.6
    endloop
  endfacet
  facet normal -0 0 1
    outer loop
      vertex 168.703 82.3078 26.6
      vertex 169.491 82.1689 26.6
      vertex 168.769 82.6059 26.6
    endloop
  endfacet
  facet normal 0 0 1
    outer loop
      vertex 169.45 81.7 26.6
      vertex 168.978 80.2208 26.6
      vertex 169.119 79.95 26.6
    endloop
  endfacet
  facet normal 0 0 1
    outer loop
      vertex 169.491 82.1689 26.6
      vertex 168.703 82.3078 26.6
      vertex 169.46 81.9353 26.6
    endloop
  endfacet
  facet normal 0 0 1
    outer loop
      vertex 169.45 81.7 26.6
      vertex 168.861 80.5029 26.6
      vertex 168.978 80.2208 26.6
    endloop
  endfacet
  facet normal -0 0 1
    outer loop
      vertex 168.663 82.005 26.6
      vertex 169.46 81.9353 26.6
      vertex 168.703 82.3078 26.6
    endloop
  endfacet
  facet normal 0 0 1
    outer loop
      vertex 169.45 81.7 26.6
      vertex 168.769 80.7941 26.6
      vertex 168.861 80.5029 26.6
    endloop
  endfacet
  facet normal 0 0 1
    outer loop
      vertex 169.46 81.9353 26.6
      vertex 168.663 82.005 26.6
      vertex 169.45 81.7 26.6
    endloop
  endfacet
  facet normal 0 0 1
    outer loop
      vertex 169.45 81.7 26.6
      vertex 168.703 81.0922 26.6
      vertex 168.769 80.7941 26.6
    endloop
  endfacet
  facet normal 0 0 1
    outer loop
      vertex 168.65 81.7 26.6
      vertex 169.45 81.7 26.6
      vertex 168.663 82.005 26.6
    endloop
  endfacet
  facet normal 0 0 1
    outer loop
      vertex 169.45 81.7 26.6
      vertex 168.663 81.395 26.6
      vertex 168.703 81.0922 26.6
    endloop
  endfacet
  facet normal 0 0 1
    outer loop
      vertex 169.45 81.7 26.6
      vertex 168.65 81.7 26.6
      vertex 168.663 81.395 26.6
    endloop
  endfacet
  facet normal -0 0 1
    outer loop
      vertex 158.05 87.6 26.6
      vertex 169.148 83.5 26.6
      vertex 161.85 120 26.6
    endloop
  endfacet
  facet normal 0 0 1
    outer loop
      vertex 169.148 83.5 26.6
      vertex 158.05 87.6 26.6
      vertex 162.15 83.5 26.6
    endloop
  endfacet
  facet normal 0 0 1
    outer loop
      vertex 162.15 83.5 26.6
      vertex 158.05 87.6 26.6
      vertex 161.793 83.5156 26.6
    endloop
  endfacet
  facet normal 0 0 1
    outer loop
      vertex 161.793 83.5156 26.6
      vertex 158.05 87.6 26.6
      vertex 161.438 83.5623 26.6
    endloop
  endfacet
  facet normal 0 0 1
    outer loop
      vertex 161.438 83.5623 26.6
      vertex 158.05 87.6 26.6
      vertex 161.089 83.6397 26.6
    endloop
  endfacet
  facet normal 0 0 1
    outer loop
      vertex 161.089 83.6397 26.6
      vertex 158.05 87.6 26.6
      vertex 160.748 83.7473 26.6
    endloop
  endfacet
  facet normal 0 0 1
    outer loop
      vertex 160.748 83.7473 26.6
      vertex 158.05 87.6 26.6
      vertex 160.417 83.8841 26.6
    endloop
  endfacet
  facet normal 0 0 1
    outer loop
      vertex 160.417 83.8841 26.6
      vertex 158.05 87.6 26.6
      vertex 160.1 84.0493 26.6
    endloop
  endfacet
  facet normal 0 0 1
    outer loop
      vertex 160.1 84.0493 26.6
      vertex 158.05 87.6 26.6
      vertex 159.798 84.2415 26.6
    endloop
  endfacet
  facet normal 0 0 1
    outer loop
      vertex 159.798 84.2415 26.6
      vertex 158.05 87.6 26.6
      vertex 159.515 84.4592 26.6
    endloop
  endfacet
  facet normal 0 0 1
    outer loop
      vertex 159.515 84.4592 26.6
      vertex 158.05 87.6 26.6
      vertex 159.251 84.7009 26.6
    endloop
  endfacet
  facet normal 0 0 1
    outer loop
      vertex 159.251 84.7009 26.6
      vertex 158.05 87.6 26.6
      vertex 159.009 84.9646 26.6
    endloop
  endfacet
  facet normal 0 0 1
    outer loop
      vertex 159.009 84.9646 26.6
      vertex 158.05 87.6 26.6
      vertex 158.791 85.2483 26.6
    endloop
  endfacet
  facet normal 0 0 1
    outer loop
      vertex 158.791 85.2483 26.6
      vertex 158.05 87.6 26.6
      vertex 158.599 85.55 26.6
    endloop
  endfacet
  facet normal 0 0 1
    outer loop
      vertex 158.599 85.55 26.6
      vertex 158.05 87.6 26.6
      vertex 158.434 85.8673 26.6
    endloop
  endfacet
  facet normal 0 0 1
    outer loop
      vertex 158.434 85.8673 26.6
      vertex 158.05 87.6 26.6
      vertex 158.297 86.1977 26.6
    endloop
  endfacet
  facet normal 0 0 1
    outer loop
      vertex 158.297 86.1977 26.6
      vertex 158.05 87.6 26.6
      vertex 158.19 86.5388 26.6
    endloop
  endfacet
  facet normal 0 0 1
    outer loop
      vertex 158.19 86.5388 26.6
      vertex 158.05 87.6 26.6
      vertex 158.112 86.888 26.6
    endloop
  endfacet
  facet normal 0 0 1
    outer loop
      vertex 158.05 87.6 26.6
      vertex 161.85 120 26.6
      vertex 158.05 120 26.6
    endloop
  endfacet
  facet normal 0 0 1
    outer loop
      vertex 158.112 86.888 26.6
      vertex 158.05 87.6 26.6
      vertex 158.066 87.2427 26.6
    endloop
  endfacet
  facet normal 0 0 1
    outer loop
      vertex 175.637 82.005 26.6
      vertex 174.84 81.9353 26.6
      vertex 174.85 81.7 26.6
    endloop
  endfacet
  facet normal 0 0 1
    outer loop
      vertex 175.531 80.7941 26.6
      vertex 174.758 81.0012 26.6
      vertex 175.439 80.5029 26.6
    endloop
  endfacet
  facet normal 0 0 1
    outer loop
      vertex 175.322 172.821 26.6
      vertex 174.597 173.159 26.6
      vertex 175.181 172.55 26.6
    endloop
  endfacet
  facet normal 0 0 1
    outer loop
      vertex 175.597 82.3078 26.6
      vertex 174.809 82.1689 26.6
      vertex 174.84 81.9353 26.6
    endloop
  endfacet
  facet normal -0 0 1
    outer loop
      vertex 174.488 172.95 26.6
      vertex 175.181 172.55 26.6
      vertex 174.597 173.159 26.6
    endloop
  endfacet
  facet normal 0 0 1
    outer loop
      vertex 175.531 82.6059 26.6
      vertex 174.758 82.3988 26.6
      vertex 174.809 82.1689 26.6
    endloop
  endfacet
  facet normal 0 0 1
    outer loop
      vertex 175.181 172.55 26.6
      vertex 174.488 172.95 26.6
      vertex 175.152 172.5 26.6
    endloop
  endfacet
  facet normal 0 0 1
    outer loop
      vertex 175.439 82.8971 26.6
      vertex 174.687 82.6235 26.6
      vertex 174.758 82.3988 26.6
    endloop
  endfacet
  facet normal -0 0 1
    outer loop
      vertex 174.362 172.751 26.6
      vertex 175.152 172.5 26.6
      vertex 174.488 172.95 26.6
    endloop
  endfacet
  facet normal 0 0 1
    outer loop
      vertex 175.322 83.1792 26.6
      vertex 174.597 82.8411 26.6
      vertex 174.687 82.6235 26.6
    endloop
  endfacet
  facet normal -0 0 1
    outer loop
      vertex 174.218 172.564 26.6
      vertex 175.152 172.5 26.6
      vertex 174.362 172.751 26.6
    endloop
  endfacet
  facet normal 0 0 1
    outer loop
      vertex 175.181 83.45 26.6
      vertex 174.488 83.05 26.6
      vertex 174.597 82.8411 26.6
    endloop
  endfacet
  facet normal 0 0 1
    outer loop
      vertex 174.059 172.391 26.6
      vertex 175.152 172.5 26.6
      vertex 174.218 172.564 26.6
    endloop
  endfacet
  facet normal 0 0 1
    outer loop
      vertex 175.152 83.5 26.6
      vertex 174.362 83.2487 26.6
      vertex 174.488 83.05 26.6
    endloop
  endfacet
  facet normal 0 0 1
    outer loop
      vertex 173.886 172.232 26.6
      vertex 175.152 172.5 26.6
      vertex 174.059 172.391 26.6
    endloop
  endfacet
  facet normal 0 0 1
    outer loop
      vertex 175.152 83.5 26.6
      vertex 174.218 83.4355 26.6
      vertex 174.362 83.2487 26.6
    endloop
  endfacet
  facet normal 0 0 1
    outer loop
      vertex 173.699 172.088 26.6
      vertex 175.152 172.5 26.6
      vertex 173.886 172.232 26.6
    endloop
  endfacet
  facet normal 0 0 1
    outer loop
      vertex 175.152 83.5 26.6
      vertex 174.059 83.6092 26.6
      vertex 174.218 83.4355 26.6
    endloop
  endfacet
  facet normal 0 0 1
    outer loop
      vertex 173.5 171.962 26.6
      vertex 175.152 172.5 26.6
      vertex 173.699 172.088 26.6
    endloop
  endfacet
  facet normal 0 0 1
    outer loop
      vertex 175.152 83.5 26.6
      vertex 173.886 83.7683 26.6
      vertex 174.059 83.6092 26.6
    endloop
  endfacet
  facet normal 0 0 1
    outer loop
      vertex 173.291 171.853 26.6
      vertex 175.152 172.5 26.6
      vertex 173.5 171.962 26.6
    endloop
  endfacet
  facet normal 0 0 1
    outer loop
      vertex 175.152 83.5 26.6
      vertex 173.699 83.9117 26.6
      vertex 173.886 83.7683 26.6
    endloop
  endfacet
  facet normal 0 0 1
    outer loop
      vertex 173.073 171.763 26.6
      vertex 175.152 172.5 26.6
      vertex 173.291 171.853 26.6
    endloop
  endfacet
  facet normal 0 0 1
    outer loop
      vertex 175.152 83.5 26.6
      vertex 173.5 84.0383 26.6
      vertex 173.699 83.9117 26.6
    endloop
  endfacet
  facet normal 0 0 1
    outer loop
      vertex 175.152 172.5 26.6
      vertex 173.073 171.763 26.6
      vertex 175.152 83.5 26.6
    endloop
  endfacet
  facet normal 0 0 1
    outer loop
      vertex 175.152 83.5 26.6
      vertex 173.291 84.147 26.6
      vertex 173.5 84.0383 26.6
    endloop
  endfacet
  facet normal -0 0 1
    outer loop
      vertex 173.073 84.2372 26.6
      vertex 175.152 83.5 26.6
      vertex 173.073 171.763 26.6
    endloop
  endfacet
  facet normal 0 0 1
    outer loop
      vertex 175.152 83.5 26.6
      vertex 173.073 84.2372 26.6
      vertex 173.291 84.147 26.6
    endloop
  endfacet
  facet normal -0 0 1
    outer loop
      vertex 172.849 171.692 26.6
      vertex 173.073 84.2372 26.6
      vertex 173.073 171.763 26.6
    endloop
  endfacet
  facet normal 0 0 1
    outer loop
      vertex 172.849 171.692 26.6
      vertex 172.849 84.308 26.6
      vertex 173.073 84.2372 26.6
    endloop
  endfacet
  facet normal -0 0 1
    outer loop
      vertex 172.619 171.641 26.6
      vertex 172.849 84.308 26.6
      vertex 172.849 171.692 26.6
    endloop
  endfacet
  facet normal 0 0 1
    outer loop
      vertex 172.619 171.641 26.6
      vertex 172.619 84.359 26.6
      vertex 172.849 84.308 26.6
    endloop
  endfacet
  facet normal -0 0 1
    outer loop
      vertex 172.385 171.61 26.6
      vertex 172.619 84.359 26.6
      vertex 172.619 171.641 26.6
    endloop
  endfacet
  facet normal 0 0 1
    outer loop
      vertex 172.385 171.61 26.6
      vertex 172.385 84.3897 26.6
      vertex 172.619 84.359 26.6
    endloop
  endfacet
  facet normal -0 0 1
    outer loop
      vertex 172.15 171.6 26.6
      vertex 172.385 84.3897 26.6
      vertex 172.385 171.61 26.6
    endloop
  endfacet
  facet normal 0 0 1
    outer loop
      vertex 172.15 171.6 26.6
      vertex 172.15 84.4 26.6
      vertex 172.385 84.3897 26.6
    endloop
  endfacet
  facet normal 0 0 1
    outer loop
      vertex 171.915 171.61 26.6
      vertex 172.15 84.4 26.6
      vertex 172.15 171.6 26.6
    endloop
  endfacet
  facet normal 0 0 1
    outer loop
      vertex 171.915 171.61 26.6
      vertex 171.915 84.3897 26.6
      vertex 172.15 84.4 26.6
    endloop
  endfacet
  facet normal 0 0 1
    outer loop
      vertex 171.681 171.641 26.6
      vertex 171.915 84.3897 26.6
      vertex 171.915 171.61 26.6
    endloop
  endfacet
  facet normal 0 0 1
    outer loop
      vertex 171.681 171.641 26.6
      vertex 171.681 84.359 26.6
      vertex 171.915 84.3897 26.6
    endloop
  endfacet
  facet normal 0 0 1
    outer loop
      vertex 171.451 171.692 26.6
      vertex 171.681 84.359 26.6
      vertex 171.681 171.641 26.6
    endloop
  endfacet
  facet normal 0 0 1
    outer loop
      vertex 171.451 171.692 26.6
      vertex 171.451 84.308 26.6
      vertex 171.681 84.359 26.6
    endloop
  endfacet
  facet normal 0 0 1
    outer loop
      vertex 171.227 171.763 26.6
      vertex 171.451 84.308 26.6
      vertex 171.451 171.692 26.6
    endloop
  endfacet
  facet normal 0 0 1
    outer loop
      vertex 171.227 171.763 26.6
      vertex 171.227 84.2372 26.6
      vertex 171.451 84.308 26.6
    endloop
  endfacet
  facet normal 0 0 1
    outer loop
      vertex 169.148 172.5 26.6
      vertex 171.227 171.763 26.6
      vertex 171.009 171.853 26.6
    endloop
  endfacet
  facet normal 0 0 1
    outer loop
      vertex 171.227 171.763 26.6
      vertex 169.148 172.5 26.6
      vertex 171.227 84.2372 26.6
    endloop
  endfacet
  facet normal 0 0 1
    outer loop
      vertex 169.148 172.5 26.6
      vertex 171.009 171.853 26.6
      vertex 170.8 171.962 26.6
    endloop
  endfacet
  facet normal 0 0 1
    outer loop
      vertex 169.148 83.5 26.6
      vertex 171.227 84.2372 26.6
      vertex 169.148 172.5 26.6
    endloop
  endfacet
  facet normal 0 0 1
    outer loop
      vertex 169.148 172.5 26.6
      vertex 170.8 171.962 26.6
      vertex 170.601 172.088 26.6
    endloop
  endfacet
  facet normal 0 0 1
    outer loop
      vertex 171.227 84.2372 26.6
      vertex 169.148 83.5 26.6
      vertex 171.009 84.147 26.6
    endloop
  endfacet
  facet normal 0 0 1
    outer loop
      vertex 169.148 172.5 26.6
      vertex 170.601 172.088 26.6
      vertex 170.414 172.232 26.6
    endloop
  endfacet
  facet normal 0 0 1
    outer loop
      vertex 171.009 84.147 26.6
      vertex 169.148 83.5 26.6
      vertex 170.8 84.0383 26.6
    endloop
  endfacet
  facet normal 0 0 1
    outer loop
      vertex 169.148 172.5 26.6
      vertex 170.414 172.232 26.6
      vertex 170.241 172.391 26.6
    endloop
  endfacet
  facet normal 0 0 1
    outer loop
      vertex 170.8 84.0383 26.6
      vertex 169.148 83.5 26.6
      vertex 170.601 83.9117 26.6
    endloop
  endfacet
  facet normal -0 0 1
    outer loop
      vertex 169.148 172.5 26.6
      vertex 170.241 172.391 26.6
      vertex 170.082 172.564 26.6
    endloop
  endfacet
  facet normal 0 0 1
    outer loop
      vertex 170.601 83.9117 26.6
      vertex 169.148 83.5 26.6
      vertex 170.414 83.7683 26.6
    endloop
  endfacet
  facet normal 0 0 1
    outer loop
      vertex 169.148 172.5 26.6
      vertex 170.082 172.564 26.6
      vertex 169.938 172.751 26.6
    endloop
  endfacet
  facet normal 0 0 1
    outer loop
      vertex 170.414 83.7683 26.6
      vertex 169.148 83.5 26.6
      vertex 170.241 83.6092 26.6
    endloop
  endfacet
  facet normal 0 0 1
    outer loop
      vertex 169.148 172.5 26.6
      vertex 169.938 172.751 26.6
      vertex 169.812 172.95 26.6
    endloop
  endfacet
  facet normal 0 0 1
    outer loop
      vertex 170.241 83.6092 26.6
      vertex 169.148 83.5 26.6
      vertex 170.082 83.4355 26.6
    endloop
  endfacet
  facet normal 0 0 1
    outer loop
      vertex 169.148 172.5 26.6
      vertex 169.812 172.95 26.6
      vertex 169.703 173.159 26.6
    endloop
  endfacet
  facet normal 0 0 1
    outer loop
      vertex 170.082 83.4355 26.6
      vertex 169.148 83.5 26.6
      vertex 169.938 83.2487 26.6
    endloop
  endfacet
  facet normal 0 0 1
    outer loop
      vertex 169.148 172.5 26.6
      vertex 169.703 173.159 26.6
      vertex 169.613 173.377 26.6
    endloop
  endfacet
  facet normal 0 0 1
    outer loop
      vertex 169.938 83.2487 26.6
      vertex 169.148 83.5 26.6
      vertex 169.812 83.05 26.6
    endloop
  endfacet
  facet normal 0 0 1
    outer loop
      vertex 169.148 172.5 26.6
      vertex 169.613 173.377 26.6
      vertex 169.542 173.601 26.6
    endloop
  endfacet
  facet normal -0 0 1
    outer loop
      vertex 169.119 83.45 26.6
      vertex 169.812 83.05 26.6
      vertex 169.148 83.5 26.6
    endloop
  endfacet
  facet normal 0 0 1
    outer loop
      vertex 169.148 172.5 26.6
      vertex 169.542 173.601 26.6
      vertex 169.491 173.831 26.6
    endloop
  endfacet
  facet normal 0 0 1
    outer loop
      vertex 169.812 83.05 26.6
      vertex 169.119 83.45 26.6
      vertex 169.703 82.8411 26.6
    endloop
  endfacet
  facet normal 0 0 1
    outer loop
      vertex 169.148 172.5 26.6
      vertex 169.491 173.831 26.6
      vertex 169.46 174.065 26.6
    endloop
  endfacet
  facet normal -0 0 1
    outer loop
      vertex 168.978 83.1792 26.6
      vertex 169.703 82.8411 26.6
      vertex 169.119 83.45 26.6
    endloop
  endfacet
  facet normal 0 0 1
    outer loop
      vertex 169.148 172.5 26.6
      vertex 169.45 174.3 26.6
      vertex 169.283 176.308 26.6
    endloop
  endfacet
  facet normal 0 0 1
    outer loop
      vertex 169.45 174.3 26.6
      vertex 169.148 172.5 26.6
      vertex 169.46 174.065 26.6
    endloop
  endfacet
  facet normal -0 0 1
    outer loop
      vertex 174.597 173.159 26.6
      vertex 175.322 172.821 26.6
      vertex 174.687 173.377 26.6
    endloop
  endfacet
  facet normal -0 0 1
    outer loop
      vertex 174.687 80.7765 26.6
      vertex 175.439 80.5029 26.6
      vertex 174.758 81.0012 26.6
    endloop
  endfacet
  facet normal 0 0 1
    outer loop
      vertex 175.439 80.5029 26.6
      vertex 174.687 80.7765 26.6
      vertex 175.322 80.2208 26.6
    endloop
  endfacet
  facet normal -0 0 1
    outer loop
      vertex 174.597 80.5589 26.6
      vertex 175.322 80.2208 26.6
      vertex 174.687 80.7765 26.6
    endloop
  endfacet
  facet normal 0 0 1
    outer loop
      vertex 175.322 80.2208 26.6
      vertex 174.597 80.5589 26.6
      vertex 175.181 79.95 26.6
    endloop
  endfacet
  facet normal -0 0 1
    outer loop
      vertex 174.488 80.35 26.6
      vertex 175.181 79.95 26.6
      vertex 174.597 80.5589 26.6
    endloop
  endfacet
  facet normal 0 0 1
    outer loop
      vertex 175.181 79.95 26.6
      vertex 174.488 80.35 26.6
      vertex 175.017 79.6925 26.6
    endloop
  endfacet
  facet normal -0 0 1
    outer loop
      vertex 174.362 80.1513 26.6
      vertex 175.017 79.6925 26.6
      vertex 174.488 80.35 26.6
    endloop
  endfacet
  facet normal 0 0 1
    outer loop
      vertex 175.017 79.6925 26.6
      vertex 174.362 80.1513 26.6
      vertex 174.831 79.4502 26.6
    endloop
  endfacet
  facet normal -0 0 1
    outer loop
      vertex 174.218 79.9645 26.6
      vertex 174.831 79.4502 26.6
      vertex 174.362 80.1513 26.6
    endloop
  endfacet
  facet normal 0 0 1
    outer loop
      vertex 174.831 79.4502 26.6
      vertex 174.218 79.9645 26.6
      vertex 174.625 79.2251 26.6
    endloop
  endfacet
  facet normal -0 0 1
    outer loop
      vertex 174.059 79.7908 26.6
      vertex 174.625 79.2251 26.6
      vertex 174.218 79.9645 26.6
    endloop
  endfacet
  facet normal 0 0 1
    outer loop
      vertex 174.625 79.2251 26.6
      vertex 174.059 79.7908 26.6
      vertex 174.4 79.0188 26.6
    endloop
  endfacet
  facet normal -0 0 1
    outer loop
      vertex 173.886 79.6317 26.6
      vertex 174.4 79.0188 26.6
      vertex 174.059 79.7908 26.6
    endloop
  endfacet
  facet normal 0 0 1
    outer loop
      vertex 174.4 79.0188 26.6
      vertex 173.886 79.6317 26.6
      vertex 174.158 78.833 26.6
    endloop
  endfacet
  facet normal -0 0 1
    outer loop
      vertex 173.699 79.4883 26.6
      vertex 174.158 78.833 26.6
      vertex 173.886 79.6317 26.6
    endloop
  endfacet
  facet normal 0 0 1
    outer loop
      vertex 174.158 78.833 26.6
      vertex 173.699 79.4883 26.6
      vertex 173.9 78.6689 26.6
    endloop
  endfacet
  facet normal -0 0 1
    outer loop
      vertex 173.5 79.3617 26.6
      vertex 173.9 78.6689 26.6
      vertex 173.699 79.4883 26.6
    endloop
  endfacet
  facet normal 0 0 1
    outer loop
      vertex 173.9 78.6689 26.6
      vertex 173.5 79.3617 26.6
      vertex 173.629 78.5279 26.6
    endloop
  endfacet
  facet normal -0 0 1
    outer loop
      vertex 173.291 79.253 26.6
      vertex 173.629 78.5279 26.6
      vertex 173.5 79.3617 26.6
    endloop
  endfacet
  facet normal 0 0 1
    outer loop
      vertex 173.629 78.5279 26.6
      vertex 173.291 79.253 26.6
      vertex 173.347 78.4111 26.6
    endloop
  endfacet
  facet normal -0 0 1
    outer loop
      vertex 173.073 79.1628 26.6
      vertex 173.347 78.4111 26.6
      vertex 173.291 79.253 26.6
    endloop
  endfacet
  facet normal 0 0 1
    outer loop
      vertex 173.073 79.1628 26.6
      vertex 173.056 78.3193 26.6
      vertex 173.347 78.4111 26.6
    endloop
  endfacet
  facet normal -0 0 1
    outer loop
      vertex 172.849 79.092 26.6
      vertex 173.056 78.3193 26.6
      vertex 173.073 79.1628 26.6
    endloop
  endfacet
  facet normal 0 0 1
    outer loop
      vertex 172.849 79.092 26.6
      vertex 172.758 78.2532 26.6
      vertex 173.056 78.3193 26.6
    endloop
  endfacet
  facet normal -0 0 1
    outer loop
      vertex 172.619 79.041 26.6
      vertex 172.758 78.2532 26.6
      vertex 172.849 79.092 26.6
    endloop
  endfacet
  facet normal 0 0 1
    outer loop
      vertex 172.619 79.041 26.6
      vertex 172.455 78.2133 26.6
      vertex 172.758 78.2532 26.6
    endloop
  endfacet
  facet normal -0 0 1
    outer loop
      vertex 172.385 79.0103 26.6
      vertex 172.455 78.2133 26.6
      vertex 172.619 79.041 26.6
    endloop
  endfacet
  facet normal -0 0 1
    outer loop
      vertex 172.15 79 26.6
      vertex 172.455 78.2133 26.6
      vertex 172.385 79.0103 26.6
    endloop
  endfacet
  facet normal 0 0 1
    outer loop
      vertex 172.15 79 26.6
      vertex 172.15 78.2 26.6
      vertex 172.455 78.2133 26.6
    endloop
  endfacet
  facet normal 0 0 1
    outer loop
      vertex 171.915 79.0103 26.6
      vertex 172.15 78.2 26.6
      vertex 172.15 79 26.6
    endloop
  endfacet
  facet normal 0 0 1
    outer loop
      vertex 171.915 79.0103 26.6
      vertex 171.845 78.2133 26.6
      vertex 172.15 78.2 26.6
    endloop
  endfacet
  facet normal 0 0 1
    outer loop
      vertex 171.681 79.041 26.6
      vertex 171.845 78.2133 26.6
      vertex 171.915 79.0103 26.6
    endloop
  endfacet
  facet normal 0 0 1
    outer loop
      vertex 171.681 79.041 26.6
      vertex 171.542 78.2532 26.6
      vertex 171.845 78.2133 26.6
    endloop
  endfacet
  facet normal 0 0 1
    outer loop
      vertex 171.451 79.092 26.6
      vertex 171.542 78.2532 26.6
      vertex 171.681 79.041 26.6
    endloop
  endfacet
  facet normal 0 0 1
    outer loop
      vertex 171.451 79.092 26.6
      vertex 171.244 78.3193 26.6
      vertex 171.542 78.2532 26.6
    endloop
  endfacet
  facet normal 0 0 1
    outer loop
      vertex 171.227 79.1628 26.6
      vertex 171.244 78.3193 26.6
      vertex 171.451 79.092 26.6
    endloop
  endfacet
  facet normal 0 0 1
    outer loop
      vertex 170.953 78.4111 26.6
      vertex 171.227 79.1628 26.6
      vertex 171.009 79.253 26.6
    endloop
  endfacet
  facet normal 0 0 1
    outer loop
      vertex 171.227 79.1628 26.6
      vertex 170.953 78.4111 26.6
      vertex 171.244 78.3193 26.6
    endloop
  endfacet
  facet normal 0 0 1
    outer loop
      vertex 170.671 78.5279 26.6
      vertex 171.009 79.253 26.6
      vertex 170.8 79.3617 26.6
    endloop
  endfacet
  facet normal 0 0 1
    outer loop
      vertex 171.009 79.253 26.6
      vertex 170.671 78.5279 26.6
      vertex 170.953 78.4111 26.6
    endloop
  endfacet
  facet normal 0 0 1
    outer loop
      vertex 170.4 78.6689 26.6
      vertex 170.8 79.3617 26.6
      vertex 170.601 79.4883 26.6
    endloop
  endfacet
  facet normal 0 0 1
    outer loop
      vertex 170.142 78.833 26.6
      vertex 170.601 79.4883 26.6
      vertex 170.414 79.6317 26.6
    endloop
  endfacet
  facet normal 0 0 1
    outer loop
      vertex 170.8 79.3617 26.6
      vertex 170.4 78.6689 26.6
      vertex 170.671 78.5279 26.6
    endloop
  endfacet
  facet normal 0 0 1
    outer loop
      vertex 169.9 79.0188 26.6
      vertex 170.414 79.6317 26.6
      vertex 170.241 79.7908 26.6
    endloop
  endfacet
  facet normal 0 0 1
    outer loop
      vertex 170.601 79.4883 26.6
      vertex 170.142 78.833 26.6
      vertex 170.4 78.6689 26.6
    endloop
  endfacet
  facet normal 0 0 1
    outer loop
      vertex 169.675 79.2251 26.6
      vertex 170.241 79.7908 26.6
      vertex 170.082 79.9645 26.6
    endloop
  endfacet
  facet normal 0 0 1
    outer loop
      vertex 169.469 79.4502 26.6
      vertex 170.082 79.9645 26.6
      vertex 169.938 80.1513 26.6
    endloop
  endfacet
  facet normal 0 0 1
    outer loop
      vertex 170.414 79.6317 26.6
      vertex 169.9 79.0188 26.6
      vertex 170.142 78.833 26.6
    endloop
  endfacet
  facet normal 0 0 1
    outer loop
      vertex 169.283 79.6925 26.6
      vertex 169.938 80.1513 26.6
      vertex 169.812 80.35 26.6
    endloop
  endfacet
  facet normal 0 0 1
    outer loop
      vertex 169.283 79.6925 26.6
      vertex 169.812 80.35 26.6
      vertex 169.703 80.5589 26.6
    endloop
  endfacet
  facet normal 0 0 1
    outer loop
      vertex 170.241 79.7908 26.6
      vertex 169.675 79.2251 26.6
      vertex 169.9 79.0188 26.6
    endloop
  endfacet
  facet normal 0 0 1
    outer loop
      vertex 169.283 79.6925 26.6
      vertex 169.703 80.5589 26.6
      vertex 169.613 80.7765 26.6
    endloop
  endfacet
  facet normal 0 0 1
    outer loop
      vertex 169.283 79.6925 26.6
      vertex 169.613 80.7765 26.6
      vertex 169.542 81.0012 26.6
    endloop
  endfacet
  facet normal 0 0 1
    outer loop
      vertex 169.283 79.6925 26.6
      vertex 169.542 81.0012 26.6
      vertex 169.491 81.2311 26.6
    endloop
  endfacet
  facet normal 0 0 1
    outer loop
      vertex 170.082 79.9645 26.6
      vertex 169.469 79.4502 26.6
      vertex 169.675 79.2251 26.6
    endloop
  endfacet
  facet normal 0 0 1
    outer loop
      vertex 169.283 79.6925 26.6
      vertex 169.491 81.2311 26.6
      vertex 169.46 81.4647 26.6
    endloop
  endfacet
  facet normal 0 0 1
    outer loop
      vertex 169.283 79.6925 26.6
      vertex 169.46 81.4647 26.6
      vertex 169.45 81.7 26.6
    endloop
  endfacet
  facet normal 0 0 1
    outer loop
      vertex 169.938 80.1513 26.6
      vertex 169.283 79.6925 26.6
      vertex 169.469 79.4502 26.6
    endloop
  endfacet
  facet normal -0 0 1
    outer loop
      vertex 168.861 82.8971 26.6
      vertex 169.613 82.6235 26.6
      vertex 168.978 83.1792 26.6
    endloop
  endfacet
  facet normal 0 0 1
    outer loop
      vertex 169.613 82.6235 26.6
      vertex 168.861 82.8971 26.6
      vertex 169.542 82.3988 26.6
    endloop
  endfacet
  facet normal -0 0 1
    outer loop
      vertex 169.119 176.05 26.6
      vertex 169.148 172.5 26.6
      vertex 169.283 176.308 26.6
    endloop
  endfacet
  facet normal 0 0 1
    outer loop
      vertex 169.119 176.05 26.6
      vertex 169.119 172.55 26.6
      vertex 169.148 172.5 26.6
    endloop
  endfacet
  facet normal -0 0 1
    outer loop
      vertex 168.978 175.779 26.6
      vertex 169.119 172.55 26.6
      vertex 169.119 176.05 26.6
    endloop
  endfacet
  facet normal 0 0 1
    outer loop
      vertex 168.978 175.779 26.6
      vertex 168.978 172.821 26.6
      vertex 169.119 172.55 26.6
    endloop
  endfacet
  facet normal -0 0 1
    outer loop
      vertex 168.861 175.497 26.6
      vertex 168.978 172.821 26.6
      vertex 168.978 175.779 26.6
    endloop
  endfacet
  facet normal 0 0 1
    outer loop
      vertex 168.861 175.497 26.6
      vertex 168.861 173.103 26.6
      vertex 168.978 172.821 26.6
    endloop
  endfacet
  facet normal -0 0 1
    outer loop
      vertex 168.769 175.206 26.6
      vertex 168.861 173.103 26.6
      vertex 168.861 175.497 26.6
    endloop
  endfacet
  facet normal 0 0 1
    outer loop
      vertex 168.769 175.206 26.6
      vertex 168.769 173.394 26.6
      vertex 168.861 173.103 26.6
    endloop
  endfacet
  facet normal -0 0 1
    outer loop
      vertex 168.703 174.908 26.6
      vertex 168.769 173.394 26.6
      vertex 168.769 175.206 26.6
    endloop
  endfacet
  facet normal 0 0 1
    outer loop
      vertex 168.703 174.908 26.6
      vertex 168.703 173.692 26.6
      vertex 168.769 173.394 26.6
    endloop
  endfacet
  facet normal -0 0 1
    outer loop
      vertex 168.663 174.605 26.6
      vertex 168.703 173.692 26.6
      vertex 168.703 174.908 26.6
    endloop
  endfacet
  facet normal 0 0 1
    outer loop
      vertex 168.663 174.605 26.6
      vertex 168.663 173.995 26.6
      vertex 168.703 173.692 26.6
    endloop
  endfacet
  facet normal 0 -0 1
    outer loop
      vertex 168.663 173.995 26.6
      vertex 168.663 174.605 26.6
      vertex 168.65 174.3 26.6
    endloop
  endfacet
  facet normal 0.736771 -0.676142 0
    outer loop
      vertex 185.049 84.7009 26.6
      vertex 185.291 84.9646 24
      vertex 185.291 84.9646 26.6
    endloop
  endfacet
  facet normal 0.736771 -0.676142 0
    outer loop
      vertex 185.291 84.9646 24
      vertex 185.049 84.7009 26.6
      vertex 185.049 84.7009 24
    endloop
  endfacet
  facet normal 0.609724 -0.792614 0
    outer loop
      vertex 184.502 84.2415 24
      vertex 184.785 84.4592 26.6
      vertex 184.502 84.2415 26.6
    endloop
  endfacet
  facet normal 0.609724 -0.792614 0
    outer loop
      vertex 184.785 84.4592 26.6
      vertex 184.502 84.2415 24
      vertex 184.785 84.4592 24
    endloop
  endfacet
  facet normal 0.382434 0.923983 -0
    outer loop
      vertex 183.883 172.116 24
      vertex 183.552 172.253 26.6
      vertex 183.883 172.116 26.6
    endloop
  endfacet
  facet normal 0.382434 0.923983 0
    outer loop
      vertex 183.552 172.253 26.6
      vertex 183.883 172.116 24
      vertex 183.552 172.253 24
    endloop
  endfacet
  facet normal -0.675725 0.737154 0
    outer loop
      vertex 159.515 171.541 24
      vertex 159.251 171.299 26.6
      vertex 159.515 171.541 26.6
    endloop
  endfacet
  facet normal -0.675725 0.737154 0
    outer loop
      vertex 159.251 171.299 26.6
      vertex 159.515 171.541 24
      vertex 159.251 171.299 24
    endloop
  endfacet
  facet normal -0.84365 -0.536894 0
    outer loop
      vertex 158.791 85.2483 24
      vertex 158.599 85.55 26.6
      vertex 158.599 85.55 24
    endloop
  endfacet
  facet normal -0.84365 -0.536894 0
    outer loop
      vertex 158.599 85.55 26.6
      vertex 158.791 85.2483 24
      vertex 158.791 85.2483 26.6
    endloop
  endfacet
  facet normal 0.128503 0.991709 -0
    outer loop
      vertex 182.862 172.438 24
      vertex 182.507 172.484 26.6
      vertex 182.862 172.438 26.6
    endloop
  endfacet
  facet normal 0.128503 0.991709 0
    outer loop
      vertex 182.507 172.484 26.6
      vertex 182.862 172.438 24
      vertex 182.507 172.484 24
    endloop
  endfacet
  facet normal -0.29939 0.954131 0
    outer loop
      vertex 161.089 172.36 24
      vertex 160.748 172.253 26.6
      vertex 161.089 172.36 26.6
    endloop
  endfacet
  facet normal -0.29939 0.954131 0
    outer loop
      vertex 160.748 172.253 26.6
      vertex 161.089 172.36 24
      vertex 160.748 172.253 24
    endloop
  endfacet
  facet normal -0.130426 -0.991458 0
    outer loop
      vertex 161.438 83.5623 24
      vertex 161.793 83.5156 26.6
      vertex 161.438 83.5623 26.6
    endloop
  endfacet
  facet normal -0.130426 -0.991458 -0
    outer loop
      vertex 161.793 83.5156 26.6
      vertex 161.438 83.5623 24
      vertex 161.793 83.5156 24
    endloop
  endfacet
  facet normal -0.536514 0.843892 0
    outer loop
      vertex 160.1 171.951 24
      vertex 159.798 171.759 26.6
      vertex 160.1 171.951 26.6
    endloop
  endfacet
  facet normal -0.536514 0.843892 0
    outer loop
      vertex 159.798 171.759 26.6
      vertex 160.1 171.951 24
      vertex 159.798 171.759 24
    endloop
  endfacet
  facet normal -0.923737 -0.383027 0
    outer loop
      vertex 158.434 85.8673 24
      vertex 158.297 86.1977 26.6
      vertex 158.297 86.1977 24
    endloop
  endfacet
  facet normal -0.923737 -0.383027 0
    outer loop
      vertex 158.297 86.1977 26.6
      vertex 158.434 85.8673 24
      vertex 158.434 85.8673 26.6
    endloop
  endfacet
  facet normal -0.216516 -0.976279 0
    outer loop
      vertex 161.089 83.6397 24
      vertex 161.438 83.5623 26.6
      vertex 161.089 83.6397 26.6
    endloop
  endfacet
  facet normal -0.216516 -0.976279 -0
    outer loop
      vertex 161.438 83.5623 26.6
      vertex 161.089 83.6397 24
      vertex 161.438 83.5623 24
    endloop
  endfacet
  facet normal -0.675269 -0.737571 0
    outer loop
      vertex 159.251 84.7009 24
      vertex 159.515 84.4592 26.6
      vertex 159.251 84.7009 26.6
    endloop
  endfacet
  facet normal -0.675269 -0.737571 -0
    outer loop
      vertex 159.515 84.4592 26.6
      vertex 159.251 84.7009 24
      vertex 159.515 84.4592 24
    endloop
  endfacet
  facet normal 0 0 -1
    outer loop
      vertex 173.6 81.7 24
      vertex 175.65 81.7 24
      vertex 175.637 81.395 24
    endloop
  endfacet
  facet normal 0 0 -1
    outer loop
      vertex 173.594 81.5736 24
      vertex 175.637 81.395 24
      vertex 175.597 81.0922 24
    endloop
  endfacet
  facet normal 0 0 -1
    outer loop
      vertex 175.65 81.7 24
      vertex 173.6 81.7 24
      vertex 175.637 82.005 24
    endloop
  endfacet
  facet normal 0 0 -1
    outer loop
      vertex 173.578 81.4482 24
      vertex 175.597 81.0922 24
      vertex 175.531 80.7941 24
    endloop
  endfacet
  facet normal 0 0 -1
    outer loop
      vertex 173.594 81.8264 24
      vertex 175.637 82.005 24
      vertex 173.6 81.7 24
    endloop
  endfacet
  facet normal 0 0 -1
    outer loop
      vertex 173.551 81.3247 24
      vertex 175.531 80.7941 24
      vertex 175.439 80.5029 24
    endloop
  endfacet
  facet normal -0 0 -1
    outer loop
      vertex 175.637 82.005 24
      vertex 173.594 81.8264 24
      vertex 175.597 82.3078 24
    endloop
  endfacet
  facet normal 0 0 -1
    outer loop
      vertex 173.513 81.2041 24
      vertex 175.439 80.5029 24
      vertex 175.322 80.2208 24
    endloop
  endfacet
  facet normal 0 0 -1
    outer loop
      vertex 173.578 81.9518 24
      vertex 175.597 82.3078 24
      vertex 173.594 81.8264 24
    endloop
  endfacet
  facet normal 0 0 -1
    outer loop
      vertex 173.464 81.0872 24
      vertex 175.322 80.2208 24
      vertex 175.181 79.95 24
    endloop
  endfacet
  facet normal -0 0 -1
    outer loop
      vertex 175.597 82.3078 24
      vertex 173.578 81.9518 24
      vertex 175.531 82.6059 24
    endloop
  endfacet
  facet normal 0 0 -1
    outer loop
      vertex 173.551 82.0753 24
      vertex 175.531 82.6059 24
      vertex 173.578 81.9518 24
    endloop
  endfacet
  facet normal 0 0 -1
    outer loop
      vertex 173.406 80.975 24
      vertex 175.181 79.95 24
      vertex 175.017 79.6925 24
    endloop
  endfacet
  facet normal 0 0 -1
    outer loop
      vertex 183.15 87.6 24
      vertex 186.25 87.6 24
      vertex 186.234 87.2427 24
    endloop
  endfacet
  facet normal 0 0 -1
    outer loop
      vertex 186.25 87.6 24
      vertex 183.15 87.6 24
      vertex 186.25 168.4 24
    endloop
  endfacet
  facet normal 0 0 -1
    outer loop
      vertex 183.146 87.5128 24
      vertex 186.234 87.2427 24
      vertex 186.188 86.888 24
    endloop
  endfacet
  facet normal 0 0 -1
    outer loop
      vertex 183.15 168.4 24
      vertex 186.25 168.4 24
      vertex 183.15 87.6 24
    endloop
  endfacet
  facet normal 0 0 -1
    outer loop
      vertex 183.135 87.4263 24
      vertex 186.188 86.888 24
      vertex 186.11 86.5388 24
    endloop
  endfacet
  facet normal 0 0 -1
    outer loop
      vertex 186.25 168.4 24
      vertex 183.15 168.4 24
      vertex 186.234 168.757 24
    endloop
  endfacet
  facet normal 0 0 -1
    outer loop
      vertex 183.116 87.3412 24
      vertex 186.11 86.5388 24
      vertex 186.003 86.1977 24
    endloop
  endfacet
  facet normal 0 0 -1
    outer loop
      vertex 183.146 168.487 24
      vertex 186.234 168.757 24
      vertex 183.15 168.4 24
    endloop
  endfacet
  facet normal 0 0 -1
    outer loop
      vertex 183.09 87.258 24
      vertex 186.003 86.1977 24
      vertex 185.866 85.8673 24
    endloop
  endfacet
  facet normal -0 0 -1
    outer loop
      vertex 186.234 168.757 24
      vertex 183.146 168.487 24
      vertex 186.188 169.112 24
    endloop
  endfacet
  facet normal 0 0 -1
    outer loop
      vertex 183.056 87.1774 24
      vertex 185.866 85.8673 24
      vertex 185.701 85.55 24
    endloop
  endfacet
  facet normal 0 0 -1
    outer loop
      vertex 183.135 168.574 24
      vertex 186.188 169.112 24
      vertex 183.146 168.487 24
    endloop
  endfacet
  facet normal 0 0 -1
    outer loop
      vertex 183.016 87.1 24
      vertex 185.701 85.55 24
      vertex 185.509 85.2483 24
    endloop
  endfacet
  facet normal -0 0 -1
    outer loop
      vertex 186.188 169.112 24
      vertex 183.135 168.574 24
      vertex 186.11 169.461 24
    endloop
  endfacet
  facet normal 0 0 -1
    outer loop
      vertex 182.969 87.0264 24
      vertex 185.509 85.2483 24
      vertex 185.291 84.9646 24
    endloop
  endfacet
  facet normal 0 0 -1
    outer loop
      vertex 183.116 168.659 24
      vertex 186.11 169.461 24
      vertex 183.135 168.574 24
    endloop
  endfacet
  facet normal 0 0 -1
    outer loop
      vertex 182.916 86.9572 24
      vertex 185.291 84.9646 24
      vertex 185.049 84.7009 24
    endloop
  endfacet
  facet normal -0 0 -1
    outer loop
      vertex 186.11 169.461 24
      vertex 183.116 168.659 24
      vertex 186.003 169.802 24
    endloop
  endfacet
  facet normal 0 0 -1
    outer loop
      vertex 182.857 86.8929 24
      vertex 185.049 84.7009 24
      vertex 184.785 84.4592 24
    endloop
  endfacet
  facet normal 0 0 -1
    outer loop
      vertex 183.09 168.742 24
      vertex 186.003 169.802 24
      vertex 183.116 168.659 24
    endloop
  endfacet
  facet normal 0 0 -1
    outer loop
      vertex 182.793 86.8339 24
      vertex 184.785 84.4592 24
      vertex 184.502 84.2415 24
    endloop
  endfacet
  facet normal -0 0 -1
    outer loop
      vertex 186.003 169.802 24
      vertex 183.09 168.742 24
      vertex 185.866 170.133 24
    endloop
  endfacet
  facet normal 0 0 -1
    outer loop
      vertex 182.724 86.7808 24
      vertex 184.502 84.2415 24
      vertex 184.2 84.0493 24
    endloop
  endfacet
  facet normal 0 0 -1
    outer loop
      vertex 183.056 168.823 24
      vertex 185.866 170.133 24
      vertex 183.09 168.742 24
    endloop
  endfacet
  facet normal 0 0 -1
    outer loop
      vertex 182.65 86.734 24
      vertex 184.2 84.0493 24
      vertex 183.883 83.8841 24
    endloop
  endfacet
  facet normal -0 0 -1
    outer loop
      vertex 185.866 170.133 24
      vertex 183.056 168.823 24
      vertex 185.701 170.45 24
    endloop
  endfacet
  facet normal 0 0 -1
    outer loop
      vertex 182.573 86.6937 24
      vertex 183.883 83.8841 24
      vertex 183.552 83.7473 24
    endloop
  endfacet
  facet normal 0 0 -1
    outer loop
      vertex 183.016 168.9 24
      vertex 185.701 170.45 24
      vertex 183.056 168.823 24
    endloop
  endfacet
  facet normal 0 0 -1
    outer loop
      vertex 182.492 86.6603 24
      vertex 183.552 83.7473 24
      vertex 183.211 83.6397 24
    endloop
  endfacet
  facet normal -0 0 -1
    outer loop
      vertex 185.701 170.45 24
      vertex 183.016 168.9 24
      vertex 185.509 170.752 24
    endloop
  endfacet
  facet normal 0 0 -1
    outer loop
      vertex 182.969 168.974 24
      vertex 185.509 170.752 24
      vertex 183.016 168.9 24
    endloop
  endfacet
  facet normal 0 0 -1
    outer loop
      vertex 186.234 87.2427 24
      vertex 183.146 87.5128 24
      vertex 183.15 87.6 24
    endloop
  endfacet
  facet normal 0 0 -1
    outer loop
      vertex 186.188 86.888 24
      vertex 183.135 87.4263 24
      vertex 183.146 87.5128 24
    endloop
  endfacet
  facet normal 0 0 -1
    outer loop
      vertex 186.11 86.5388 24
      vertex 183.116 87.3412 24
      vertex 183.135 87.4263 24
    endloop
  endfacet
  facet normal 0 0 -1
    outer loop
      vertex 186.003 86.1977 24
      vertex 183.09 87.258 24
      vertex 183.116 87.3412 24
    endloop
  endfacet
  facet normal 0 0 -1
    outer loop
      vertex 185.866 85.8673 24
      vertex 183.056 87.1774 24
      vertex 183.09 87.258 24
    endloop
  endfacet
  facet normal 0 0 -1
    outer loop
      vertex 185.701 85.55 24
      vertex 183.016 87.1 24
      vertex 183.056 87.1774 24
    endloop
  endfacet
  facet normal 0 0 -1
    outer loop
      vertex 185.509 85.2483 24
      vertex 182.969 87.0264 24
      vertex 183.016 87.1 24
    endloop
  endfacet
  facet normal 0 0 -1
    outer loop
      vertex 185.291 84.9646 24
      vertex 182.916 86.9572 24
      vertex 182.969 87.0264 24
    endloop
  endfacet
  facet normal 0 0 -1
    outer loop
      vertex 182.409 86.6341 24
      vertex 183.211 83.6397 24
      vertex 182.862 83.5623 24
    endloop
  endfacet
  facet normal 0 0 -1
    outer loop
      vertex 185.049 84.7009 24
      vertex 182.857 86.8929 24
      vertex 182.916 86.9572 24
    endloop
  endfacet
  facet normal 0 0 -1
    outer loop
      vertex 184.785 84.4592 24
      vertex 182.793 86.8339 24
      vertex 182.857 86.8929 24
    endloop
  endfacet
  facet normal 0 0 -1
    outer loop
      vertex 184.502 84.2415 24
      vertex 182.724 86.7808 24
      vertex 182.793 86.8339 24
    endloop
  endfacet
  facet normal 0 0 -1
    outer loop
      vertex 184.2 84.0493 24
      vertex 182.65 86.734 24
      vertex 182.724 86.7808 24
    endloop
  endfacet
  facet normal 0 0 -1
    outer loop
      vertex 183.883 83.8841 24
      vertex 182.573 86.6937 24
      vertex 182.65 86.734 24
    endloop
  endfacet
  facet normal 0 0 -1
    outer loop
      vertex 182.324 86.6152 24
      vertex 182.862 83.5623 24
      vertex 182.507 83.5156 24
    endloop
  endfacet
  facet normal 0 0 -1
    outer loop
      vertex 183.552 83.7473 24
      vertex 182.492 86.6603 24
      vertex 182.573 86.6937 24
    endloop
  endfacet
  facet normal 0 0 -1
    outer loop
      vertex 183.211 83.6397 24
      vertex 182.409 86.6341 24
      vertex 182.492 86.6603 24
    endloop
  endfacet
  facet normal 0 0 -1
    outer loop
      vertex 182.862 83.5623 24
      vertex 182.324 86.6152 24
      vertex 182.409 86.6341 24
    endloop
  endfacet
  facet normal 0 0 -1
    outer loop
      vertex 182.507 83.5156 24
      vertex 182.237 86.6038 24
      vertex 182.324 86.6152 24
    endloop
  endfacet
  facet normal 0 0 -1
    outer loop
      vertex 182.15 83.5 24
      vertex 182.237 86.6038 24
      vertex 182.507 83.5156 24
    endloop
  endfacet
  facet normal 0 0 -1
    outer loop
      vertex 182.15 83.5 24
      vertex 182.15 86.6 24
      vertex 182.237 86.6038 24
    endloop
  endfacet
  facet normal 0 0 -1
    outer loop
      vertex 175.152 83.5 24
      vertex 182.15 86.6 24
      vertex 182.15 83.5 24
    endloop
  endfacet
  facet normal 0 0 -1
    outer loop
      vertex 173.338 80.8683 24
      vertex 175.017 79.6925 24
      vertex 174.831 79.4502 24
    endloop
  endfacet
  facet normal 0 0 -1
    outer loop
      vertex 173.261 80.768 24
      vertex 174.831 79.4502 24
      vertex 174.625 79.2251 24
    endloop
  endfacet
  facet normal 0 0 -1
    outer loop
      vertex 173.175 80.6747 24
      vertex 174.625 79.2251 24
      vertex 174.4 79.0188 24
    endloop
  endfacet
  facet normal 0 0 -1
    outer loop
      vertex 173.082 80.5892 24
      vertex 174.4 79.0188 24
      vertex 174.158 78.833 24
    endloop
  endfacet
  facet normal 0 0 -1
    outer loop
      vertex 172.982 80.5122 24
      vertex 174.158 78.833 24
      vertex 173.9 78.6689 24
    endloop
  endfacet
  facet normal 0 0 -1
    outer loop
      vertex 172.875 80.4443 24
      vertex 173.9 78.6689 24
      vertex 173.629 78.5279 24
    endloop
  endfacet
  facet normal 0 0 -1
    outer loop
      vertex 175.531 80.7941 24
      vertex 173.551 81.3247 24
      vertex 173.578 81.4482 24
    endloop
  endfacet
  facet normal 0 0 -1
    outer loop
      vertex 173.513 82.1959 24
      vertex 175.439 82.8971 24
      vertex 173.551 82.0753 24
    endloop
  endfacet
  facet normal -0 0 -1
    outer loop
      vertex 175.439 82.8971 24
      vertex 173.513 82.1959 24
      vertex 175.322 83.1792 24
    endloop
  endfacet
  facet normal 0 0 -1
    outer loop
      vertex 173.464 82.3128 24
      vertex 175.322 83.1792 24
      vertex 173.513 82.1959 24
    endloop
  endfacet
  facet normal -0 0 -1
    outer loop
      vertex 175.322 83.1792 24
      vertex 173.464 82.3128 24
      vertex 175.181 83.45 24
    endloop
  endfacet
  facet normal 0 0 -1
    outer loop
      vertex 173.406 82.425 24
      vertex 175.181 83.45 24
      vertex 173.464 82.3128 24
    endloop
  endfacet
  facet normal -0 0 -1
    outer loop
      vertex 175.181 83.45 24
      vertex 173.406 82.425 24
      vertex 175.152 83.5 24
    endloop
  endfacet
  facet normal 0 0 -1
    outer loop
      vertex 173.338 82.5317 24
      vertex 175.152 83.5 24
      vertex 173.406 82.425 24
    endloop
  endfacet
  facet normal 0 0 -1
    outer loop
      vertex 173.261 82.632 24
      vertex 175.152 83.5 24
      vertex 173.338 82.5317 24
    endloop
  endfacet
  facet normal 0 0 -1
    outer loop
      vertex 173.175 82.7253 24
      vertex 175.152 83.5 24
      vertex 173.261 82.632 24
    endloop
  endfacet
  facet normal 0 0 -1
    outer loop
      vertex 173.082 82.8108 24
      vertex 175.152 83.5 24
      vertex 173.175 82.7253 24
    endloop
  endfacet
  facet normal 0 0 -1
    outer loop
      vertex 172.982 82.8878 24
      vertex 175.152 83.5 24
      vertex 173.082 82.8108 24
    endloop
  endfacet
  facet normal 0 0 -1
    outer loop
      vertex 172.875 82.9557 24
      vertex 175.152 83.5 24
      vertex 172.982 82.8878 24
    endloop
  endfacet
  facet normal 0 0 -1
    outer loop
      vertex 172.763 83.0141 24
      vertex 175.152 83.5 24
      vertex 172.875 82.9557 24
    endloop
  endfacet
  facet normal 0 0 -1
    outer loop
      vertex 172.646 83.0626 24
      vertex 175.152 83.5 24
      vertex 172.763 83.0141 24
    endloop
  endfacet
  facet normal 0 0 -1
    outer loop
      vertex 172.525 83.1006 24
      vertex 175.152 83.5 24
      vertex 172.646 83.0626 24
    endloop
  endfacet
  facet normal 0 0 -1
    outer loop
      vertex 172.402 83.128 24
      vertex 175.152 83.5 24
      vertex 172.525 83.1006 24
    endloop
  endfacet
  facet normal 0 0 -1
    outer loop
      vertex 172.276 83.1445 24
      vertex 175.152 83.5 24
      vertex 172.402 83.128 24
    endloop
  endfacet
  facet normal 0 0 -1
    outer loop
      vertex 172.15 83.15 24
      vertex 175.152 83.5 24
      vertex 172.276 83.1445 24
    endloop
  endfacet
  facet normal 0 0 -1
    outer loop
      vertex 169.148 83.5 24
      vertex 175.152 83.5 24
      vertex 172.15 83.15 24
    endloop
  endfacet
  facet normal 0 0 -1
    outer loop
      vertex 169.148 83.5 24
      vertex 172.15 83.15 24
      vertex 172.024 83.1445 24
    endloop
  endfacet
  facet normal 0 0 -1
    outer loop
      vertex 169.148 83.5 24
      vertex 172.024 83.1445 24
      vertex 171.898 83.128 24
    endloop
  endfacet
  facet normal 0 0 -1
    outer loop
      vertex 169.148 83.5 24
      vertex 171.898 83.128 24
      vertex 171.775 83.1006 24
    endloop
  endfacet
  facet normal 0 0 -1
    outer loop
      vertex 169.148 83.5 24
      vertex 171.775 83.1006 24
      vertex 171.654 83.0626 24
    endloop
  endfacet
  facet normal 0 0 -1
    outer loop
      vertex 169.119 79.95 24
      vertex 170.894 80.975 24
      vertex 169.283 79.6925 24
    endloop
  endfacet
  facet normal -0 0 -1
    outer loop
      vertex 170.894 80.975 24
      vertex 169.119 79.95 24
      vertex 170.836 81.0872 24
    endloop
  endfacet
  facet normal 0 0 -1
    outer loop
      vertex 168.978 80.2208 24
      vertex 170.836 81.0872 24
      vertex 169.119 79.95 24
    endloop
  endfacet
  facet normal -0 0 -1
    outer loop
      vertex 170.836 81.0872 24
      vertex 168.978 80.2208 24
      vertex 170.787 81.2041 24
    endloop
  endfacet
  facet normal 0 0 -1
    outer loop
      vertex 168.861 80.5029 24
      vertex 170.787 81.2041 24
      vertex 168.978 80.2208 24
    endloop
  endfacet
  facet normal -0 0 -1
    outer loop
      vertex 170.787 81.2041 24
      vertex 168.861 80.5029 24
      vertex 170.749 81.3247 24
    endloop
  endfacet
  facet normal 0 0 -1
    outer loop
      vertex 168.769 80.7941 24
      vertex 170.749 81.3247 24
      vertex 168.861 80.5029 24
    endloop
  endfacet
  facet normal -0 0 -1
    outer loop
      vertex 170.749 81.3247 24
      vertex 168.769 80.7941 24
      vertex 170.722 81.4482 24
    endloop
  endfacet
  facet normal 0 0 -1
    outer loop
      vertex 168.703 81.0922 24
      vertex 170.722 81.4482 24
      vertex 168.769 80.7941 24
    endloop
  endfacet
  facet normal -0 0 -1
    outer loop
      vertex 170.722 81.4482 24
      vertex 168.703 81.0922 24
      vertex 170.706 81.5736 24
    endloop
  endfacet
  facet normal 0 0 -1
    outer loop
      vertex 168.663 81.395 24
      vertex 170.706 81.5736 24
      vertex 168.703 81.0922 24
    endloop
  endfacet
  facet normal -0 0 -1
    outer loop
      vertex 170.706 81.5736 24
      vertex 168.663 81.395 24
      vertex 170.7 81.7 24
    endloop
  endfacet
  facet normal 0 0 -1
    outer loop
      vertex 168.65 81.7 24
      vertex 170.7 81.7 24
      vertex 168.663 81.395 24
    endloop
  endfacet
  facet normal 0 0 -1
    outer loop
      vertex 169.148 83.5 24
      vertex 170.962 82.5317 24
      vertex 170.894 82.425 24
    endloop
  endfacet
  facet normal 0 0 -1
    outer loop
      vertex 169.148 83.5 24
      vertex 171.039 82.632 24
      vertex 170.962 82.5317 24
    endloop
  endfacet
  facet normal 0 0 -1
    outer loop
      vertex 169.148 83.5 24
      vertex 171.125 82.7253 24
      vertex 171.039 82.632 24
    endloop
  endfacet
  facet normal 0 0 -1
    outer loop
      vertex 169.148 83.5 24
      vertex 171.218 82.8108 24
      vertex 171.125 82.7253 24
    endloop
  endfacet
  facet normal 0 0 -1
    outer loop
      vertex 169.148 83.5 24
      vertex 171.318 82.8878 24
      vertex 171.218 82.8108 24
    endloop
  endfacet
  facet normal 0 0 -1
    outer loop
      vertex 169.148 83.5 24
      vertex 171.425 82.9557 24
      vertex 171.318 82.8878 24
    endloop
  endfacet
  facet normal 0 0 -1
    outer loop
      vertex 169.148 83.5 24
      vertex 171.537 83.0141 24
      vertex 171.425 82.9557 24
    endloop
  endfacet
  facet normal 0 0 -1
    outer loop
      vertex 169.148 83.5 24
      vertex 171.654 83.0626 24
      vertex 171.537 83.0141 24
    endloop
  endfacet
  facet normal 0 0 -1
    outer loop
      vertex 175.152 83.5 24
      vertex 169.148 83.5 24
      vertex 182.15 86.6 24
    endloop
  endfacet
  facet normal 0 0 -1
    outer loop
      vertex 162.15 86.6 24
      vertex 169.148 83.5 24
      vertex 162.15 83.5 24
    endloop
  endfacet
  facet normal 0 0 -1
    outer loop
      vertex 169.148 83.5 24
      vertex 162.15 86.6 24
      vertex 182.15 86.6 24
    endloop
  endfacet
  facet normal 0 0 -1
    outer loop
      vertex 162.15 83.5 24
      vertex 162.063 86.6038 24
      vertex 162.15 86.6 24
    endloop
  endfacet
  facet normal 0 0 -1
    outer loop
      vertex 161.793 83.5156 24
      vertex 162.063 86.6038 24
      vertex 162.15 83.5 24
    endloop
  endfacet
  facet normal -0 0 -1
    outer loop
      vertex 162.063 86.6038 24
      vertex 161.793 83.5156 24
      vertex 161.976 86.6152 24
    endloop
  endfacet
  facet normal 0 0 -1
    outer loop
      vertex 161.438 83.5623 24
      vertex 161.976 86.6152 24
      vertex 161.793 83.5156 24
    endloop
  endfacet
  facet normal -0 0 -1
    outer loop
      vertex 161.976 86.6152 24
      vertex 161.438 83.5623 24
      vertex 161.891 86.6341 24
    endloop
  endfacet
  facet normal 0 0 -1
    outer loop
      vertex 161.089 83.6397 24
      vertex 161.891 86.6341 24
      vertex 161.438 83.5623 24
    endloop
  endfacet
  facet normal -0 0 -1
    outer loop
      vertex 161.891 86.6341 24
      vertex 161.089 83.6397 24
      vertex 161.808 86.6603 24
    endloop
  endfacet
  facet normal 0 0 -1
    outer loop
      vertex 160.748 83.7473 24
      vertex 161.808 86.6603 24
      vertex 161.089 83.6397 24
    endloop
  endfacet
  facet normal -0 0 -1
    outer loop
      vertex 161.808 86.6603 24
      vertex 160.748 83.7473 24
      vertex 161.727 86.6937 24
    endloop
  endfacet
  facet normal 0 0 -1
    outer loop
      vertex 160.417 83.8841 24
      vertex 161.727 86.6937 24
      vertex 160.748 83.7473 24
    endloop
  endfacet
  facet normal -0 0 -1
    outer loop
      vertex 161.727 86.6937 24
      vertex 160.417 83.8841 24
      vertex 161.65 86.734 24
    endloop
  endfacet
  facet normal 0 0 -1
    outer loop
      vertex 160.1 84.0493 24
      vertex 161.65 86.734 24
      vertex 160.417 83.8841 24
    endloop
  endfacet
  facet normal -0 0 -1
    outer loop
      vertex 161.65 86.734 24
      vertex 160.1 84.0493 24
      vertex 161.576 86.7808 24
    endloop
  endfacet
  facet normal 0 0 -1
    outer loop
      vertex 159.798 84.2415 24
      vertex 161.576 86.7808 24
      vertex 160.1 84.0493 24
    endloop
  endfacet
  facet normal -0 0 -1
    outer loop
      vertex 161.576 86.7808 24
      vertex 159.798 84.2415 24
      vertex 161.507 86.8339 24
    endloop
  endfacet
  facet normal 0 0 -1
    outer loop
      vertex 159.515 84.4592 24
      vertex 161.507 86.8339 24
      vertex 159.798 84.2415 24
    endloop
  endfacet
  facet normal -0 0 -1
    outer loop
      vertex 161.507 86.8339 24
      vertex 159.515 84.4592 24
      vertex 161.443 86.8929 24
    endloop
  endfacet
  facet normal 0 0 -1
    outer loop
      vertex 159.251 84.7009 24
      vertex 161.443 86.8929 24
      vertex 159.515 84.4592 24
    endloop
  endfacet
  facet normal -0 0 -1
    outer loop
      vertex 161.443 86.8929 24
      vertex 159.251 84.7009 24
      vertex 161.384 86.9572 24
    endloop
  endfacet
  facet normal 0 0 -1
    outer loop
      vertex 159.009 84.9646 24
      vertex 161.384 86.9572 24
      vertex 159.251 84.7009 24
    endloop
  endfacet
  facet normal -0 0 -1
    outer loop
      vertex 161.384 86.9572 24
      vertex 159.009 84.9646 24
      vertex 161.331 87.0264 24
    endloop
  endfacet
  facet normal 0 0 -1
    outer loop
      vertex 158.791 85.2483 24
      vertex 161.331 87.0264 24
      vertex 159.009 84.9646 24
    endloop
  endfacet
  facet normal -0 0 -1
    outer loop
      vertex 161.331 87.0264 24
      vertex 158.791 85.2483 24
      vertex 161.284 87.1 24
    endloop
  endfacet
  facet normal 0 0 -1
    outer loop
      vertex 158.599 85.55 24
      vertex 161.284 87.1 24
      vertex 158.791 85.2483 24
    endloop
  endfacet
  facet normal -0 0 -1
    outer loop
      vertex 161.284 87.1 24
      vertex 158.599 85.55 24
      vertex 161.244 87.1774 24
    endloop
  endfacet
  facet normal 0 0 -1
    outer loop
      vertex 158.434 85.8673 24
      vertex 161.244 87.1774 24
      vertex 158.599 85.55 24
    endloop
  endfacet
  facet normal -0 0 -1
    outer loop
      vertex 161.244 87.1774 24
      vertex 158.434 85.8673 24
      vertex 161.21 87.258 24
    endloop
  endfacet
  facet normal 0 0 -1
    outer loop
      vertex 158.297 86.1977 24
      vertex 161.21 87.258 24
      vertex 158.434 85.8673 24
    endloop
  endfacet
  facet normal -0 0 -1
    outer loop
      vertex 161.21 87.258 24
      vertex 158.297 86.1977 24
      vertex 161.184 87.3412 24
    endloop
  endfacet
  facet normal 0 0 -1
    outer loop
      vertex 158.19 86.5388 24
      vertex 161.184 87.3412 24
      vertex 158.297 86.1977 24
    endloop
  endfacet
  facet normal -0 0 -1
    outer loop
      vertex 161.184 87.3412 24
      vertex 158.19 86.5388 24
      vertex 161.165 87.4263 24
    endloop
  endfacet
  facet normal 0 0 -1
    outer loop
      vertex 158.112 86.888 24
      vertex 161.165 87.4263 24
      vertex 158.19 86.5388 24
    endloop
  endfacet
  facet normal -0 0 -1
    outer loop
      vertex 161.165 87.4263 24
      vertex 158.112 86.888 24
      vertex 161.154 87.5128 24
    endloop
  endfacet
  facet normal 0 0 -1
    outer loop
      vertex 158.066 87.2427 24
      vertex 161.154 87.5128 24
      vertex 158.112 86.888 24
    endloop
  endfacet
  facet normal -0 0 -1
    outer loop
      vertex 161.154 87.5128 24
      vertex 158.066 87.2427 24
      vertex 161.15 87.6 24
    endloop
  endfacet
  facet normal -0 0 -1
    outer loop
      vertex 161.15 87.6 24
      vertex 158.066 87.2427 24
      vertex 158.05 87.6 24
    endloop
  endfacet
  facet normal 0 0 -1
    outer loop
      vertex 161.15 87.6 24
      vertex 158.05 87.6 24
      vertex 161.15 120 24
    endloop
  endfacet
  facet normal -0 0 -1
    outer loop
      vertex 161.15 120 24
      vertex 158.05 87.6 24
      vertex 158.05 120 24
    endloop
  endfacet
  facet normal -0 0 -1
    outer loop
      vertex 185.509 170.752 24
      vertex 182.969 168.974 24
      vertex 185.291 171.035 24
    endloop
  endfacet
  facet normal 0 0 -1
    outer loop
      vertex 182.916 169.043 24
      vertex 185.291 171.035 24
      vertex 182.969 168.974 24
    endloop
  endfacet
  facet normal -0 0 -1
    outer loop
      vertex 185.291 171.035 24
      vertex 182.916 169.043 24
      vertex 185.049 171.299 24
    endloop
  endfacet
  facet normal 0 0 -1
    outer loop
      vertex 182.857 169.107 24
      vertex 185.049 171.299 24
      vertex 182.916 169.043 24
    endloop
  endfacet
  facet normal -0 0 -1
    outer loop
      vertex 185.049 171.299 24
      vertex 182.857 169.107 24
      vertex 184.785 171.541 24
    endloop
  endfacet
  facet normal 0 0 -1
    outer loop
      vertex 182.793 169.166 24
      vertex 184.785 171.541 24
      vertex 182.857 169.107 24
    endloop
  endfacet
  facet normal -0 0 -1
    outer loop
      vertex 184.785 171.541 24
      vertex 182.793 169.166 24
      vertex 184.502 171.759 24
    endloop
  endfacet
  facet normal 0 0 -1
    outer loop
      vertex 182.724 169.219 24
      vertex 184.502 171.759 24
      vertex 182.793 169.166 24
    endloop
  endfacet
  facet normal -0 0 -1
    outer loop
      vertex 184.502 171.759 24
      vertex 182.724 169.219 24
      vertex 184.2 171.951 24
    endloop
  endfacet
  facet normal 0 0 -1
    outer loop
      vertex 182.65 169.266 24
      vertex 184.2 171.951 24
      vertex 182.724 169.219 24
    endloop
  endfacet
  facet normal -0 0 -1
    outer loop
      vertex 184.2 171.951 24
      vertex 182.65 169.266 24
      vertex 183.883 172.116 24
    endloop
  endfacet
  facet normal 0 0 -1
    outer loop
      vertex 182.573 169.306 24
      vertex 183.883 172.116 24
      vertex 182.65 169.266 24
    endloop
  endfacet
  facet normal -0 0 -1
    outer loop
      vertex 183.883 172.116 24
      vertex 182.573 169.306 24
      vertex 183.552 172.253 24
    endloop
  endfacet
  facet normal 0 0 -1
    outer loop
      vertex 182.492 169.34 24
      vertex 183.552 172.253 24
      vertex 182.573 169.306 24
    endloop
  endfacet
  facet normal -0 0 -1
    outer loop
      vertex 183.552 172.253 24
      vertex 182.492 169.34 24
      vertex 183.211 172.36 24
    endloop
  endfacet
  facet normal 0 0 -1
    outer loop
      vertex 182.409 169.366 24
      vertex 183.211 172.36 24
      vertex 182.492 169.34 24
    endloop
  endfacet
  facet normal -0 0 -1
    outer loop
      vertex 183.211 172.36 24
      vertex 182.409 169.366 24
      vertex 182.862 172.438 24
    endloop
  endfacet
  facet normal 0 0 -1
    outer loop
      vertex 182.324 169.385 24
      vertex 182.862 172.438 24
      vertex 182.409 169.366 24
    endloop
  endfacet
  facet normal -0 0 -1
    outer loop
      vertex 182.862 172.438 24
      vertex 182.324 169.385 24
      vertex 182.507 172.484 24
    endloop
  endfacet
  facet normal 0 0 -1
    outer loop
      vertex 182.237 169.396 24
      vertex 182.507 172.484 24
      vertex 182.324 169.385 24
    endloop
  endfacet
  facet normal 0 0 -1
    outer loop
      vertex 182.237 169.396 24
      vertex 182.15 172.5 24
      vertex 182.507 172.484 24
    endloop
  endfacet
  facet normal 0 0 -1
    outer loop
      vertex 182.15 169.4 24
      vertex 182.15 172.5 24
      vertex 182.237 169.396 24
    endloop
  endfacet
  facet normal 0 0 -1
    outer loop
      vertex 182.15 169.4 24
      vertex 175.152 172.5 24
      vertex 182.15 172.5 24
    endloop
  endfacet
  facet normal -0 0 -1
    outer loop
      vertex 175.531 175.206 24
      vertex 173.551 174.675 24
      vertex 175.439 175.497 24
    endloop
  endfacet
  facet normal -0 0 -1
    outer loop
      vertex 175.439 175.497 24
      vertex 173.513 174.796 24
      vertex 175.322 175.779 24
    endloop
  endfacet
  facet normal 0 0 -1
    outer loop
      vertex 173.464 174.913 24
      vertex 175.322 175.779 24
      vertex 173.513 174.796 24
    endloop
  endfacet
  facet normal 0 0 -1
    outer loop
      vertex 173.406 175.025 24
      vertex 175.181 176.05 24
      vertex 173.464 174.913 24
    endloop
  endfacet
  facet normal -0 0 -1
    outer loop
      vertex 175.181 176.05 24
      vertex 173.406 175.025 24
      vertex 175.017 176.308 24
    endloop
  endfacet
  facet normal -0 0 -1
    outer loop
      vertex 175.017 176.308 24
      vertex 173.338 175.132 24
      vertex 174.831 176.55 24
    endloop
  endfacet
  facet normal 0 0 -1
    outer loop
      vertex 173.513 174.796 24
      vertex 175.439 175.497 24
      vertex 173.551 174.675 24
    endloop
  endfacet
  facet normal 0 0 -1
    outer loop
      vertex 175.152 172.5 24
      vertex 173.594 174.174 24
      vertex 173.6 174.3 24
    endloop
  endfacet
  facet normal 0 0 -1
    outer loop
      vertex 175.152 172.5 24
      vertex 173.578 174.048 24
      vertex 173.594 174.174 24
    endloop
  endfacet
  facet normal 0 0 -1
    outer loop
      vertex 175.152 172.5 24
      vertex 173.551 173.925 24
      vertex 173.578 174.048 24
    endloop
  endfacet
  facet normal 0 0 -1
    outer loop
      vertex 175.152 172.5 24
      vertex 173.513 173.804 24
      vertex 173.551 173.925 24
    endloop
  endfacet
  facet normal 0 0 -1
    outer loop
      vertex 175.152 172.5 24
      vertex 173.464 173.687 24
      vertex 173.513 173.804 24
    endloop
  endfacet
  facet normal 0 0 -1
    outer loop
      vertex 175.152 172.5 24
      vertex 173.406 173.575 24
      vertex 173.464 173.687 24
    endloop
  endfacet
  facet normal 0 0 -1
    outer loop
      vertex 175.152 172.5 24
      vertex 173.338 173.468 24
      vertex 173.406 173.575 24
    endloop
  endfacet
  facet normal 0 0 -1
    outer loop
      vertex 175.152 172.5 24
      vertex 173.261 173.368 24
      vertex 173.338 173.468 24
    endloop
  endfacet
  facet normal 0 0 -1
    outer loop
      vertex 175.152 172.5 24
      vertex 173.175 173.275 24
      vertex 173.261 173.368 24
    endloop
  endfacet
  facet normal 0 0 -1
    outer loop
      vertex 169.148 172.5 24
      vertex 175.152 172.5 24
      vertex 182.15 169.4 24
    endloop
  endfacet
  facet normal 0 0 -1
    outer loop
      vertex 175.152 172.5 24
      vertex 173.082 173.189 24
      vertex 173.175 173.275 24
    endloop
  endfacet
  facet normal 0 0 -1
    outer loop
      vertex 175.152 172.5 24
      vertex 172.982 173.112 24
      vertex 173.082 173.189 24
    endloop
  endfacet
  facet normal 0 0 -1
    outer loop
      vertex 175.152 172.5 24
      vertex 172.875 173.044 24
      vertex 172.982 173.112 24
    endloop
  endfacet
  facet normal 0 0 -1
    outer loop
      vertex 175.152 172.5 24
      vertex 172.763 172.986 24
      vertex 172.875 173.044 24
    endloop
  endfacet
  facet normal 0 0 -1
    outer loop
      vertex 175.152 172.5 24
      vertex 172.646 172.937 24
      vertex 172.763 172.986 24
    endloop
  endfacet
  facet normal 0 0 -1
    outer loop
      vertex 175.152 172.5 24
      vertex 172.525 172.899 24
      vertex 172.646 172.937 24
    endloop
  endfacet
  facet normal 0 0 -1
    outer loop
      vertex 175.152 172.5 24
      vertex 172.402 172.872 24
      vertex 172.525 172.899 24
    endloop
  endfacet
  facet normal 0 0 -1
    outer loop
      vertex 175.152 172.5 24
      vertex 172.276 172.856 24
      vertex 172.402 172.872 24
    endloop
  endfacet
  facet normal 0 0 -1
    outer loop
      vertex 175.152 172.5 24
      vertex 172.15 172.85 24
      vertex 172.276 172.856 24
    endloop
  endfacet
  facet normal 0 0 -1
    outer loop
      vertex 175.152 172.5 24
      vertex 169.148 172.5 24
      vertex 172.15 172.85 24
    endloop
  endfacet
  facet normal -0 0 -1
    outer loop
      vertex 172.15 172.85 24
      vertex 169.148 172.5 24
      vertex 172.024 172.856 24
    endloop
  endfacet
  facet normal -0 0 -1
    outer loop
      vertex 172.024 172.856 24
      vertex 169.148 172.5 24
      vertex 171.898 172.872 24
    endloop
  endfacet
  facet normal -0 0 -1
    outer loop
      vertex 171.898 172.872 24
      vertex 169.148 172.5 24
      vertex 171.775 172.899 24
    endloop
  endfacet
  facet normal 0 0 -1
    outer loop
      vertex 171.425 175.556 24
      vertex 170.4 177.331 24
      vertex 170.671 177.472 24
    endloop
  endfacet
  facet normal 0 0 -1
    outer loop
      vertex 168.65 174.3 24
      vertex 170.7 174.3 24
      vertex 170.706 174.174 24
    endloop
  endfacet
  facet normal 0 0 -1
    outer loop
      vertex 170.706 174.426 24
      vertex 170.142 177.167 24
      vertex 170.4 177.331 24
    endloop
  endfacet
  facet normal 0 0 -1
    outer loop
      vertex 168.663 173.995 24
      vertex 170.706 174.174 24
      vertex 170.722 174.048 24
    endloop
  endfacet
  facet normal 0 0 -1
    outer loop
      vertex 170.706 174.426 24
      vertex 169.9 176.981 24
      vertex 170.142 177.167 24
    endloop
  endfacet
  facet normal 0 0 -1
    outer loop
      vertex 168.703 173.692 24
      vertex 170.722 174.048 24
      vertex 170.749 173.925 24
    endloop
  endfacet
  facet normal 0 0 -1
    outer loop
      vertex 170.706 174.426 24
      vertex 169.675 176.775 24
      vertex 169.9 176.981 24
    endloop
  endfacet
  facet normal 0 0 -1
    outer loop
      vertex 168.769 173.394 24
      vertex 170.749 173.925 24
      vertex 170.787 173.804 24
    endloop
  endfacet
  facet normal 0 0 -1
    outer loop
      vertex 170.706 174.426 24
      vertex 169.469 176.55 24
      vertex 169.675 176.775 24
    endloop
  endfacet
  facet normal 0 0 -1
    outer loop
      vertex 168.861 173.103 24
      vertex 170.787 173.804 24
      vertex 170.836 173.687 24
    endloop
  endfacet
  facet normal 0 0 -1
    outer loop
      vertex 170.706 174.426 24
      vertex 169.283 176.308 24
      vertex 169.469 176.55 24
    endloop
  endfacet
  facet normal 0 0 -1
    outer loop
      vertex 168.978 172.821 24
      vertex 170.836 173.687 24
      vertex 170.894 173.575 24
    endloop
  endfacet
  facet normal 0 0 -1
    outer loop
      vertex 169.119 172.55 24
      vertex 170.894 173.575 24
      vertex 169.148 172.5 24
    endloop
  endfacet
  facet normal -0 0 -1
    outer loop
      vertex 170.962 173.468 24
      vertex 169.148 172.5 24
      vertex 170.894 173.575 24
    endloop
  endfacet
  facet normal -0 0 -1
    outer loop
      vertex 171.039 173.368 24
      vertex 169.148 172.5 24
      vertex 170.962 173.468 24
    endloop
  endfacet
  facet normal -0 0 -1
    outer loop
      vertex 171.125 173.275 24
      vertex 169.148 172.5 24
      vertex 171.039 173.368 24
    endloop
  endfacet
  facet normal -0 0 -1
    outer loop
      vertex 171.218 173.189 24
      vertex 169.148 172.5 24
      vertex 171.125 173.275 24
    endloop
  endfacet
  facet normal -0 0 -1
    outer loop
      vertex 171.318 173.112 24
      vertex 169.148 172.5 24
      vertex 171.218 173.189 24
    endloop
  endfacet
  facet normal -0 0 -1
    outer loop
      vertex 171.425 173.044 24
      vertex 169.148 172.5 24
      vertex 171.318 173.112 24
    endloop
  endfacet
  facet normal -0 0 -1
    outer loop
      vertex 171.537 172.986 24
      vertex 169.148 172.5 24
      vertex 171.425 173.044 24
    endloop
  endfacet
  facet normal -0 0 -1
    outer loop
      vertex 171.654 172.937 24
      vertex 169.148 172.5 24
      vertex 171.537 172.986 24
    endloop
  endfacet
  facet normal -0 0 -1
    outer loop
      vertex 171.775 172.899 24
      vertex 169.148 172.5 24
      vertex 171.654 172.937 24
    endloop
  endfacet
  facet normal 0 0 -1
    outer loop
      vertex 162.15 169.4 24
      vertex 169.148 172.5 24
      vertex 182.15 169.4 24
    endloop
  endfacet
  facet normal -0 0 -1
    outer loop
      vertex 169.148 172.5 24
      vertex 162.15 169.4 24
      vertex 162.15 172.5 24
    endloop
  endfacet
  facet normal 0 0 -1
    outer loop
      vertex 162.063 169.396 24
      vertex 162.15 172.5 24
      vertex 162.15 169.4 24
    endloop
  endfacet
  facet normal 0 0 -1
    outer loop
      vertex 161.793 172.484 24
      vertex 162.063 169.396 24
      vertex 161.976 169.385 24
    endloop
  endfacet
  facet normal 0 0 -1
    outer loop
      vertex 161.438 172.438 24
      vertex 161.976 169.385 24
      vertex 161.891 169.366 24
    endloop
  endfacet
  facet normal 0 0 -1
    outer loop
      vertex 161.089 172.36 24
      vertex 161.891 169.366 24
      vertex 161.808 169.34 24
    endloop
  endfacet
  facet normal 0 0 -1
    outer loop
      vertex 162.063 169.396 24
      vertex 161.793 172.484 24
      vertex 162.15 172.5 24
    endloop
  endfacet
  facet normal 0 0 -1
    outer loop
      vertex 160.748 172.253 24
      vertex 161.808 169.34 24
      vertex 161.727 169.306 24
    endloop
  endfacet
  facet normal 0 0 -1
    outer loop
      vertex 160.417 172.116 24
      vertex 161.727 169.306 24
      vertex 161.65 169.266 24
    endloop
  endfacet
  facet normal 0 0 -1
    outer loop
      vertex 160.1 171.951 24
      vertex 161.65 169.266 24
      vertex 161.576 169.219 24
    endloop
  endfacet
  facet normal 0 0 -1
    outer loop
      vertex 159.798 171.759 24
      vertex 161.576 169.219 24
      vertex 161.507 169.166 24
    endloop
  endfacet
  facet normal 0 0 -1
    outer loop
      vertex 159.515 171.541 24
      vertex 161.507 169.166 24
      vertex 161.443 169.107 24
    endloop
  endfacet
  facet normal 0 0 -1
    outer loop
      vertex 161.976 169.385 24
      vertex 161.438 172.438 24
      vertex 161.793 172.484 24
    endloop
  endfacet
  facet normal 0 0 -1
    outer loop
      vertex 159.251 171.299 24
      vertex 161.443 169.107 24
      vertex 161.384 169.043 24
    endloop
  endfacet
  facet normal 0 0 -1
    outer loop
      vertex 159.009 171.035 24
      vertex 161.384 169.043 24
      vertex 161.331 168.974 24
    endloop
  endfacet
  facet normal 0 0 -1
    outer loop
      vertex 158.791 170.752 24
      vertex 161.331 168.974 24
      vertex 161.284 168.9 24
    endloop
  endfacet
  facet normal 0 0 -1
    outer loop
      vertex 158.599 170.45 24
      vertex 161.284 168.9 24
      vertex 161.244 168.823 24
    endloop
  endfacet
  facet normal 0 0 -1
    outer loop
      vertex 158.434 170.133 24
      vertex 161.244 168.823 24
      vertex 161.21 168.742 24
    endloop
  endfacet
  facet normal 0 0 -1
    outer loop
      vertex 158.297 169.802 24
      vertex 161.21 168.742 24
      vertex 161.184 168.659 24
    endloop
  endfacet
  facet normal 0 0 -1
    outer loop
      vertex 158.19 169.461 24
      vertex 161.184 168.659 24
      vertex 161.165 168.574 24
    endloop
  endfacet
  facet normal 0 0 -1
    outer loop
      vertex 158.112 169.112 24
      vertex 161.165 168.574 24
      vertex 161.154 168.487 24
    endloop
  endfacet
  facet normal 0 0 -1
    outer loop
      vertex 161.891 169.366 24
      vertex 161.089 172.36 24
      vertex 161.438 172.438 24
    endloop
  endfacet
  facet normal 0 0 -1
    outer loop
      vertex 158.066 168.757 24
      vertex 161.154 168.487 24
      vertex 161.15 168.4 24
    endloop
  endfacet
  facet normal 0 0 -1
    outer loop
      vertex 158.05 168.4 24
      vertex 161.15 168.4 24
      vertex 161.15 136 24
    endloop
  endfacet
  facet normal 0 -0 -1
    outer loop
      vertex 158.066 168.757 24
      vertex 161.15 168.4 24
      vertex 158.05 168.4 24
    endloop
  endfacet
  facet normal 0 0 -1
    outer loop
      vertex 161.808 169.34 24
      vertex 160.748 172.253 24
      vertex 161.089 172.36 24
    endloop
  endfacet
  facet normal 0 0 -1
    outer loop
      vertex 161.727 169.306 24
      vertex 160.417 172.116 24
      vertex 160.748 172.253 24
    endloop
  endfacet
  facet normal 0 0 -1
    outer loop
      vertex 161.65 169.266 24
      vertex 160.1 171.951 24
      vertex 160.417 172.116 24
    endloop
  endfacet
  facet normal 0 0 -1
    outer loop
      vertex 161.576 169.219 24
      vertex 159.798 171.759 24
      vertex 160.1 171.951 24
    endloop
  endfacet
  facet normal 0 0 -1
    outer loop
      vertex 161.507 169.166 24
      vertex 159.515 171.541 24
      vertex 159.798 171.759 24
    endloop
  endfacet
  facet normal 0 0 -1
    outer loop
      vertex 161.443 169.107 24
      vertex 159.251 171.299 24
      vertex 159.515 171.541 24
    endloop
  endfacet
  facet normal 0 0 -1
    outer loop
      vertex 161.384 169.043 24
      vertex 159.009 171.035 24
      vertex 159.251 171.299 24
    endloop
  endfacet
  facet normal 0 0 -1
    outer loop
      vertex 161.331 168.974 24
      vertex 158.791 170.752 24
      vertex 159.009 171.035 24
    endloop
  endfacet
  facet normal 0 0 -1
    outer loop
      vertex 161.284 168.9 24
      vertex 158.599 170.45 24
      vertex 158.791 170.752 24
    endloop
  endfacet
  facet normal 0 0 -1
    outer loop
      vertex 161.244 168.823 24
      vertex 158.434 170.133 24
      vertex 158.599 170.45 24
    endloop
  endfacet
  facet normal 0 0 -1
    outer loop
      vertex 161.21 168.742 24
      vertex 158.297 169.802 24
      vertex 158.434 170.133 24
    endloop
  endfacet
  facet normal 0 0 -1
    outer loop
      vertex 161.184 168.659 24
      vertex 158.19 169.461 24
      vertex 158.297 169.802 24
    endloop
  endfacet
  facet normal 0 0 -1
    outer loop
      vertex 161.165 168.574 24
      vertex 158.112 169.112 24
      vertex 158.19 169.461 24
    endloop
  endfacet
  facet normal 0 0 -1
    outer loop
      vertex 158.05 168.4 24
      vertex 161.15 136 24
      vertex 158.05 136 24
    endloop
  endfacet
  facet normal 0 0 -1
    outer loop
      vertex 161.154 168.487 24
      vertex 158.066 168.757 24
      vertex 158.112 169.112 24
    endloop
  endfacet
  facet normal 0 0 -1
    outer loop
      vertex 170.7 81.7 24
      vertex 168.65 81.7 24
      vertex 170.706 81.8264 24
    endloop
  endfacet
  facet normal 0 0 -1
    outer loop
      vertex 170.894 82.425 24
      vertex 169.119 83.45 24
      vertex 169.148 83.5 24
    endloop
  endfacet
  facet normal 0 -0 -1
    outer loop
      vertex 168.663 82.005 24
      vertex 170.706 81.8264 24
      vertex 168.65 81.7 24
    endloop
  endfacet
  facet normal 0 0 -1
    outer loop
      vertex 170.894 82.425 24
      vertex 168.978 83.1792 24
      vertex 169.119 83.45 24
    endloop
  endfacet
  facet normal 0 0 -1
    outer loop
      vertex 170.706 81.8264 24
      vertex 168.663 82.005 24
      vertex 170.722 81.9518 24
    endloop
  endfacet
  facet normal 0 0 -1
    outer loop
      vertex 170.836 82.3128 24
      vertex 168.978 83.1792 24
      vertex 170.894 82.425 24
    endloop
  endfacet
  facet normal 0 -0 -1
    outer loop
      vertex 168.703 82.3078 24
      vertex 170.722 81.9518 24
      vertex 168.663 82.005 24
    endloop
  endfacet
  facet normal 0 -0 -1
    outer loop
      vertex 168.978 83.1792 24
      vertex 170.836 82.3128 24
      vertex 168.861 82.8971 24
    endloop
  endfacet
  facet normal 0 0 -1
    outer loop
      vertex 170.722 81.9518 24
      vertex 168.703 82.3078 24
      vertex 170.749 82.0753 24
    endloop
  endfacet
  facet normal 0 0 -1
    outer loop
      vertex 170.787 82.1959 24
      vertex 168.861 82.8971 24
      vertex 170.836 82.3128 24
    endloop
  endfacet
  facet normal 0 -0 -1
    outer loop
      vertex 168.769 82.6059 24
      vertex 170.749 82.0753 24
      vertex 168.703 82.3078 24
    endloop
  endfacet
  facet normal 0 -0 -1
    outer loop
      vertex 168.861 82.8971 24
      vertex 170.787 82.1959 24
      vertex 168.769 82.6059 24
    endloop
  endfacet
  facet normal 0 0 -1
    outer loop
      vertex 170.749 82.0753 24
      vertex 168.769 82.6059 24
      vertex 170.787 82.1959 24
    endloop
  endfacet
  facet normal 0 0 -1
    outer loop
      vertex 168.978 172.821 24
      vertex 170.894 173.575 24
      vertex 169.119 172.55 24
    endloop
  endfacet
  facet normal 0 0 -1
    outer loop
      vertex 170.706 174.426 24
      vertex 169.119 176.05 24
      vertex 169.283 176.308 24
    endloop
  endfacet
  facet normal 0 0 -1
    outer loop
      vertex 170.836 173.687 24
      vertex 168.978 172.821 24
      vertex 168.861 173.103 24
    endloop
  endfacet
  facet normal 0 0 -1
    outer loop
      vertex 170.706 174.426 24
      vertex 168.978 175.779 24
      vertex 169.119 176.05 24
    endloop
  endfacet
  facet normal 0 0 -1
    outer loop
      vertex 170.787 173.804 24
      vertex 168.861 173.103 24
      vertex 168.769 173.394 24
    endloop
  endfacet
  facet normal 0 0 -1
    outer loop
      vertex 170.706 174.426 24
      vertex 168.861 175.497 24
      vertex 168.978 175.779 24
    endloop
  endfacet
  facet normal 0 0 -1
    outer loop
      vertex 170.749 173.925 24
      vertex 168.769 173.394 24
      vertex 168.703 173.692 24
    endloop
  endfacet
  facet normal 0 0 -1
    outer loop
      vertex 170.706 174.426 24
      vertex 168.769 175.206 24
      vertex 168.861 175.497 24
    endloop
  endfacet
  facet normal 0 0 -1
    outer loop
      vertex 170.722 174.048 24
      vertex 168.703 173.692 24
      vertex 168.663 173.995 24
    endloop
  endfacet
  facet normal 0 0 -1
    outer loop
      vertex 170.706 174.426 24
      vertex 168.703 174.908 24
      vertex 168.769 175.206 24
    endloop
  endfacet
  facet normal -0 0 -1
    outer loop
      vertex 170.706 174.174 24
      vertex 168.663 173.995 24
      vertex 168.65 174.3 24
    endloop
  endfacet
  facet normal 0 0 -1
    outer loop
      vertex 170.706 174.426 24
      vertex 168.663 174.605 24
      vertex 168.703 174.908 24
    endloop
  endfacet
  facet normal 0 0 -1
    outer loop
      vertex 170.7 174.3 24
      vertex 168.65 174.3 24
      vertex 168.663 174.605 24
    endloop
  endfacet
  facet normal -0 0 -1
    outer loop
      vertex 175.531 82.6059 24
      vertex 173.551 82.0753 24
      vertex 175.439 82.8971 24
    endloop
  endfacet
  facet normal 0 0 -1
    outer loop
      vertex 175.637 81.395 24
      vertex 173.594 81.5736 24
      vertex 173.6 81.7 24
    endloop
  endfacet
  facet normal 0 0 -1
    outer loop
      vertex 175.597 81.0922 24
      vertex 173.578 81.4482 24
      vertex 173.594 81.5736 24
    endloop
  endfacet
  facet normal 0 0 -1
    outer loop
      vertex 175.439 80.5029 24
      vertex 173.513 81.2041 24
      vertex 173.551 81.3247 24
    endloop
  endfacet
  facet normal 0 0 -1
    outer loop
      vertex 175.322 80.2208 24
      vertex 173.464 81.0872 24
      vertex 173.513 81.2041 24
    endloop
  endfacet
  facet normal 0 0 -1
    outer loop
      vertex 175.181 79.95 24
      vertex 173.406 80.975 24
      vertex 173.464 81.0872 24
    endloop
  endfacet
  facet normal 0 0 -1
    outer loop
      vertex 172.763 80.3858 24
      vertex 173.629 78.5279 24
      vertex 173.347 78.4111 24
    endloop
  endfacet
  facet normal 0 0 -1
    outer loop
      vertex 175.017 79.6925 24
      vertex 173.338 80.8683 24
      vertex 173.406 80.975 24
    endloop
  endfacet
  facet normal 0 0 -1
    outer loop
      vertex 174.831 79.4502 24
      vertex 173.261 80.768 24
      vertex 173.338 80.8683 24
    endloop
  endfacet
  facet normal 0 0 -1
    outer loop
      vertex 174.625 79.2251 24
      vertex 173.175 80.6747 24
      vertex 173.261 80.768 24
    endloop
  endfacet
  facet normal 0 0 -1
    outer loop
      vertex 174.4 79.0188 24
      vertex 173.082 80.5892 24
      vertex 173.175 80.6747 24
    endloop
  endfacet
  facet normal 0 0 -1
    outer loop
      vertex 172.646 80.3374 24
      vertex 173.347 78.4111 24
      vertex 173.056 78.3193 24
    endloop
  endfacet
  facet normal 0 0 -1
    outer loop
      vertex 174.158 78.833 24
      vertex 172.982 80.5122 24
      vertex 173.082 80.5892 24
    endloop
  endfacet
  facet normal 0 0 -1
    outer loop
      vertex 173.9 78.6689 24
      vertex 172.875 80.4443 24
      vertex 172.982 80.5122 24
    endloop
  endfacet
  facet normal 0 0 -1
    outer loop
      vertex 173.629 78.5279 24
      vertex 172.763 80.3858 24
      vertex 172.875 80.4443 24
    endloop
  endfacet
  facet normal 0 0 -1
    outer loop
      vertex 172.525 80.2994 24
      vertex 173.056 78.3193 24
      vertex 172.758 78.2532 24
    endloop
  endfacet
  facet normal 0 0 -1
    outer loop
      vertex 173.347 78.4111 24
      vertex 172.646 80.3374 24
      vertex 172.763 80.3858 24
    endloop
  endfacet
  facet normal 0 0 -1
    outer loop
      vertex 173.056 78.3193 24
      vertex 172.525 80.2994 24
      vertex 172.646 80.3374 24
    endloop
  endfacet
  facet normal 0 0 -1
    outer loop
      vertex 172.402 80.272 24
      vertex 172.758 78.2532 24
      vertex 172.455 78.2133 24
    endloop
  endfacet
  facet normal 0 0 -1
    outer loop
      vertex 172.758 78.2532 24
      vertex 172.402 80.272 24
      vertex 172.525 80.2994 24
    endloop
  endfacet
  facet normal 0 0 -1
    outer loop
      vertex 172.455 78.2133 24
      vertex 172.276 80.2555 24
      vertex 172.402 80.272 24
    endloop
  endfacet
  facet normal 0 0 -1
    outer loop
      vertex 172.15 78.2 24
      vertex 172.276 80.2555 24
      vertex 172.455 78.2133 24
    endloop
  endfacet
  facet normal 0 0 -1
    outer loop
      vertex 172.15 78.2 24
      vertex 172.15 80.25 24
      vertex 172.276 80.2555 24
    endloop
  endfacet
  facet normal 0 0 -1
    outer loop
      vertex 172.15 78.2 24
      vertex 172.024 80.2555 24
      vertex 172.15 80.25 24
    endloop
  endfacet
  facet normal 0 0 -1
    outer loop
      vertex 171.845 78.2133 24
      vertex 172.024 80.2555 24
      vertex 172.15 78.2 24
    endloop
  endfacet
  facet normal -0 0 -1
    outer loop
      vertex 172.024 80.2555 24
      vertex 171.845 78.2133 24
      vertex 171.898 80.272 24
    endloop
  endfacet
  facet normal 0 0 -1
    outer loop
      vertex 171.542 78.2532 24
      vertex 171.898 80.272 24
      vertex 171.845 78.2133 24
    endloop
  endfacet
  facet normal -0 0 -1
    outer loop
      vertex 171.898 80.272 24
      vertex 171.542 78.2532 24
      vertex 171.775 80.2994 24
    endloop
  endfacet
  facet normal 0 0 -1
    outer loop
      vertex 171.244 78.3193 24
      vertex 171.775 80.2994 24
      vertex 171.542 78.2532 24
    endloop
  endfacet
  facet normal -0 0 -1
    outer loop
      vertex 171.775 80.2994 24
      vertex 171.244 78.3193 24
      vertex 171.654 80.3374 24
    endloop
  endfacet
  facet normal 0 0 -1
    outer loop
      vertex 170.953 78.4111 24
      vertex 171.654 80.3374 24
      vertex 171.244 78.3193 24
    endloop
  endfacet
  facet normal -0 0 -1
    outer loop
      vertex 171.654 80.3374 24
      vertex 170.953 78.4111 24
      vertex 171.537 80.3858 24
    endloop
  endfacet
  facet normal 0 0 -1
    outer loop
      vertex 170.671 78.5279 24
      vertex 171.537 80.3858 24
      vertex 170.953 78.4111 24
    endloop
  endfacet
  facet normal -0 0 -1
    outer loop
      vertex 171.537 80.3858 24
      vertex 170.671 78.5279 24
      vertex 171.425 80.4443 24
    endloop
  endfacet
  facet normal 0 0 -1
    outer loop
      vertex 170.4 78.6689 24
      vertex 171.425 80.4443 24
      vertex 170.671 78.5279 24
    endloop
  endfacet
  facet normal -0 0 -1
    outer loop
      vertex 171.425 80.4443 24
      vertex 170.4 78.6689 24
      vertex 171.318 80.5122 24
    endloop
  endfacet
  facet normal 0 0 -1
    outer loop
      vertex 170.142 78.833 24
      vertex 171.318 80.5122 24
      vertex 170.4 78.6689 24
    endloop
  endfacet
  facet normal -0 0 -1
    outer loop
      vertex 171.318 80.5122 24
      vertex 170.142 78.833 24
      vertex 171.218 80.5892 24
    endloop
  endfacet
  facet normal 0 0 -1
    outer loop
      vertex 169.9 79.0188 24
      vertex 171.218 80.5892 24
      vertex 170.142 78.833 24
    endloop
  endfacet
  facet normal -0 0 -1
    outer loop
      vertex 171.218 80.5892 24
      vertex 169.9 79.0188 24
      vertex 171.125 80.6747 24
    endloop
  endfacet
  facet normal 0 0 -1
    outer loop
      vertex 169.675 79.2251 24
      vertex 171.125 80.6747 24
      vertex 169.9 79.0188 24
    endloop
  endfacet
  facet normal -0 0 -1
    outer loop
      vertex 171.125 80.6747 24
      vertex 169.675 79.2251 24
      vertex 171.039 80.768 24
    endloop
  endfacet
  facet normal 0 0 -1
    outer loop
      vertex 169.469 79.4502 24
      vertex 171.039 80.768 24
      vertex 169.675 79.2251 24
    endloop
  endfacet
  facet normal -0 0 -1
    outer loop
      vertex 171.039 80.768 24
      vertex 169.469 79.4502 24
      vertex 170.962 80.8683 24
    endloop
  endfacet
  facet normal -0 0 -1
    outer loop
      vertex 170.962 80.8683 24
      vertex 169.283 79.6925 24
      vertex 170.894 80.975 24
    endloop
  endfacet
  facet normal 0 0 -1
    outer loop
      vertex 169.283 79.6925 24
      vertex 170.962 80.8683 24
      vertex 169.469 79.4502 24
    endloop
  endfacet
  facet normal 0 0 -1
    outer loop
      vertex 173.6 174.3 24
      vertex 175.65 174.3 24
      vertex 175.637 173.995 24
    endloop
  endfacet
  facet normal 0 0 -1
    outer loop
      vertex 173.6 174.3 24
      vertex 175.637 173.995 24
      vertex 175.597 173.692 24
    endloop
  endfacet
  facet normal 0 0 -1
    outer loop
      vertex 175.65 174.3 24
      vertex 173.6 174.3 24
      vertex 175.637 174.605 24
    endloop
  endfacet
  facet normal 0 0 -1
    outer loop
      vertex 173.6 174.3 24
      vertex 175.597 173.692 24
      vertex 175.531 173.394 24
    endloop
  endfacet
  facet normal 0 0 -1
    outer loop
      vertex 173.594 174.426 24
      vertex 175.637 174.605 24
      vertex 173.6 174.3 24
    endloop
  endfacet
  facet normal 0 0 -1
    outer loop
      vertex 173.6 174.3 24
      vertex 175.531 173.394 24
      vertex 175.439 173.103 24
    endloop
  endfacet
  facet normal -0 0 -1
    outer loop
      vertex 175.637 174.605 24
      vertex 173.594 174.426 24
      vertex 175.597 174.908 24
    endloop
  endfacet
  facet normal 0 0 -1
    outer loop
      vertex 173.6 174.3 24
      vertex 175.439 173.103 24
      vertex 175.322 172.821 24
    endloop
  endfacet
  facet normal 0 0 -1
    outer loop
      vertex 173.578 174.552 24
      vertex 175.597 174.908 24
      vertex 173.594 174.426 24
    endloop
  endfacet
  facet normal 0 0 -1
    outer loop
      vertex 173.6 174.3 24
      vertex 175.322 172.821 24
      vertex 175.181 172.55 24
    endloop
  endfacet
  facet normal -0 0 -1
    outer loop
      vertex 175.597 174.908 24
      vertex 173.578 174.552 24
      vertex 175.531 175.206 24
    endloop
  endfacet
  facet normal 0 0 -1
    outer loop
      vertex 173.6 174.3 24
      vertex 175.181 172.55 24
      vertex 175.152 172.5 24
    endloop
  endfacet
  facet normal 0 0 -1
    outer loop
      vertex 173.551 174.675 24
      vertex 175.531 175.206 24
      vertex 173.578 174.552 24
    endloop
  endfacet
  facet normal -0 0 -1
    outer loop
      vertex 175.322 175.779 24
      vertex 173.464 174.913 24
      vertex 175.181 176.05 24
    endloop
  endfacet
  facet normal 0 0 -1
    outer loop
      vertex 173.338 175.132 24
      vertex 175.017 176.308 24
      vertex 173.406 175.025 24
    endloop
  endfacet
  facet normal 0 0 -1
    outer loop
      vertex 173.261 175.232 24
      vertex 174.831 176.55 24
      vertex 173.338 175.132 24
    endloop
  endfacet
  facet normal -0 0 -1
    outer loop
      vertex 174.831 176.55 24
      vertex 173.261 175.232 24
      vertex 174.625 176.775 24
    endloop
  endfacet
  facet normal 0 0 -1
    outer loop
      vertex 173.175 175.325 24
      vertex 174.625 176.775 24
      vertex 173.261 175.232 24
    endloop
  endfacet
  facet normal -0 0 -1
    outer loop
      vertex 174.625 176.775 24
      vertex 173.175 175.325 24
      vertex 174.4 176.981 24
    endloop
  endfacet
  facet normal 0 0 -1
    outer loop
      vertex 173.082 175.411 24
      vertex 174.4 176.981 24
      vertex 173.175 175.325 24
    endloop
  endfacet
  facet normal -0 0 -1
    outer loop
      vertex 174.4 176.981 24
      vertex 173.082 175.411 24
      vertex 174.158 177.167 24
    endloop
  endfacet
  facet normal 0 0 -1
    outer loop
      vertex 172.982 175.488 24
      vertex 174.158 177.167 24
      vertex 173.082 175.411 24
    endloop
  endfacet
  facet normal -0 0 -1
    outer loop
      vertex 174.158 177.167 24
      vertex 172.982 175.488 24
      vertex 173.9 177.331 24
    endloop
  endfacet
  facet normal 0 0 -1
    outer loop
      vertex 172.875 175.556 24
      vertex 173.9 177.331 24
      vertex 172.982 175.488 24
    endloop
  endfacet
  facet normal -0 0 -1
    outer loop
      vertex 173.9 177.331 24
      vertex 172.875 175.556 24
      vertex 173.629 177.472 24
    endloop
  endfacet
  facet normal 0 0 -1
    outer loop
      vertex 172.763 175.614 24
      vertex 173.629 177.472 24
      vertex 172.875 175.556 24
    endloop
  endfacet
  facet normal -0 0 -1
    outer loop
      vertex 173.629 177.472 24
      vertex 172.763 175.614 24
      vertex 173.347 177.589 24
    endloop
  endfacet
  facet normal 0 0 -1
    outer loop
      vertex 172.646 175.663 24
      vertex 173.347 177.589 24
      vertex 172.763 175.614 24
    endloop
  endfacet
  facet normal -0 0 -1
    outer loop
      vertex 173.347 177.589 24
      vertex 172.646 175.663 24
      vertex 173.056 177.681 24
    endloop
  endfacet
  facet normal 0 0 -1
    outer loop
      vertex 172.525 175.701 24
      vertex 173.056 177.681 24
      vertex 172.646 175.663 24
    endloop
  endfacet
  facet normal -0 0 -1
    outer loop
      vertex 173.056 177.681 24
      vertex 172.525 175.701 24
      vertex 172.758 177.747 24
    endloop
  endfacet
  facet normal 0 0 -1
    outer loop
      vertex 172.402 175.728 24
      vertex 172.758 177.747 24
      vertex 172.525 175.701 24
    endloop
  endfacet
  facet normal -0 0 -1
    outer loop
      vertex 172.758 177.747 24
      vertex 172.402 175.728 24
      vertex 172.455 177.787 24
    endloop
  endfacet
  facet normal 0 0 -1
    outer loop
      vertex 172.276 175.744 24
      vertex 172.455 177.787 24
      vertex 172.402 175.728 24
    endloop
  endfacet
  facet normal 0 0 -1
    outer loop
      vertex 172.15 175.75 24
      vertex 172.455 177.787 24
      vertex 172.276 175.744 24
    endloop
  endfacet
  facet normal 0 0 -1
    outer loop
      vertex 172.15 175.75 24
      vertex 172.15 177.8 24
      vertex 172.455 177.787 24
    endloop
  endfacet
  facet normal 0 0 -1
    outer loop
      vertex 172.024 175.744 24
      vertex 172.15 177.8 24
      vertex 172.15 175.75 24
    endloop
  endfacet
  facet normal 0 0 -1
    outer loop
      vertex 171.845 177.787 24
      vertex 172.024 175.744 24
      vertex 171.898 175.728 24
    endloop
  endfacet
  facet normal 0 0 -1
    outer loop
      vertex 172.024 175.744 24
      vertex 171.845 177.787 24
      vertex 172.15 177.8 24
    endloop
  endfacet
  facet normal 0 0 -1
    outer loop
      vertex 171.542 177.747 24
      vertex 171.898 175.728 24
      vertex 171.775 175.701 24
    endloop
  endfacet
  facet normal 0 0 -1
    outer loop
      vertex 171.244 177.681 24
      vertex 171.775 175.701 24
      vertex 171.654 175.663 24
    endloop
  endfacet
  facet normal 0 0 -1
    outer loop
      vertex 171.898 175.728 24
      vertex 171.542 177.747 24
      vertex 171.845 177.787 24
    endloop
  endfacet
  facet normal 0 0 -1
    outer loop
      vertex 170.953 177.589 24
      vertex 171.654 175.663 24
      vertex 171.537 175.614 24
    endloop
  endfacet
  facet normal 0 0 -1
    outer loop
      vertex 170.671 177.472 24
      vertex 171.537 175.614 24
      vertex 171.425 175.556 24
    endloop
  endfacet
  facet normal 0 0 -1
    outer loop
      vertex 170.4 177.331 24
      vertex 171.425 175.556 24
      vertex 171.318 175.488 24
    endloop
  endfacet
  facet normal 0 0 -1
    outer loop
      vertex 171.775 175.701 24
      vertex 171.244 177.681 24
      vertex 171.542 177.747 24
    endloop
  endfacet
  facet normal 0 0 -1
    outer loop
      vertex 170.4 177.331 24
      vertex 171.318 175.488 24
      vertex 171.218 175.411 24
    endloop
  endfacet
  facet normal 0 0 -1
    outer loop
      vertex 170.4 177.331 24
      vertex 171.218 175.411 24
      vertex 171.125 175.325 24
    endloop
  endfacet
  facet normal 0 0 -1
    outer loop
      vertex 170.4 177.331 24
      vertex 171.125 175.325 24
      vertex 171.039 175.232 24
    endloop
  endfacet
  facet normal 0 0 -1
    outer loop
      vertex 170.4 177.331 24
      vertex 171.039 175.232 24
      vertex 170.962 175.132 24
    endloop
  endfacet
  facet normal 0 0 -1
    outer loop
      vertex 171.654 175.663 24
      vertex 170.953 177.589 24
      vertex 171.244 177.681 24
    endloop
  endfacet
  facet normal 0 0 -1
    outer loop
      vertex 170.4 177.331 24
      vertex 170.962 175.132 24
      vertex 170.894 175.025 24
    endloop
  endfacet
  facet normal 0 0 -1
    outer loop
      vertex 170.4 177.331 24
      vertex 170.894 175.025 24
      vertex 170.836 174.913 24
    endloop
  endfacet
  facet normal 0 0 -1
    outer loop
      vertex 170.4 177.331 24
      vertex 170.836 174.913 24
      vertex 170.787 174.796 24
    endloop
  endfacet
  facet normal 0 0 -1
    outer loop
      vertex 170.4 177.331 24
      vertex 170.787 174.796 24
      vertex 170.749 174.675 24
    endloop
  endfacet
  facet normal 0 0 -1
    outer loop
      vertex 170.4 177.331 24
      vertex 170.749 174.675 24
      vertex 170.722 174.552 24
    endloop
  endfacet
  facet normal 0 0 -1
    outer loop
      vertex 170.4 177.331 24
      vertex 170.722 174.552 24
      vertex 170.706 174.426 24
    endloop
  endfacet
  facet normal 0 0 -1
    outer loop
      vertex 171.537 175.614 24
      vertex 170.671 177.472 24
      vertex 170.953 177.589 24
    endloop
  endfacet
  facet normal 0 0 -1
    outer loop
      vertex 168.663 174.605 24
      vertex 170.706 174.426 24
      vertex 170.7 174.3 24
    endloop
  endfacet
  facet normal 0 0 -1
    outer loop
      vertex 181.3 87.85 24
      vertex 181.9 88.45 24
      vertex 181.898 88.3977 24
    endloop
  endfacet
  facet normal 0 0 -1
    outer loop
      vertex 181.9 88.45 24
      vertex 162.4 88.45 24
      vertex 181.9 167.55 24
    endloop
  endfacet
  facet normal 0 0 -1
    outer loop
      vertex 181.3 87.85 24
      vertex 181.898 88.3977 24
      vertex 181.891 88.3458 24
    endloop
  endfacet
  facet normal 0 0 -1
    outer loop
      vertex 162.4 167.55 24
      vertex 181.9 167.55 24
      vertex 162.4 88.45 24
    endloop
  endfacet
  facet normal 0 0 -1
    outer loop
      vertex 181.3 87.85 24
      vertex 181.891 88.3458 24
      vertex 181.88 88.2947 24
    endloop
  endfacet
  facet normal 0 -0 -1
    outer loop
      vertex 181.3 168.15 24
      vertex 181.9 167.55 24
      vertex 162.4 167.55 24
    endloop
  endfacet
  facet normal 0 0 -1
    outer loop
      vertex 181.3 87.85 24
      vertex 181.88 88.2947 24
      vertex 181.864 88.2448 24
    endloop
  endfacet
  facet normal 0 0 -1
    outer loop
      vertex 181.9 167.55 24
      vertex 181.3 168.15 24
      vertex 181.898 167.602 24
    endloop
  endfacet
  facet normal 0 0 -1
    outer loop
      vertex 181.3 87.85 24
      vertex 181.864 88.2448 24
      vertex 181.844 88.1964 24
    endloop
  endfacet
  facet normal 0 0 -1
    outer loop
      vertex 181.898 167.602 24
      vertex 181.3 168.15 24
      vertex 181.891 167.654 24
    endloop
  endfacet
  facet normal 0 0 -1
    outer loop
      vertex 181.3 87.85 24
      vertex 181.844 88.1964 24
      vertex 181.82 88.15 24
    endloop
  endfacet
  facet normal 0 0 -1
    outer loop
      vertex 181.891 167.654 24
      vertex 181.3 168.15 24
      vertex 181.88 167.705 24
    endloop
  endfacet
  facet normal 0 0 -1
    outer loop
      vertex 181.3 87.85 24
      vertex 181.82 88.15 24
      vertex 181.791 88.1058 24
    endloop
  endfacet
  facet normal 0 0 -1
    outer loop
      vertex 181.88 167.705 24
      vertex 181.3 168.15 24
      vertex 181.864 167.755 24
    endloop
  endfacet
  facet normal 0 0 -1
    outer loop
      vertex 181.3 87.85 24
      vertex 181.791 88.1058 24
      vertex 181.76 88.0643 24
    endloop
  endfacet
  facet normal 0 0 -1
    outer loop
      vertex 181.864 167.755 24
      vertex 181.3 168.15 24
      vertex 181.844 167.804 24
    endloop
  endfacet
  facet normal 0 0 -1
    outer loop
      vertex 181.3 87.85 24
      vertex 181.76 88.0643 24
      vertex 181.724 88.0257 24
    endloop
  endfacet
  facet normal 0 0 -1
    outer loop
      vertex 181.844 167.804 24
      vertex 181.3 168.15 24
      vertex 181.82 167.85 24
    endloop
  endfacet
  facet normal 0 0 -1
    outer loop
      vertex 181.3 87.85 24
      vertex 181.724 88.0257 24
      vertex 181.686 87.9904 24
    endloop
  endfacet
  facet normal 0 0 -1
    outer loop
      vertex 181.82 167.85 24
      vertex 181.3 168.15 24
      vertex 181.791 167.894 24
    endloop
  endfacet
  facet normal 0 0 -1
    outer loop
      vertex 181.3 87.85 24
      vertex 181.686 87.9904 24
      vertex 181.644 87.9585 24
    endloop
  endfacet
  facet normal 0 0 -1
    outer loop
      vertex 181.791 167.894 24
      vertex 181.3 168.15 24
      vertex 181.76 167.936 24
    endloop
  endfacet
  facet normal 0 0 -1
    outer loop
      vertex 181.3 87.85 24
      vertex 181.644 87.9585 24
      vertex 181.6 87.9304 24
    endloop
  endfacet
  facet normal 0 0 -1
    outer loop
      vertex 181.76 167.936 24
      vertex 181.3 168.15 24
      vertex 181.724 167.974 24
    endloop
  endfacet
  facet normal 0 0 -1
    outer loop
      vertex 181.3 87.85 24
      vertex 181.6 87.9304 24
      vertex 181.554 87.9062 24
    endloop
  endfacet
  facet normal 0 0 -1
    outer loop
      vertex 181.724 167.974 24
      vertex 181.3 168.15 24
      vertex 181.686 168.01 24
    endloop
  endfacet
  facet normal 0 0 -1
    outer loop
      vertex 181.3 87.85 24
      vertex 181.554 87.9062 24
      vertex 181.505 87.8862 24
    endloop
  endfacet
  facet normal -0 0 -1
    outer loop
      vertex 181.9 88.45 24
      vertex 181.3 87.85 24
      vertex 162.4 88.45 24
    endloop
  endfacet
  facet normal 0 0 -1
    outer loop
      vertex 181.3 87.85 24
      vertex 181.505 87.8862 24
      vertex 181.455 87.8704 24
    endloop
  endfacet
  facet normal 0 0 -1
    outer loop
      vertex 181.686 168.01 24
      vertex 181.3 168.15 24
      vertex 181.644 168.041 24
    endloop
  endfacet
  facet normal 0 0 -1
    outer loop
      vertex 181.3 87.85 24
      vertex 181.455 87.8704 24
      vertex 181.404 87.8591 24
    endloop
  endfacet
  facet normal 0 0 -1
    outer loop
      vertex 181.554 168.094 24
      vertex 181.3 168.15 24
      vertex 181.505 168.114 24
    endloop
  endfacet
  facet normal 0 0 -1
    outer loop
      vertex 181.3 87.85 24
      vertex 181.404 87.8591 24
      vertex 181.352 87.8523 24
    endloop
  endfacet
  facet normal 0 0 -1
    outer loop
      vertex 181.505 168.114 24
      vertex 181.3 168.15 24
      vertex 181.455 168.13 24
    endloop
  endfacet
  facet normal 0 0 -1
    outer loop
      vertex 181.455 168.13 24
      vertex 181.3 168.15 24
      vertex 181.404 168.141 24
    endloop
  endfacet
  facet normal 0 0 -1
    outer loop
      vertex 181.404 168.141 24
      vertex 181.3 168.15 24
      vertex 181.352 168.148 24
    endloop
  endfacet
  facet normal 0 0 -1
    outer loop
      vertex 162.4 88.45 24
      vertex 181.3 87.85 24
      vertex 163 87.85 24
    endloop
  endfacet
  facet normal 0 0 -1
    outer loop
      vertex 181.644 168.041 24
      vertex 181.3 168.15 24
      vertex 181.6 168.07 24
    endloop
  endfacet
  facet normal 0 0 -1
    outer loop
      vertex 162.4 88.45 24
      vertex 163 87.85 24
      vertex 162.948 87.8523 24
    endloop
  endfacet
  facet normal 0 0 -1
    outer loop
      vertex 181.6 168.07 24
      vertex 181.3 168.15 24
      vertex 181.554 168.094 24
    endloop
  endfacet
  facet normal 0 0 -1
    outer loop
      vertex 162.4 88.45 24
      vertex 162.948 87.8523 24
      vertex 162.896 87.8591 24
    endloop
  endfacet
  facet normal -0 0 -1
    outer loop
      vertex 181.3 168.15 24
      vertex 162.4 167.55 24
      vertex 163 168.15 24
    endloop
  endfacet
  facet normal 0 0 -1
    outer loop
      vertex 162.4 88.45 24
      vertex 162.896 87.8591 24
      vertex 162.845 87.8704 24
    endloop
  endfacet
  facet normal 0 0 -1
    outer loop
      vertex 163 168.15 24
      vertex 162.4 167.55 24
      vertex 162.948 168.148 24
    endloop
  endfacet
  facet normal 0 0 -1
    outer loop
      vertex 162.4 88.45 24
      vertex 162.845 87.8704 24
      vertex 162.795 87.8862 24
    endloop
  endfacet
  facet normal 0 0 -1
    outer loop
      vertex 162.948 168.148 24
      vertex 162.4 167.55 24
      vertex 162.896 168.141 24
    endloop
  endfacet
  facet normal 0 0 -1
    outer loop
      vertex 162.4 88.45 24
      vertex 162.795 87.8862 24
      vertex 162.746 87.9062 24
    endloop
  endfacet
  facet normal 0 0 -1
    outer loop
      vertex 162.896 168.141 24
      vertex 162.4 167.55 24
      vertex 162.845 168.13 24
    endloop
  endfacet
  facet normal 0 0 -1
    outer loop
      vertex 162.4 88.45 24
      vertex 162.746 87.9062 24
      vertex 162.7 87.9304 24
    endloop
  endfacet
  facet normal 0 0 -1
    outer loop
      vertex 162.845 168.13 24
      vertex 162.4 167.55 24
      vertex 162.795 168.114 24
    endloop
  endfacet
  facet normal 0 0 -1
    outer loop
      vertex 162.4 88.45 24
      vertex 162.7 87.9304 24
      vertex 162.656 87.9585 24
    endloop
  endfacet
  facet normal 0 0 -1
    outer loop
      vertex 162.795 168.114 24
      vertex 162.4 167.55 24
      vertex 162.746 168.094 24
    endloop
  endfacet
  facet normal 0 0 -1
    outer loop
      vertex 162.4 88.45 24
      vertex 162.656 87.9585 24
      vertex 162.614 87.9904 24
    endloop
  endfacet
  facet normal 0 0 -1
    outer loop
      vertex 162.746 168.094 24
      vertex 162.4 167.55 24
      vertex 162.7 168.07 24
    endloop
  endfacet
  facet normal 0 0 -1
    outer loop
      vertex 162.4 88.45 24
      vertex 162.614 87.9904 24
      vertex 162.576 88.0257 24
    endloop
  endfacet
  facet normal 0 0 -1
    outer loop
      vertex 162.7 168.07 24
      vertex 162.4 167.55 24
      vertex 162.656 168.041 24
    endloop
  endfacet
  facet normal 0 0 -1
    outer loop
      vertex 162.4 88.45 24
      vertex 162.576 88.0257 24
      vertex 162.54 88.0643 24
    endloop
  endfacet
  facet normal 0 0 -1
    outer loop
      vertex 162.656 168.041 24
      vertex 162.4 167.55 24
      vertex 162.614 168.01 24
    endloop
  endfacet
  facet normal 0 0 -1
    outer loop
      vertex 162.4 88.45 24
      vertex 162.54 88.0643 24
      vertex 162.508 88.1058 24
    endloop
  endfacet
  facet normal 0 0 -1
    outer loop
      vertex 162.614 168.01 24
      vertex 162.4 167.55 24
      vertex 162.576 167.974 24
    endloop
  endfacet
  facet normal 0 0 -1
    outer loop
      vertex 162.4 88.45 24
      vertex 162.508 88.1058 24
      vertex 162.48 88.15 24
    endloop
  endfacet
  facet normal 0 0 -1
    outer loop
      vertex 162.576 167.974 24
      vertex 162.4 167.55 24
      vertex 162.54 167.936 24
    endloop
  endfacet
  facet normal 0 0 -1
    outer loop
      vertex 162.4 88.45 24
      vertex 162.48 88.15 24
      vertex 162.456 88.1964 24
    endloop
  endfacet
  facet normal 0 0 -1
    outer loop
      vertex 162.54 167.936 24
      vertex 162.4 167.55 24
      vertex 162.508 167.894 24
    endloop
  endfacet
  facet normal 0 0 -1
    outer loop
      vertex 162.4 88.45 24
      vertex 162.456 88.1964 24
      vertex 162.436 88.2448 24
    endloop
  endfacet
  facet normal 0 0 -1
    outer loop
      vertex 162.508 167.894 24
      vertex 162.4 167.55 24
      vertex 162.48 167.85 24
    endloop
  endfacet
  facet normal 0 0 -1
    outer loop
      vertex 162.4 88.45 24
      vertex 162.436 88.2448 24
      vertex 162.42 88.2947 24
    endloop
  endfacet
  facet normal 0 0 -1
    outer loop
      vertex 162.48 167.85 24
      vertex 162.4 167.55 24
      vertex 162.456 167.804 24
    endloop
  endfacet
  facet normal 0 0 -1
    outer loop
      vertex 162.4 88.45 24
      vertex 162.42 88.2947 24
      vertex 162.409 88.3458 24
    endloop
  endfacet
  facet normal 0 0 -1
    outer loop
      vertex 162.456 167.804 24
      vertex 162.4 167.55 24
      vertex 162.436 167.755 24
    endloop
  endfacet
  facet normal 0 0 -1
    outer loop
      vertex 162.4 88.45 24
      vertex 162.409 88.3458 24
      vertex 162.402 88.3977 24
    endloop
  endfacet
  facet normal 0 0 -1
    outer loop
      vertex 162.436 167.755 24
      vertex 162.4 167.55 24
      vertex 162.42 167.705 24
    endloop
  endfacet
  facet normal 0 0 -1
    outer loop
      vertex 162.42 167.705 24
      vertex 162.4 167.55 24
      vertex 162.409 167.654 24
    endloop
  endfacet
  facet normal 0 0 -1
    outer loop
      vertex 162.409 167.654 24
      vertex 162.4 167.55 24
      vertex 162.402 167.602 24
    endloop
  endfacet
  facet normal -0.887212 -0.461362 0
    outer loop
      vertex 158.599 85.55 24
      vertex 158.434 85.8673 26.6
      vertex 158.434 85.8673 24
    endloop
  endfacet
  facet normal -0.887212 -0.461362 0
    outer loop
      vertex 158.434 85.8673 26.6
      vertex 158.599 85.55 24
      vertex 158.599 85.55 26.6
    endloop
  endfacet
  facet normal -0.382434 0.923983 0
    outer loop
      vertex 160.748 172.253 24
      vertex 160.417 172.116 26.6
      vertex 160.748 172.253 26.6
    endloop
  endfacet
  facet normal -0.382434 0.923983 0
    outer loop
      vertex 160.417 172.116 26.6
      vertex 160.748 172.253 24
      vertex 160.417 172.116 24
    endloop
  endfacet
  facet normal -0.954156 -0.29931 0
    outer loop
      vertex 158.297 86.1977 24
      vertex 158.19 86.5388 26.6
      vertex 158.19 86.5388 24
    endloop
  endfacet
  facet normal -0.954156 -0.29931 0
    outer loop
      vertex 158.19 86.5388 26.6
      vertex 158.297 86.1977 24
      vertex 158.297 86.1977 26.6
    endloop
  endfacet
  facet normal -0.843459 -0.537193 0
    outer loop
      vertex 169.283 79.6925 24
      vertex 169.119 79.95 26.6
      vertex 169.119 79.95 24
    endloop
  endfacet
  facet normal -0.843459 -0.537193 0
    outer loop
      vertex 169.119 79.95 26.6
      vertex 169.283 79.6925 24
      vertex 169.283 79.6925 26.6
    endloop
  endfacet
  facet normal -0.976356 -0.216167 0
    outer loop
      vertex 168.769 80.7941 24
      vertex 168.703 81.0922 26.6
      vertex 168.703 81.0922 24
    endloop
  endfacet
  facet normal -0.976356 -0.216167 0
    outer loop
      vertex 168.703 81.0922 26.6
      vertex 168.769 80.7941 24
      vertex 168.769 80.7941 26.6
    endloop
  endfacet
  facet normal -0.461559 -0.88711 0
    outer loop
      vertex 170.4 78.6689 24
      vertex 170.671 78.5279 26.6
      vertex 170.4 78.6689 26.6
    endloop
  endfacet
  facet normal -0.461559 -0.88711 -0
    outer loop
      vertex 170.671 78.5279 26.6
      vertex 170.4 78.6689 24
      vertex 170.671 78.5279 24
    endloop
  endfacet
  facet normal -0.865031 0.501718 0
    outer loop
      vertex 169.119 83.45 24
      vertex 169.148 83.5 26.6
      vertex 169.148 83.5 24
    endloop
  endfacet
  facet normal -0.865031 0.501718 0
    outer loop
      vertex 169.148 83.5 26.6
      vertex 169.119 83.45 24
      vertex 169.119 83.45 26.6
    endloop
  endfacet
  facet normal 0.976356 0.216167 0
    outer loop
      vertex 175.597 82.3078 26.6
      vertex 175.531 82.6059 24
      vertex 175.531 82.6059 26.6
    endloop
  endfacet
  facet normal 0.976356 0.216167 0
    outer loop
      vertex 175.531 82.6059 24
      vertex 175.597 82.3078 26.6
      vertex 175.597 82.3078 24
    endloop
  endfacet
  facet normal 0.953543 0.301257 0
    outer loop
      vertex 175.531 82.6059 26.6
      vertex 175.439 82.8971 24
      vertex 175.439 82.8971 26.6
    endloop
  endfacet
  facet normal 0.953543 0.301257 0
    outer loop
      vertex 175.439 82.8971 24
      vertex 175.531 82.6059 26.6
      vertex 175.531 82.6059 24
    endloop
  endfacet
  facet normal 0.0435652 -0.999051 0
    outer loop
      vertex 172.15 78.2 24
      vertex 172.455 78.2133 26.6
      vertex 172.15 78.2 26.6
    endloop
  endfacet
  facet normal 0.0435652 -0.999051 0
    outer loop
      vertex 172.455 78.2133 26.6
      vertex 172.15 78.2 24
      vertex 172.455 78.2133 24
    endloop
  endfacet
  facet normal -0.737712 -0.675116 0
    outer loop
      vertex 169.675 79.2251 24
      vertex 169.469 79.4502 26.6
      vertex 169.469 79.4502 24
    endloop
  endfacet
  facet normal -0.737712 -0.675116 0
    outer loop
      vertex 169.469 79.4502 26.6
      vertex 169.675 79.2251 24
      vertex 169.675 79.2251 26.6
    endloop
  endfacet
  facet normal -0.999093 0.0425843 0
    outer loop
      vertex 168.65 81.7 24
      vertex 168.663 82.005 26.6
      vertex 168.663 82.005 24
    endloop
  endfacet
  facet normal -0.999093 0.0425843 0
    outer loop
      vertex 168.663 82.005 26.6
      vertex 168.65 81.7 24
      vertex 168.65 81.7 26.6
    endloop
  endfacet
  facet normal 0.536685 -0.843783 0
    outer loop
      vertex 173.9 78.6689 24
      vertex 174.158 78.833 26.6
      vertex 173.9 78.6689 26.6
    endloop
  endfacet
  facet normal 0.536685 -0.843783 0
    outer loop
      vertex 174.158 78.833 26.6
      vertex 173.9 78.6689 24
      vertex 174.158 78.833 24
    endloop
  endfacet
  facet normal -0.0435652 -0.999051 0
    outer loop
      vertex 171.845 78.2133 24
      vertex 172.15 78.2 26.6
      vertex 171.845 78.2133 26.6
    endloop
  endfacet
  facet normal -0.0435652 -0.999051 -0
    outer loop
      vertex 172.15 78.2 26.6
      vertex 171.845 78.2133 24
      vertex 172.15 78.2 24
    endloop
  endfacet
  facet normal 0.999093 -0.0425843 0
    outer loop
      vertex 175.637 81.395 26.6
      vertex 175.65 81.7 24
      vertex 175.65 81.7 26.6
    endloop
  endfacet
  facet normal 0.999093 -0.0425843 0
    outer loop
      vertex 175.65 81.7 24
      vertex 175.637 81.395 26.6
      vertex 175.637 81.395 24
    endloop
  endfacet
  facet normal 0.923705 -0.383104 0
    outer loop
      vertex 175.322 80.2208 26.6
      vertex 175.439 80.5029 24
      vertex 175.439 80.5029 26.6
    endloop
  endfacet
  facet normal 0.923705 -0.383104 0
    outer loop
      vertex 175.439 80.5029 24
      vertex 175.322 80.2208 26.6
      vertex 175.322 80.2208 24
    endloop
  endfacet
  facet normal 0.737712 -0.675116 0
    outer loop
      vertex 174.625 79.2251 26.6
      vertex 174.831 79.4502 24
      vertex 174.831 79.4502 26.6
    endloop
  endfacet
  facet normal 0.737712 -0.675116 0
    outer loop
      vertex 174.831 79.4502 24
      vertex 174.625 79.2251 26.6
      vertex 174.625 79.2251 24
    endloop
  endfacet
  facet normal 0.953543 -0.301257 0
    outer loop
      vertex 175.439 80.5029 26.6
      vertex 175.531 80.7941 24
      vertex 175.531 80.7941 26.6
    endloop
  endfacet
  facet normal 0.953543 -0.301257 0
    outer loop
      vertex 175.531 80.7941 24
      vertex 175.439 80.5029 26.6
      vertex 175.439 80.5029 24
    endloop
  endfacet
  facet normal 0.38266 -0.923889 0
    outer loop
      vertex 173.347 78.4111 24
      vertex 173.629 78.5279 26.6
      vertex 173.347 78.4111 26.6
    endloop
  endfacet
  facet normal 0.38266 -0.923889 0
    outer loop
      vertex 173.629 78.5279 26.6
      vertex 173.347 78.4111 24
      vertex 173.629 78.5279 24
    endloop
  endfacet
  facet normal -0.675814 -0.737073 0
    outer loop
      vertex 169.675 79.2251 24
      vertex 169.9 79.0188 26.6
      vertex 169.675 79.2251 26.6
    endloop
  endfacet
  facet normal -0.675814 -0.737073 -0
    outer loop
      vertex 169.9 79.0188 26.6
      vertex 169.675 79.2251 24
      vertex 169.9 79.0188 24
    endloop
  endfacet
  facet normal 0.675814 -0.737073 0
    outer loop
      vertex 174.4 79.0188 24
      vertex 174.625 79.2251 26.6
      vertex 174.4 79.0188 26.6
    endloop
  endfacet
  facet normal 0.675814 -0.737073 0
    outer loop
      vertex 174.625 79.2251 26.6
      vertex 174.4 79.0188 24
      vertex 174.625 79.2251 24
    endloop
  endfacet
  facet normal 0.793232 -0.608919 0
    outer loop
      vertex 174.831 79.4502 26.6
      vertex 175.017 79.6925 24
      vertex 175.017 79.6925 26.6
    endloop
  endfacet
  facet normal 0.793232 -0.608919 0
    outer loop
      vertex 175.017 79.6925 24
      vertex 174.831 79.4502 26.6
      vertex 174.831 79.4502 24
    endloop
  endfacet
  facet normal -0.991387 -0.130963 0
    outer loop
      vertex 168.703 81.0922 24
      vertex 168.663 81.395 26.6
      vertex 168.663 81.395 24
    endloop
  endfacet
  facet normal -0.991387 -0.130963 0
    outer loop
      vertex 168.663 81.395 26.6
      vertex 168.703 81.0922 24
      vertex 168.703 81.0922 26.6
    endloop
  endfacet
  facet normal 0.923705 0.383104 0
    outer loop
      vertex 175.439 82.8971 26.6
      vertex 175.322 83.1792 24
      vertex 175.322 83.1792 26.6
    endloop
  endfacet
  facet normal 0.923705 0.383104 0
    outer loop
      vertex 175.322 83.1792 24
      vertex 175.439 82.8971 26.6
      vertex 175.439 82.8971 24
    endloop
  endfacet
  facet normal -0.991387 0.130963 0
    outer loop
      vertex 168.663 82.005 24
      vertex 168.703 82.3078 26.6
      vertex 168.703 82.3078 24
    endloop
  endfacet
  facet normal -0.991387 0.130963 0
    outer loop
      vertex 168.703 82.3078 26.6
      vertex 168.663 82.005 24
      vertex 168.663 82.005 26.6
    endloop
  endfacet
  facet normal -0.923705 -0.383104 0
    outer loop
      vertex 168.978 80.2208 24
      vertex 168.861 80.5029 26.6
      vertex 168.861 80.5029 24
    endloop
  endfacet
  facet normal -0.923705 -0.383104 0
    outer loop
      vertex 168.861 80.5029 26.6
      vertex 168.978 80.2208 24
      vertex 168.978 80.2208 26.6
    endloop
  endfacet
  facet normal -0.953543 0.301257 0
    outer loop
      vertex 168.769 82.6059 24
      vertex 168.861 82.8971 26.6
      vertex 168.861 82.8971 24
    endloop
  endfacet
  facet normal -0.953543 0.301257 0
    outer loop
      vertex 168.861 82.8971 26.6
      vertex 168.769 82.6059 24
      vertex 168.769 82.6059 26.6
    endloop
  endfacet
  facet normal -0.953543 -0.301257 0
    outer loop
      vertex 168.861 80.5029 24
      vertex 168.769 80.7941 26.6
      vertex 168.769 80.7941 24
    endloop
  endfacet
  facet normal -0.953543 -0.301257 0
    outer loop
      vertex 168.769 80.7941 26.6
      vertex 168.861 80.5029 24
      vertex 168.861 80.5029 26.6
    endloop
  endfacet
  facet normal 0.976356 -0.216167 0
    outer loop
      vertex 175.531 80.7941 26.6
      vertex 175.597 81.0922 24
      vertex 175.597 81.0922 26.6
    endloop
  endfacet
  facet normal 0.976356 -0.216167 0
    outer loop
      vertex 175.597 81.0922 24
      vertex 175.531 80.7941 26.6
      vertex 175.531 80.7941 24
    endloop
  endfacet
  facet normal -0.536685 -0.843783 0
    outer loop
      vertex 170.142 78.833 24
      vertex 170.4 78.6689 26.6
      vertex 170.142 78.833 26.6
    endloop
  endfacet
  facet normal -0.536685 -0.843783 -0
    outer loop
      vertex 170.4 78.6689 26.6
      vertex 170.142 78.833 24
      vertex 170.4 78.6689 24
    endloop
  endfacet
  facet normal -0.999093 -0.0425843 0
    outer loop
      vertex 168.663 81.395 24
      vertex 168.65 81.7 26.6
      vertex 168.65 81.7 24
    endloop
  endfacet
  facet normal -0.999093 -0.0425843 0
    outer loop
      vertex 168.65 81.7 26.6
      vertex 168.663 81.395 24
      vertex 168.663 81.395 26.6
    endloop
  endfacet
  facet normal 0.461559 -0.88711 0
    outer loop
      vertex 173.629 78.5279 24
      vertex 173.9 78.6689 26.6
      vertex 173.629 78.5279 26.6
    endloop
  endfacet
  facet normal 0.461559 -0.88711 0
    outer loop
      vertex 173.9 78.6689 26.6
      vertex 173.629 78.5279 24
      vertex 173.9 78.6689 24
    endloop
  endfacet
  facet normal 0.300849 -0.953672 0
    outer loop
      vertex 173.056 78.3193 24
      vertex 173.347 78.4111 26.6
      vertex 173.056 78.3193 26.6
    endloop
  endfacet
  facet normal 0.300849 -0.953672 0
    outer loop
      vertex 173.347 78.4111 26.6
      vertex 173.056 78.3193 24
      vertex 173.347 78.4111 24
    endloop
  endfacet
  facet normal -0.216549 -0.976272 0
    outer loop
      vertex 171.244 78.3193 24
      vertex 171.542 78.2532 26.6
      vertex 171.244 78.3193 26.6
    endloop
  endfacet
  facet normal -0.216549 -0.976272 -0
    outer loop
      vertex 171.542 78.2532 26.6
      vertex 171.244 78.3193 24
      vertex 171.542 78.2532 24
    endloop
  endfacet
  facet normal 0.991387 -0.130963 0
    outer loop
      vertex 175.597 81.0922 26.6
      vertex 175.637 81.395 24
      vertex 175.637 81.395 26.6
    endloop
  endfacet
  facet normal 0.991387 -0.130963 0
    outer loop
      vertex 175.637 81.395 24
      vertex 175.597 81.0922 26.6
      vertex 175.597 81.0922 24
    endloop
  endfacet
  facet normal -0.130556 -0.991441 0
    outer loop
      vertex 171.542 78.2532 24
      vertex 171.845 78.2133 26.6
      vertex 171.542 78.2532 26.6
    endloop
  endfacet
  facet normal -0.130556 -0.991441 -0
    outer loop
      vertex 171.845 78.2133 26.6
      vertex 171.542 78.2532 24
      vertex 171.845 78.2133 24
    endloop
  endfacet
  facet normal -0.976356 0.216167 0
    outer loop
      vertex 168.703 82.3078 24
      vertex 168.769 82.6059 26.6
      vertex 168.769 82.6059 24
    endloop
  endfacet
  facet normal -0.976356 0.216167 0
    outer loop
      vertex 168.769 82.6059 26.6
      vertex 168.703 82.3078 24
      vertex 168.703 82.3078 26.6
    endloop
  endfacet
  facet normal 0.865031 0.501718 0
    outer loop
      vertex 175.181 83.45 26.6
      vertex 175.152 83.5 24
      vertex 175.152 83.5 26.6
    endloop
  endfacet
  facet normal 0.865031 0.501718 0
    outer loop
      vertex 175.152 83.5 24
      vertex 175.181 83.45 26.6
      vertex 175.181 83.45 24
    endloop
  endfacet
  facet normal 0.999093 0.0425843 0
    outer loop
      vertex 175.65 81.7 26.6
      vertex 175.637 82.005 24
      vertex 175.637 82.005 26.6
    endloop
  endfacet
  facet normal 0.999093 0.0425843 0
    outer loop
      vertex 175.637 82.005 24
      vertex 175.65 81.7 26.6
      vertex 175.65 81.7 24
    endloop
  endfacet
  facet normal 0.216549 -0.976272 0
    outer loop
      vertex 172.758 78.2532 24
      vertex 173.056 78.3193 26.6
      vertex 172.758 78.2532 26.6
    endloop
  endfacet
  facet normal 0.216549 -0.976272 0
    outer loop
      vertex 173.056 78.3193 26.6
      vertex 172.758 78.2532 24
      vertex 173.056 78.3193 24
    endloop
  endfacet
  facet normal 0.88697 0.461827 0
    outer loop
      vertex 175.322 83.1792 26.6
      vertex 175.181 83.45 24
      vertex 175.181 83.45 26.6
    endloop
  endfacet
  facet normal 0.88697 0.461827 0
    outer loop
      vertex 175.181 83.45 24
      vertex 175.322 83.1792 26.6
      vertex 175.322 83.1792 24
    endloop
  endfacet
  facet normal 0.991387 0.130963 0
    outer loop
      vertex 175.637 82.005 26.6
      vertex 175.597 82.3078 24
      vertex 175.597 82.3078 26.6
    endloop
  endfacet
  facet normal 0.991387 0.130963 0
    outer loop
      vertex 175.597 82.3078 24
      vertex 175.637 82.005 26.6
      vertex 175.637 82.005 24
    endloop
  endfacet
  facet normal -0.88697 -0.461827 0
    outer loop
      vertex 169.119 79.95 24
      vertex 168.978 80.2208 26.6
      vertex 168.978 80.2208 24
    endloop
  endfacet
  facet normal -0.88697 -0.461827 0
    outer loop
      vertex 168.978 80.2208 26.6
      vertex 169.119 79.95 24
      vertex 169.119 79.95 26.6
    endloop
  endfacet
  facet normal 0.608982 -0.793184 0
    outer loop
      vertex 174.158 78.833 24
      vertex 174.4 79.0188 26.6
      vertex 174.158 78.833 26.6
    endloop
  endfacet
  facet normal 0.608982 -0.793184 0
    outer loop
      vertex 174.4 79.0188 26.6
      vertex 174.158 78.833 24
      vertex 174.4 79.0188 24
    endloop
  endfacet
  facet normal 0.130556 -0.991441 0
    outer loop
      vertex 172.455 78.2133 24
      vertex 172.758 78.2532 26.6
      vertex 172.455 78.2133 26.6
    endloop
  endfacet
  facet normal 0.130556 -0.991441 0
    outer loop
      vertex 172.758 78.2532 26.6
      vertex 172.455 78.2133 24
      vertex 172.758 78.2532 24
    endloop
  endfacet
  facet normal -0.300849 -0.953672 0
    outer loop
      vertex 170.953 78.4111 24
      vertex 171.244 78.3193 26.6
      vertex 170.953 78.4111 26.6
    endloop
  endfacet
  facet normal -0.300849 -0.953672 -0
    outer loop
      vertex 171.244 78.3193 26.6
      vertex 170.953 78.4111 24
      vertex 171.244 78.3193 24
    endloop
  endfacet
  facet normal -0.793232 -0.608919 0
    outer loop
      vertex 169.469 79.4502 24
      vertex 169.283 79.6925 26.6
      vertex 169.283 79.6925 24
    endloop
  endfacet
  facet normal -0.793232 -0.608919 0
    outer loop
      vertex 169.283 79.6925 26.6
      vertex 169.469 79.4502 24
      vertex 169.469 79.4502 26.6
    endloop
  endfacet
  facet normal -0.608982 -0.793184 0
    outer loop
      vertex 169.9 79.0188 24
      vertex 170.142 78.833 26.6
      vertex 169.9 79.0188 26.6
    endloop
  endfacet
  facet normal -0.608982 -0.793184 -0
    outer loop
      vertex 170.142 78.833 26.6
      vertex 169.9 79.0188 24
      vertex 170.142 78.833 24
    endloop
  endfacet
  facet normal -0.38266 -0.923889 0
    outer loop
      vertex 170.671 78.5279 24
      vertex 170.953 78.4111 26.6
      vertex 170.671 78.5279 26.6
    endloop
  endfacet
  facet normal -0.38266 -0.923889 -0
    outer loop
      vertex 170.953 78.4111 26.6
      vertex 170.671 78.5279 24
      vertex 170.953 78.4111 24
    endloop
  endfacet
  facet normal 0.88697 -0.461827 0
    outer loop
      vertex 175.181 79.95 26.6
      vertex 175.322 80.2208 24
      vertex 175.322 80.2208 26.6
    endloop
  endfacet
  facet normal 0.88697 -0.461827 0
    outer loop
      vertex 175.322 80.2208 24
      vertex 175.181 79.95 26.6
      vertex 175.181 79.95 24
    endloop
  endfacet
  facet normal -0.88697 0.461827 0
    outer loop
      vertex 168.978 83.1792 24
      vertex 169.119 83.45 26.6
      vertex 169.119 83.45 24
    endloop
  endfacet
  facet normal -0.88697 0.461827 0
    outer loop
      vertex 169.119 83.45 26.6
      vertex 168.978 83.1792 24
      vertex 168.978 83.1792 26.6
    endloop
  endfacet
  facet normal 0.843459 -0.537193 0
    outer loop
      vertex 175.017 79.6925 26.6
      vertex 175.181 79.95 24
      vertex 175.181 79.95 26.6
    endloop
  endfacet
  facet normal 0.843459 -0.537193 0
    outer loop
      vertex 175.181 79.95 24
      vertex 175.017 79.6925 26.6
      vertex 175.017 79.6925 24
    endloop
  endfacet
  facet normal -0.923705 0.383104 0
    outer loop
      vertex 168.861 82.8971 24
      vertex 168.978 83.1792 26.6
      vertex 168.978 83.1792 24
    endloop
  endfacet
  facet normal -0.923705 0.383104 0
    outer loop
      vertex 168.978 83.1792 26.6
      vertex 168.861 82.8971 24
      vertex 168.861 82.8971 26.6
    endloop
  endfacet
  facet normal 0.675279 0.737562 -0
    outer loop
      vertex 174.625 176.775 24
      vertex 174.4 176.981 26.6
      vertex 174.625 176.775 26.6
    endloop
  endfacet
  facet normal 0.675279 0.737562 0
    outer loop
      vertex 174.4 176.981 26.6
      vertex 174.625 176.775 24
      vertex 174.4 176.981 24
    endloop
  endfacet
  facet normal 0.976341 0.216237 0
    outer loop
      vertex 175.597 174.908 26.6
      vertex 175.531 175.206 24
      vertex 175.531 175.206 26.6
    endloop
  endfacet
  facet normal 0.976341 0.216237 0
    outer loop
      vertex 175.531 175.206 24
      vertex 175.597 174.908 26.6
      vertex 175.597 174.908 24
    endloop
  endfacet
  facet normal -0.999093 0.0425843 0
    outer loop
      vertex 168.65 174.3 24
      vertex 168.663 174.605 26.6
      vertex 168.663 174.605 24
    endloop
  endfacet
  facet normal -0.999093 0.0425843 0
    outer loop
      vertex 168.663 174.605 26.6
      vertex 168.65 174.3 24
      vertex 168.65 174.3 26.6
    endloop
  endfacet
  facet normal 0.865031 -0.501718 0
    outer loop
      vertex 175.152 172.5 26.6
      vertex 175.181 172.55 24
      vertex 175.181 172.55 26.6
    endloop
  endfacet
  facet normal 0.865031 -0.501718 0
    outer loop
      vertex 175.181 172.55 24
      vertex 175.152 172.5 26.6
      vertex 175.152 172.5 24
    endloop
  endfacet
  facet normal -0.38322 0.923657 0
    outer loop
      vertex 170.953 177.589 24
      vertex 170.671 177.472 26.6
      vertex 170.953 177.589 26.6
    endloop
  endfacet
  facet normal -0.38322 0.923657 0
    outer loop
      vertex 170.671 177.472 26.6
      vertex 170.953 177.589 24
      vertex 170.671 177.472 24
    endloop
  endfacet
  facet normal -0.923657 -0.38322 0
    outer loop
      vertex 168.978 172.821 24
      vertex 168.861 173.103 26.6
      vertex 168.861 173.103 24
    endloop
  endfacet
  facet normal -0.923657 -0.38322 0
    outer loop
      vertex 168.861 173.103 26.6
      vertex 168.978 172.821 24
      vertex 168.978 172.821 26.6
    endloop
  endfacet
  facet normal 0.88711 -0.461559 0
    outer loop
      vertex 175.181 172.55 26.6
      vertex 175.322 172.821 24
      vertex 175.322 172.821 26.6
    endloop
  endfacet
  facet normal 0.88711 -0.461559 0
    outer loop
      vertex 175.322 172.821 24
      vertex 175.181 172.55 26.6
      vertex 175.181 172.55 24
    endloop
  endfacet
  facet normal -0.737562 0.675279 0
    outer loop
      vertex 169.469 176.55 24
      vertex 169.675 176.775 26.6
      vertex 169.675 176.775 24
    endloop
  endfacet
  facet normal -0.737562 0.675279 0
    outer loop
      vertex 169.675 176.775 26.6
      vertex 169.469 176.55 24
      vertex 169.469 176.55 26.6
    endloop
  endfacet
  facet normal -0.792868 0.609394 0
    outer loop
      vertex 169.283 176.308 24
      vertex 169.469 176.55 26.6
      vertex 169.469 176.55 24
    endloop
  endfacet
  facet normal -0.792868 0.609394 0
    outer loop
      vertex 169.469 176.55 26.6
      vertex 169.283 176.308 24
      vertex 169.283 176.308 26.6
    endloop
  endfacet
  facet normal -0.999093 -0.0425843 0
    outer loop
      vertex 168.663 173.995 24
      vertex 168.65 174.3 26.6
      vertex 168.65 174.3 24
    endloop
  endfacet
  facet normal -0.999093 -0.0425843 0
    outer loop
      vertex 168.65 174.3 26.6
      vertex 168.663 173.995 24
      vertex 168.663 173.995 26.6
    endloop
  endfacet
  facet normal -0.843931 0.536452 0
    outer loop
      vertex 169.119 176.05 24
      vertex 169.283 176.308 26.6
      vertex 169.283 176.308 24
    endloop
  endfacet
  facet normal -0.843931 0.536452 0
    outer loop
      vertex 169.283 176.308 26.6
      vertex 169.119 176.05 24
      vertex 169.119 176.05 26.6
    endloop
  endfacet
  facet normal 0.953484 -0.301445 0
    outer loop
      vertex 175.439 173.103 26.6
      vertex 175.531 173.394 24
      vertex 175.531 173.394 26.6
    endloop
  endfacet
  facet normal 0.953484 -0.301445 0
    outer loop
      vertex 175.531 173.394 24
      vertex 175.439 173.103 26.6
      vertex 175.439 173.103 24
    endloop
  endfacet
  facet normal -0.0425843 0.999093 0
    outer loop
      vertex 172.15 177.8 24
      vertex 171.845 177.787 26.6
      vertex 172.15 177.8 26.6
    endloop
  endfacet
  facet normal -0.0425843 0.999093 0
    outer loop
      vertex 171.845 177.787 26.6
      vertex 172.15 177.8 24
      vertex 171.845 177.787 24
    endloop
  endfacet
  facet normal 0.976341 -0.216237 0
    outer loop
      vertex 175.531 173.394 26.6
      vertex 175.597 173.692 24
      vertex 175.597 173.692 26.6
    endloop
  endfacet
  facet normal 0.976341 -0.216237 0
    outer loop
      vertex 175.597 173.692 24
      vertex 175.531 173.394 26.6
      vertex 175.531 173.394 24
    endloop
  endfacet
  facet normal -0.953484 0.301445 0
    outer loop
      vertex 168.769 175.206 24
      vertex 168.861 175.497 26.6
      vertex 168.861 175.497 24
    endloop
  endfacet
  facet normal -0.953484 0.301445 0
    outer loop
      vertex 168.861 175.497 26.6
      vertex 168.769 175.206 24
      vertex 168.769 175.206 26.6
    endloop
  endfacet
  facet normal -0.536452 0.843931 0
    outer loop
      vertex 170.4 177.331 24
      vertex 170.142 177.167 26.6
      vertex 170.4 177.331 26.6
    endloop
  endfacet
  facet normal -0.536452 0.843931 0
    outer loop
      vertex 170.142 177.167 26.6
      vertex 170.4 177.331 24
      vertex 170.142 177.167 24
    endloop
  endfacet
  facet normal 0.216237 0.976341 -0
    outer loop
      vertex 173.056 177.681 24
      vertex 172.758 177.747 26.6
      vertex 173.056 177.681 26.6
    endloop
  endfacet
  facet normal 0.216237 0.976341 0
    outer loop
      vertex 172.758 177.747 26.6
      vertex 173.056 177.681 24
      vertex 172.758 177.747 24
    endloop
  endfacet
  facet normal -0.953484 -0.301445 0
    outer loop
      vertex 168.861 173.103 24
      vertex 168.769 173.394 26.6
      vertex 168.769 173.394 24
    endloop
  endfacet
  facet normal -0.953484 -0.301445 0
    outer loop
      vertex 168.769 173.394 26.6
      vertex 168.861 173.103 24
      vertex 168.861 173.103 26.6
    endloop
  endfacet
  facet normal -0.865031 -0.501718 0
    outer loop
      vertex 169.148 172.5 24
      vertex 169.119 172.55 26.6
      vertex 169.119 172.55 24
    endloop
  endfacet
  facet normal -0.865031 -0.501718 0
    outer loop
      vertex 169.119 172.55 26.6
      vertex 169.148 172.5 24
      vertex 169.148 172.5 26.6
    endloop
  endfacet
  facet normal -0.991399 -0.130878 0
    outer loop
      vertex 168.703 173.692 24
      vertex 168.663 173.995 26.6
      vertex 168.663 173.995 24
    endloop
  endfacet
  facet normal -0.991399 -0.130878 0
    outer loop
      vertex 168.663 173.995 26.6
      vertex 168.703 173.692 24
      vertex 168.703 173.692 26.6
    endloop
  endfacet
  facet normal 0.953484 0.301445 0
    outer loop
      vertex 175.531 175.206 26.6
      vertex 175.439 175.497 24
      vertex 175.439 175.497 26.6
    endloop
  endfacet
  facet normal 0.953484 0.301445 0
    outer loop
      vertex 175.439 175.497 24
      vertex 175.531 175.206 26.6
      vertex 175.531 175.206 24
    endloop
  endfacet
  facet normal -0.88711 0.461559 0
    outer loop
      vertex 168.978 175.779 24
      vertex 169.119 176.05 26.6
      vertex 169.119 176.05 24
    endloop
  endfacet
  facet normal -0.88711 0.461559 0
    outer loop
      vertex 169.119 176.05 26.6
      vertex 168.978 175.779 24
      vertex 168.978 175.779 26.6
    endloop
  endfacet
  facet normal 0.991399 -0.130878 0
    outer loop
      vertex 175.597 173.692 26.6
      vertex 175.637 173.995 24
      vertex 175.637 173.995 26.6
    endloop
  endfacet
  facet normal 0.991399 -0.130878 0
    outer loop
      vertex 175.637 173.995 24
      vertex 175.597 173.692 26.6
      vertex 175.597 173.692 24
    endloop
  endfacet
  facet normal 0.923657 0.38322 0
    outer loop
      vertex 175.439 175.497 26.6
      vertex 175.322 175.779 24
      vertex 175.322 175.779 26.6
    endloop
  endfacet
  facet normal 0.923657 0.38322 0
    outer loop
      vertex 175.322 175.779 24
      vertex 175.439 175.497 26.6
      vertex 175.439 175.497 24
    endloop
  endfacet
  facet normal -0.461559 0.88711 0
    outer loop
      vertex 170.671 177.472 24
      vertex 170.4 177.331 26.6
      vertex 170.671 177.472 26.6
    endloop
  endfacet
  facet normal -0.461559 0.88711 0
    outer loop
      vertex 170.4 177.331 26.6
      vertex 170.671 177.472 24
      vertex 170.4 177.331 24
    endloop
  endfacet
  facet normal 0.0425843 0.999093 -0
    outer loop
      vertex 172.455 177.787 24
      vertex 172.15 177.8 26.6
      vertex 172.455 177.787 26.6
    endloop
  endfacet
  facet normal 0.0425843 0.999093 0
    outer loop
      vertex 172.15 177.8 26.6
      vertex 172.455 177.787 24
      vertex 172.15 177.8 24
    endloop
  endfacet
  facet normal 0.999093 0.0425843 0
    outer loop
      vertex 175.65 174.3 26.6
      vertex 175.637 174.605 24
      vertex 175.637 174.605 26.6
    endloop
  endfacet
  facet normal 0.999093 0.0425843 0
    outer loop
      vertex 175.637 174.605 24
      vertex 175.65 174.3 26.6
      vertex 175.65 174.3 24
    endloop
  endfacet
  facet normal 0.843931 0.536452 0
    outer loop
      vertex 175.181 176.05 26.6
      vertex 175.017 176.308 24
      vertex 175.017 176.308 26.6
    endloop
  endfacet
  facet normal 0.843931 0.536452 0
    outer loop
      vertex 175.017 176.308 24
      vertex 175.181 176.05 26.6
      vertex 175.181 176.05 24
    endloop
  endfacet
  facet normal -0.923657 0.38322 0
    outer loop
      vertex 168.861 175.497 24
      vertex 168.978 175.779 26.6
      vertex 168.978 175.779 24
    endloop
  endfacet
  facet normal -0.923657 0.38322 0
    outer loop
      vertex 168.978 175.779 26.6
      vertex 168.861 175.497 24
      vertex 168.861 175.497 26.6
    endloop
  endfacet
  facet normal -0.301445 0.953484 0
    outer loop
      vertex 171.244 177.681 24
      vertex 170.953 177.589 26.6
      vertex 171.244 177.681 26.6
    endloop
  endfacet
  facet normal -0.301445 0.953484 0
    outer loop
      vertex 170.953 177.589 26.6
      vertex 171.244 177.681 24
      vertex 170.953 177.589 24
    endloop
  endfacet
  facet normal 0.609394 0.792868 -0
    outer loop
      vertex 174.4 176.981 24
      vertex 174.158 177.167 26.6
      vertex 174.4 176.981 26.6
    endloop
  endfacet
  facet normal 0.609394 0.792868 0
    outer loop
      vertex 174.158 177.167 26.6
      vertex 174.4 176.981 24
      vertex 174.158 177.167 24
    endloop
  endfacet
  facet normal -0.991399 0.130878 0
    outer loop
      vertex 168.663 174.605 24
      vertex 168.703 174.908 26.6
      vertex 168.703 174.908 24
    endloop
  endfacet
  facet normal -0.991399 0.130878 0
    outer loop
      vertex 168.703 174.908 26.6
      vertex 168.663 174.605 24
      vertex 168.663 174.605 26.6
    endloop
  endfacet
  facet normal -0.976341 0.216237 0
    outer loop
      vertex 168.703 174.908 24
      vertex 168.769 175.206 26.6
      vertex 168.769 175.206 24
    endloop
  endfacet
  facet normal -0.976341 0.216237 0
    outer loop
      vertex 168.769 175.206 26.6
      vertex 168.703 174.908 24
      vertex 168.703 174.908 26.6
    endloop
  endfacet
  facet normal -0.88711 -0.461559 0
    outer loop
      vertex 169.119 172.55 24
      vertex 168.978 172.821 26.6
      vertex 168.978 172.821 24
    endloop
  endfacet
  facet normal -0.88711 -0.461559 0
    outer loop
      vertex 168.978 172.821 26.6
      vertex 169.119 172.55 24
      vertex 169.119 172.55 26.6
    endloop
  endfacet
  facet normal -0.976341 -0.216237 0
    outer loop
      vertex 168.769 173.394 24
      vertex 168.703 173.692 26.6
      vertex 168.703 173.692 24
    endloop
  endfacet
  facet normal -0.976341 -0.216237 0
    outer loop
      vertex 168.703 173.692 26.6
      vertex 168.769 173.394 24
      vertex 168.769 173.394 26.6
    endloop
  endfacet
  facet normal 0.999093 -0.0425843 0
    outer loop
      vertex 175.637 173.995 26.6
      vertex 175.65 174.3 24
      vertex 175.65 174.3 26.6
    endloop
  endfacet
  facet normal 0.999093 -0.0425843 0
    outer loop
      vertex 175.65 174.3 24
      vertex 175.637 173.995 26.6
      vertex 175.637 173.995 24
    endloop
  endfacet
  facet normal 0.38322 0.923657 -0
    outer loop
      vertex 173.629 177.472 24
      vertex 173.347 177.589 26.6
      vertex 173.629 177.472 26.6
    endloop
  endfacet
  facet normal 0.38322 0.923657 0
    outer loop
      vertex 173.347 177.589 26.6
      vertex 173.629 177.472 24
      vertex 173.347 177.589 24
    endloop
  endfacet
  facet normal 0.991399 0.130878 0
    outer loop
      vertex 175.637 174.605 26.6
      vertex 175.597 174.908 24
      vertex 175.597 174.908 26.6
    endloop
  endfacet
  facet normal 0.991399 0.130878 0
    outer loop
      vertex 175.597 174.908 24
      vertex 175.637 174.605 26.6
      vertex 175.637 174.605 24
    endloop
  endfacet
  facet normal 0.923657 -0.38322 0
    outer loop
      vertex 175.322 172.821 26.6
      vertex 175.439 173.103 24
      vertex 175.439 173.103 26.6
    endloop
  endfacet
  facet normal 0.923657 -0.38322 0
    outer loop
      vertex 175.439 173.103 24
      vertex 175.322 172.821 26.6
      vertex 175.322 172.821 24
    endloop
  endfacet
  facet normal 0.792868 0.609394 0
    outer loop
      vertex 175.017 176.308 26.6
      vertex 174.831 176.55 24
      vertex 174.831 176.55 26.6
    endloop
  endfacet
  facet normal 0.792868 0.609394 0
    outer loop
      vertex 174.831 176.55 24
      vertex 175.017 176.308 26.6
      vertex 175.017 176.308 24
    endloop
  endfacet
  facet normal -0.130878 0.991399 0
    outer loop
      vertex 171.845 177.787 24
      vertex 171.542 177.747 26.6
      vertex 171.845 177.787 26.6
    endloop
  endfacet
  facet normal -0.130878 0.991399 0
    outer loop
      vertex 171.542 177.747 26.6
      vertex 171.845 177.787 24
      vertex 171.542 177.747 24
    endloop
  endfacet
  facet normal 0.301445 0.953484 -0
    outer loop
      vertex 173.347 177.589 24
      vertex 173.056 177.681 26.6
      vertex 173.347 177.589 26.6
    endloop
  endfacet
  facet normal 0.301445 0.953484 0
    outer loop
      vertex 173.056 177.681 26.6
      vertex 173.347 177.589 24
      vertex 173.056 177.681 24
    endloop
  endfacet
  facet normal -0.216237 0.976341 0
    outer loop
      vertex 171.542 177.747 24
      vertex 171.244 177.681 26.6
      vertex 171.542 177.747 26.6
    endloop
  endfacet
  facet normal -0.216237 0.976341 0
    outer loop
      vertex 171.244 177.681 26.6
      vertex 171.542 177.747 24
      vertex 171.244 177.681 24
    endloop
  endfacet
  facet normal 0.737562 0.675279 0
    outer loop
      vertex 174.831 176.55 26.6
      vertex 174.625 176.775 24
      vertex 174.625 176.775 26.6
    endloop
  endfacet
  facet normal 0.737562 0.675279 0
    outer loop
      vertex 174.625 176.775 24
      vertex 174.831 176.55 26.6
      vertex 174.831 176.55 24
    endloop
  endfacet
  facet normal -0.675279 0.737562 0
    outer loop
      vertex 169.9 176.981 24
      vertex 169.675 176.775 26.6
      vertex 169.9 176.981 26.6
    endloop
  endfacet
  facet normal -0.675279 0.737562 0
    outer loop
      vertex 169.675 176.775 26.6
      vertex 169.9 176.981 24
      vertex 169.675 176.775 24
    endloop
  endfacet
  facet normal -0.609394 0.792868 0
    outer loop
      vertex 170.142 177.167 24
      vertex 169.9 176.981 26.6
      vertex 170.142 177.167 26.6
    endloop
  endfacet
  facet normal -0.609394 0.792868 0
    outer loop
      vertex 169.9 176.981 26.6
      vertex 170.142 177.167 24
      vertex 169.9 176.981 24
    endloop
  endfacet
  facet normal 0.130878 0.991399 -0
    outer loop
      vertex 172.758 177.747 24
      vertex 172.455 177.787 26.6
      vertex 172.758 177.747 26.6
    endloop
  endfacet
  facet normal 0.130878 0.991399 0
    outer loop
      vertex 172.455 177.787 26.6
      vertex 172.758 177.747 24
      vertex 172.455 177.787 24
    endloop
  endfacet
  facet normal 0.88711 0.461559 0
    outer loop
      vertex 175.322 175.779 26.6
      vertex 175.181 176.05 24
      vertex 175.181 176.05 26.6
    endloop
  endfacet
  facet normal 0.88711 0.461559 0
    outer loop
      vertex 175.181 176.05 24
      vertex 175.322 175.779 26.6
      vertex 175.322 175.779 24
    endloop
  endfacet
  facet normal 0.461559 0.88711 -0
    outer loop
      vertex 173.9 177.331 24
      vertex 173.629 177.472 26.6
      vertex 173.9 177.331 26.6
    endloop
  endfacet
  facet normal 0.461559 0.88711 0
    outer loop
      vertex 173.629 177.472 26.6
      vertex 173.9 177.331 24
      vertex 173.629 177.472 24
    endloop
  endfacet
  facet normal 0.536452 0.843931 -0
    outer loop
      vertex 174.158 177.167 24
      vertex 173.9 177.331 26.6
      vertex 174.158 177.167 26.6
    endloop
  endfacet
  facet normal 0.536452 0.843931 0
    outer loop
      vertex 173.9 177.331 26.6
      vertex 174.158 177.167 24
      vertex 173.9 177.331 24
    endloop
  endfacet
  facet normal -0.991958 -0.126566 0
    outer loop
      vertex 173.594 81.8264 24
      vertex 173.578 81.9518 25.2
      vertex 173.578 81.9518 24
    endloop
  endfacet
  facet normal -0.991958 -0.126566 0
    outer loop
      vertex 173.578 81.9518 25.2
      vertex 173.594 81.8264 24
      vertex 173.594 81.8264 25.2
    endloop
  endfacet
  facet normal -0.998875 -0.047415 0
    outer loop
      vertex 173.6 81.7 24
      vertex 173.594 81.8264 25.2
      vertex 173.594 81.8264 24
    endloop
  endfacet
  facet normal -0.998875 -0.047415 0
    outer loop
      vertex 173.594 81.8264 25.2
      vertex 173.6 81.7 24
      vertex 173.6 81.7 25.2
    endloop
  endfacet
  facet normal -0.976926 -0.213579 0
    outer loop
      vertex 173.578 81.9518 24
      vertex 173.551 82.0753 25.2
      vertex 173.551 82.0753 24
    endloop
  endfacet
  facet normal -0.976926 -0.213579 0
    outer loop
      vertex 173.551 82.0753 25.2
      vertex 173.578 81.9518 24
      vertex 173.578 81.9518 25.2
    endloop
  endfacet
  facet normal -0.953774 -0.300526 0
    outer loop
      vertex 173.551 82.0753 24
      vertex 173.513 82.1959 25.2
      vertex 173.513 82.1959 24
    endloop
  endfacet
  facet normal -0.953774 -0.300526 0
    outer loop
      vertex 173.513 82.1959 25.2
      vertex 173.551 82.0753 24
      vertex 173.551 82.0753 25.2
    endloop
  endfacet
  facet normal -0.299622 -0.954058 0
    outer loop
      vertex 172.525 83.1006 24
      vertex 172.646 83.0626 25.2
      vertex 172.525 83.1006 25.2
    endloop
  endfacet
  facet normal -0.299622 -0.954058 -0
    outer loop
      vertex 172.646 83.0626 25.2
      vertex 172.525 83.1006 24
      vertex 172.646 83.0626 24
    endloop
  endfacet
  facet normal 0.46235 -0.886698 0
    outer loop
      vertex 171.425 82.9557 24
      vertex 171.537 83.0141 25.2
      vertex 171.425 82.9557 25.2
    endloop
  endfacet
  facet normal 0.46235 -0.886698 0
    outer loop
      vertex 171.537 83.0141 25.2
      vertex 171.425 82.9557 24
      vertex 171.537 83.0141 24
    endloop
  endfacet
  facet normal 0.991958 -0.126566 0
    outer loop
      vertex 170.706 81.8264 25.2
      vertex 170.722 81.9518 24
      vertex 170.722 81.9518 25.2
    endloop
  endfacet
  facet normal 0.991958 -0.126566 0
    outer loop
      vertex 170.722 81.9518 24
      vertex 170.706 81.8264 25.2
      vertex 170.706 81.8264 24
    endloop
  endfacet
  facet normal 0.217435 -0.976075 0
    outer loop
      vertex 171.775 83.1006 24
      vertex 171.898 83.128 25.2
      vertex 171.775 83.1006 25.2
    endloop
  endfacet
  facet normal 0.217435 -0.976075 0
    outer loop
      vertex 171.898 83.128 25.2
      vertex 171.775 83.1006 24
      vertex 171.898 83.128 24
    endloop
  endfacet
  facet normal 0.976926 -0.213579 0
    outer loop
      vertex 170.722 81.9518 25.2
      vertex 170.749 82.0753 24
      vertex 170.749 82.0753 25.2
    endloop
  endfacet
  facet normal 0.976926 -0.213579 0
    outer loop
      vertex 170.749 82.0753 24
      vertex 170.722 81.9518 25.2
      vertex 170.722 81.9518 24
    endloop
  endfacet
  facet normal 0.793212 -0.608946 0
    outer loop
      vertex 170.962 82.5317 25.2
      vertex 171.039 82.632 24
      vertex 171.039 82.632 25.2
    endloop
  endfacet
  facet normal 0.793212 -0.608946 0
    outer loop
      vertex 171.039 82.632 24
      vertex 170.962 82.5317 25.2
      vertex 170.962 82.5317 24
    endloop
  endfacet
  facet normal -0.217435 0.976075 0
    outer loop
      vertex 172.525 80.2994 24
      vertex 172.402 80.272 25.2
      vertex 172.525 80.2994 25.2
    endloop
  endfacet
  facet normal -0.217435 0.976075 0
    outer loop
      vertex 172.402 80.272 25.2
      vertex 172.525 80.2994 24
      vertex 172.402 80.272 24
    endloop
  endfacet
  facet normal 0.382259 0.924055 -0
    outer loop
      vertex 171.654 80.3374 24
      vertex 171.537 80.3858 25.2
      vertex 171.654 80.3374 25.2
    endloop
  endfacet
  facet normal 0.382259 0.924055 0
    outer loop
      vertex 171.537 80.3858 25.2
      vertex 171.654 80.3374 24
      vertex 171.537 80.3858 24
    endloop
  endfacet
  facet normal -0.462972 0.886373 0
    outer loop
      vertex 172.875 80.4443 24
      vertex 172.763 80.3858 25.2
      vertex 172.875 80.4443 25.2
    endloop
  endfacet
  facet normal -0.462972 0.886373 0
    outer loop
      vertex 172.763 80.3858 25.2
      vertex 172.875 80.4443 24
      vertex 172.763 80.3858 24
    endloop
  endfacet
  facet normal -0.735287 0.677756 0
    outer loop
      vertex 173.175 80.6747 24
      vertex 173.261 80.768 25.2
      vertex 173.261 80.768 24
    endloop
  endfacet
  facet normal -0.735287 0.677756 0
    outer loop
      vertex 173.261 80.768 25.2
      vertex 173.175 80.6747 24
      vertex 173.175 80.6747 25.2
    endloop
  endfacet
  facet normal -0.793212 0.608946 0
    outer loop
      vertex 173.261 80.768 24
      vertex 173.338 80.8683 25.2
      vertex 173.338 80.8683 24
    endloop
  endfacet
  facet normal -0.793212 0.608946 0
    outer loop
      vertex 173.338 80.8683 25.2
      vertex 173.261 80.768 24
      vertex 173.261 80.768 25.2
    endloop
  endfacet
  facet normal -0.991958 0.126566 0
    outer loop
      vertex 173.578 81.4482 24
      vertex 173.594 81.5736 25.2
      vertex 173.594 81.5736 24
    endloop
  endfacet
  facet normal -0.991958 0.126566 0
    outer loop
      vertex 173.594 81.5736 25.2
      vertex 173.578 81.4482 24
      vertex 173.578 81.4482 25.2
    endloop
  endfacet
  facet normal 0.535803 -0.844343 0
    outer loop
      vertex 171.318 82.8878 24
      vertex 171.425 82.9557 25.2
      vertex 171.318 82.8878 25.2
    endloop
  endfacet
  facet normal 0.535803 -0.844343 0
    outer loop
      vertex 171.425 82.9557 25.2
      vertex 171.318 82.8878 24
      vertex 171.425 82.9557 24
    endloop
  endfacet
  facet normal 0.843303 -0.537438 0
    outer loop
      vertex 170.894 82.425 25.2
      vertex 170.962 82.5317 24
      vertex 170.962 82.5317 25.2
    endloop
  endfacet
  facet normal 0.843303 -0.537438 0
    outer loop
      vertex 170.962 82.5317 24
      vertex 170.894 82.425 25.2
      vertex 170.894 82.425 24
    endloop
  endfacet
  facet normal -0.382933 -0.923776 0
    outer loop
      vertex 172.646 83.0626 24
      vertex 172.763 83.0141 25.2
      vertex 172.646 83.0626 25.2
    endloop
  endfacet
  facet normal -0.382933 -0.923776 -0
    outer loop
      vertex 172.763 83.0141 25.2
      vertex 172.646 83.0626 24
      vertex 172.763 83.0141 24
    endloop
  endfacet
  facet normal 0.793212 0.608946 0
    outer loop
      vertex 171.039 80.768 25.2
      vertex 170.962 80.8683 24
      vertex 170.962 80.8683 25.2
    endloop
  endfacet
  facet normal 0.793212 0.608946 0
    outer loop
      vertex 170.962 80.8683 24
      vertex 171.039 80.768 25.2
      vertex 171.039 80.768 24
    endloop
  endfacet
  facet normal 0.0436093 -0.999049 0
    outer loop
      vertex 172.024 83.1445 24
      vertex 172.15 83.15 25.2
      vertex 172.024 83.1445 25.2
    endloop
  endfacet
  facet normal 0.0436093 -0.999049 0
    outer loop
      vertex 172.15 83.15 25.2
      vertex 172.024 83.1445 24
      vertex 172.15 83.15 24
    endloop
  endfacet
  facet normal -0.843303 0.537438 0
    outer loop
      vertex 173.338 80.8683 24
      vertex 173.406 80.975 25.2
      vertex 173.406 80.975 24
    endloop
  endfacet
  facet normal -0.843303 0.537438 0
    outer loop
      vertex 173.406 80.975 25.2
      vertex 173.338 80.8683 24
      vertex 173.338 80.8683 25.2
    endloop
  endfacet
  facet normal 0.953774 0.300526 0
    outer loop
      vertex 170.787 81.2041 25.2
      vertex 170.749 81.3247 24
      vertex 170.749 81.3247 25.2
    endloop
  endfacet
  facet normal 0.953774 0.300526 0
    outer loop
      vertex 170.749 81.3247 24
      vertex 170.787 81.2041 25.2
      vertex 170.787 81.2041 24
    endloop
  endfacet
  facet normal -0.976926 0.213579 0
    outer loop
      vertex 173.551 81.3247 24
      vertex 173.578 81.4482 25.2
      vertex 173.578 81.4482 24
    endloop
  endfacet
  facet normal -0.976926 0.213579 0
    outer loop
      vertex 173.578 81.4482 25.2
      vertex 173.551 81.3247 24
      vertex 173.551 81.3247 25.2
    endloop
  endfacet
  facet normal 0.382933 -0.923776 0
    outer loop
      vertex 171.537 83.0141 24
      vertex 171.654 83.0626 25.2
      vertex 171.537 83.0141 25.2
    endloop
  endfacet
  facet normal 0.382933 -0.923776 0
    outer loop
      vertex 171.654 83.0626 25.2
      vertex 171.537 83.0141 24
      vertex 171.654 83.0626 24
    endloop
  endfacet
  facet normal 0.676799 -0.736168 0
    outer loop
      vertex 171.125 82.7253 24
      vertex 171.218 82.8108 25.2
      vertex 171.125 82.7253 25.2
    endloop
  endfacet
  facet normal 0.676799 -0.736168 0
    outer loop
      vertex 171.218 82.8108 25.2
      vertex 171.125 82.7253 24
      vertex 171.218 82.8108 24
    endloop
  endfacet
  facet normal -0.299622 0.954058 0
    outer loop
      vertex 172.646 80.3374 24
      vertex 172.525 80.2994 25.2
      vertex 172.646 80.3374 25.2
    endloop
  endfacet
  facet normal -0.299622 0.954058 0
    outer loop
      vertex 172.525 80.2994 25.2
      vertex 172.646 80.3374 24
      vertex 172.525 80.2994 24
    endloop
  endfacet
  facet normal 0.299622 -0.954058 0
    outer loop
      vertex 171.654 83.0626 24
      vertex 171.775 83.1006 25.2
      vertex 171.654 83.0626 25.2
    endloop
  endfacet
  facet normal 0.299622 -0.954058 0
    outer loop
      vertex 171.775 83.1006 25.2
      vertex 171.654 83.0626 24
      vertex 171.775 83.1006 24
    endloop
  endfacet
  facet normal -0.843303 -0.537438 0
    outer loop
      vertex 173.406 82.425 24
      vertex 173.338 82.5317 25.2
      vertex 173.338 82.5317 24
    endloop
  endfacet
  facet normal -0.843303 -0.537438 0
    outer loop
      vertex 173.338 82.5317 25.2
      vertex 173.406 82.425 24
      vertex 173.406 82.425 25.2
    endloop
  endfacet
  facet normal -0.535803 -0.844343 0
    outer loop
      vertex 172.875 82.9557 24
      vertex 172.982 82.8878 25.2
      vertex 172.875 82.9557 25.2
    endloop
  endfacet
  facet normal -0.535803 -0.844343 -0
    outer loop
      vertex 172.982 82.8878 25.2
      vertex 172.875 82.9557 24
      vertex 172.982 82.8878 24
    endloop
  endfacet
  facet normal -0.888329 0.459208 0
    outer loop
      vertex 173.406 80.975 24
      vertex 173.464 81.0872 25.2
      vertex 173.464 81.0872 24
    endloop
  endfacet
  facet normal -0.888329 0.459208 0
    outer loop
      vertex 173.464 81.0872 25.2
      vertex 173.406 80.975 24
      vertex 173.406 80.975 25.2
    endloop
  endfacet
  facet normal -0.998875 0.047415 0
    outer loop
      vertex 173.594 81.5736 24
      vertex 173.6 81.7 25.2
      vertex 173.6 81.7 24
    endloop
  endfacet
  facet normal -0.998875 0.047415 0
    outer loop
      vertex 173.6 81.7 25.2
      vertex 173.594 81.5736 24
      vertex 173.594 81.5736 25.2
    endloop
  endfacet
  facet normal -0.922258 0.386575 0
    outer loop
      vertex 173.464 81.0872 24
      vertex 173.513 81.2041 25.2
      vertex 173.513 81.2041 24
    endloop
  endfacet
  facet normal -0.922258 0.386575 0
    outer loop
      vertex 173.513 81.2041 25.2
      vertex 173.464 81.0872 24
      vertex 173.464 81.0872 25.2
    endloop
  endfacet
  facet normal 0.0436093 0.999049 -0
    outer loop
      vertex 172.15 80.25 24
      vertex 172.024 80.2555 25.2
      vertex 172.15 80.25 25.2
    endloop
  endfacet
  facet normal 0.0436093 0.999049 0
    outer loop
      vertex 172.024 80.2555 25.2
      vertex 172.15 80.25 24
      vertex 172.024 80.2555 24
    endloop
  endfacet
  facet normal 0.922258 0.386575 0
    outer loop
      vertex 170.836 81.0872 25.2
      vertex 170.787 81.2041 24
      vertex 170.787 81.2041 25.2
    endloop
  endfacet
  facet normal 0.922258 0.386575 0
    outer loop
      vertex 170.787 81.2041 24
      vertex 170.836 81.0872 25.2
      vertex 170.836 81.0872 24
    endloop
  endfacet
  facet normal -0.735287 -0.677756 0
    outer loop
      vertex 173.261 82.632 24
      vertex 173.175 82.7253 25.2
      vertex 173.175 82.7253 24
    endloop
  endfacet
  facet normal -0.735287 -0.677756 0
    outer loop
      vertex 173.175 82.7253 25.2
      vertex 173.261 82.632 24
      vertex 173.261 82.632 25.2
    endloop
  endfacet
  facet normal -0.610094 -0.792329 0
    outer loop
      vertex 172.982 82.8878 24
      vertex 173.082 82.8108 25.2
      vertex 172.982 82.8878 25.2
    endloop
  endfacet
  facet normal -0.610094 -0.792329 -0
    outer loop
      vertex 173.082 82.8108 25.2
      vertex 172.982 82.8878 24
      vertex 173.082 82.8108 24
    endloop
  endfacet
  facet normal 0.610094 0.792329 -0
    outer loop
      vertex 171.318 80.5122 24
      vertex 171.218 80.5892 25.2
      vertex 171.318 80.5122 25.2
    endloop
  endfacet
  facet normal 0.610094 0.792329 0
    outer loop
      vertex 171.218 80.5892 25.2
      vertex 171.318 80.5122 24
      vertex 171.218 80.5892 24
    endloop
  endfacet
  facet normal -0.46235 -0.886698 0
    outer loop
      vertex 172.763 83.0141 24
      vertex 172.875 82.9557 25.2
      vertex 172.763 83.0141 25.2
    endloop
  endfacet
  facet normal -0.46235 -0.886698 -0
    outer loop
      vertex 172.875 82.9557 25.2
      vertex 172.763 83.0141 24
      vertex 172.875 82.9557 24
    endloop
  endfacet
  facet normal -0.129844 0.991534 0
    outer loop
      vertex 172.402 80.272 24
      vertex 172.276 80.2555 25.2
      vertex 172.402 80.272 25.2
    endloop
  endfacet
  facet normal -0.129844 0.991534 0
    outer loop
      vertex 172.276 80.2555 25.2
      vertex 172.402 80.272 24
      vertex 172.276 80.2555 24
    endloop
  endfacet
  facet normal 0.843303 0.537438 0
    outer loop
      vertex 170.962 80.8683 25.2
      vertex 170.894 80.975 24
      vertex 170.894 80.975 25.2
    endloop
  endfacet
  facet normal 0.843303 0.537438 0
    outer loop
      vertex 170.894 80.975 24
      vertex 170.962 80.8683 25.2
      vertex 170.962 80.8683 24
    endloop
  endfacet
  facet normal 0.922258 -0.386575 0
    outer loop
      vertex 170.787 82.1959 25.2
      vertex 170.836 82.3128 24
      vertex 170.836 82.3128 25.2
    endloop
  endfacet
  facet normal 0.922258 -0.386575 0
    outer loop
      vertex 170.836 82.3128 24
      vertex 170.787 82.1959 25.2
      vertex 170.787 82.1959 24
    endloop
  endfacet
  facet normal -0.953774 0.300526 0
    outer loop
      vertex 173.513 81.2041 24
      vertex 173.551 81.3247 25.2
      vertex 173.551 81.3247 24
    endloop
  endfacet
  facet normal -0.953774 0.300526 0
    outer loop
      vertex 173.551 81.3247 25.2
      vertex 173.513 81.2041 24
      vertex 173.513 81.2041 25.2
    endloop
  endfacet
  facet normal 0.129844 -0.991534 0
    outer loop
      vertex 171.898 83.128 24
      vertex 172.024 83.1445 25.2
      vertex 171.898 83.128 25.2
    endloop
  endfacet
  facet normal 0.129844 -0.991534 0
    outer loop
      vertex 172.024 83.1445 25.2
      vertex 171.898 83.128 24
      vertex 172.024 83.1445 24
    endloop
  endfacet
  facet normal -0.676799 -0.736168 0
    outer loop
      vertex 173.082 82.8108 24
      vertex 173.175 82.7253 25.2
      vertex 173.082 82.8108 25.2
    endloop
  endfacet
  facet normal -0.676799 -0.736168 -0
    outer loop
      vertex 173.175 82.7253 25.2
      vertex 173.082 82.8108 24
      vertex 173.175 82.7253 24
    endloop
  endfacet
  facet normal -0.922258 -0.386575 0
    outer loop
      vertex 173.513 82.1959 24
      vertex 173.464 82.3128 25.2
      vertex 173.464 82.3128 24
    endloop
  endfacet
  facet normal -0.922258 -0.386575 0
    outer loop
      vertex 173.464 82.3128 25.2
      vertex 173.513 82.1959 24
      vertex 173.513 82.1959 25.2
    endloop
  endfacet
  facet normal -0.888329 -0.459208 0
    outer loop
      vertex 173.464 82.3128 24
      vertex 173.406 82.425 25.2
      vertex 173.406 82.425 24
    endloop
  endfacet
  facet normal -0.888329 -0.459208 0
    outer loop
      vertex 173.406 82.425 25.2
      vertex 173.464 82.3128 24
      vertex 173.464 82.3128 25.2
    endloop
  endfacet
  facet normal -0.0436093 0.999049 0
    outer loop
      vertex 172.276 80.2555 24
      vertex 172.15 80.25 25.2
      vertex 172.276 80.2555 25.2
    endloop
  endfacet
  facet normal -0.0436093 0.999049 0
    outer loop
      vertex 172.15 80.25 25.2
      vertex 172.276 80.2555 24
      vertex 172.15 80.25 24
    endloop
  endfacet
  facet normal 0.735287 -0.677756 0
    outer loop
      vertex 171.039 82.632 25.2
      vertex 171.125 82.7253 24
      vertex 171.125 82.7253 25.2
    endloop
  endfacet
  facet normal 0.735287 -0.677756 0
    outer loop
      vertex 171.125 82.7253 24
      vertex 171.039 82.632 25.2
      vertex 171.039 82.632 24
    endloop
  endfacet
  facet normal 0.462972 0.886373 -0
    outer loop
      vertex 171.537 80.3858 24
      vertex 171.425 80.4443 25.2
      vertex 171.537 80.3858 25.2
    endloop
  endfacet
  facet normal 0.462972 0.886373 0
    outer loop
      vertex 171.425 80.4443 25.2
      vertex 171.537 80.3858 24
      vertex 171.425 80.4443 24
    endloop
  endfacet
  facet normal 0.129844 0.991534 -0
    outer loop
      vertex 172.024 80.2555 24
      vertex 171.898 80.272 25.2
      vertex 172.024 80.2555 25.2
    endloop
  endfacet
  facet normal 0.129844 0.991534 0
    outer loop
      vertex 171.898 80.272 25.2
      vertex 172.024 80.2555 24
      vertex 171.898 80.272 24
    endloop
  endfacet
  facet normal -0.610094 0.792329 0
    outer loop
      vertex 173.082 80.5892 24
      vertex 172.982 80.5122 25.2
      vertex 173.082 80.5892 25.2
    endloop
  endfacet
  facet normal -0.610094 0.792329 0
    outer loop
      vertex 172.982 80.5122 25.2
      vertex 173.082 80.5892 24
      vertex 172.982 80.5122 24
    endloop
  endfacet
  facet normal 0.676799 0.736168 -0
    outer loop
      vertex 171.218 80.5892 24
      vertex 171.125 80.6747 25.2
      vertex 171.218 80.5892 25.2
    endloop
  endfacet
  facet normal 0.676799 0.736168 0
    outer loop
      vertex 171.125 80.6747 25.2
      vertex 171.218 80.5892 24
      vertex 171.125 80.6747 24
    endloop
  endfacet
  facet normal -0.793212 -0.608946 0
    outer loop
      vertex 173.338 82.5317 24
      vertex 173.261 82.632 25.2
      vertex 173.261 82.632 24
    endloop
  endfacet
  facet normal -0.793212 -0.608946 0
    outer loop
      vertex 173.261 82.632 25.2
      vertex 173.338 82.5317 24
      vertex 173.338 82.5317 25.2
    endloop
  endfacet
  facet normal 0.888329 -0.459208 0
    outer loop
      vertex 170.836 82.3128 25.2
      vertex 170.894 82.425 24
      vertex 170.894 82.425 25.2
    endloop
  endfacet
  facet normal 0.888329 -0.459208 0
    outer loop
      vertex 170.894 82.425 24
      vertex 170.836 82.3128 25.2
      vertex 170.836 82.3128 24
    endloop
  endfacet
  facet normal 0.976926 0.213579 0
    outer loop
      vertex 170.749 81.3247 25.2
      vertex 170.722 81.4482 24
      vertex 170.722 81.4482 25.2
    endloop
  endfacet
  facet normal 0.976926 0.213579 0
    outer loop
      vertex 170.722 81.4482 24
      vertex 170.749 81.3247 25.2
      vertex 170.749 81.3247 24
    endloop
  endfacet
  facet normal -0.0436093 -0.999049 0
    outer loop
      vertex 172.15 83.15 24
      vertex 172.276 83.1445 25.2
      vertex 172.15 83.15 25.2
    endloop
  endfacet
  facet normal -0.0436093 -0.999049 -0
    outer loop
      vertex 172.276 83.1445 25.2
      vertex 172.15 83.15 24
      vertex 172.276 83.1445 24
    endloop
  endfacet
  facet normal 0.735287 0.677756 0
    outer loop
      vertex 171.125 80.6747 25.2
      vertex 171.039 80.768 24
      vertex 171.039 80.768 25.2
    endloop
  endfacet
  facet normal 0.735287 0.677756 0
    outer loop
      vertex 171.039 80.768 24
      vertex 171.125 80.6747 25.2
      vertex 171.125 80.6747 24
    endloop
  endfacet
  facet normal -0.382259 0.924055 0
    outer loop
      vertex 172.763 80.3858 24
      vertex 172.646 80.3374 25.2
      vertex 172.763 80.3858 25.2
    endloop
  endfacet
  facet normal -0.382259 0.924055 0
    outer loop
      vertex 172.646 80.3374 25.2
      vertex 172.763 80.3858 24
      vertex 172.646 80.3374 24
    endloop
  endfacet
  facet normal 0.991958 0.126566 0
    outer loop
      vertex 170.722 81.4482 25.2
      vertex 170.706 81.5736 24
      vertex 170.706 81.5736 25.2
    endloop
  endfacet
  facet normal 0.991958 0.126566 0
    outer loop
      vertex 170.706 81.5736 24
      vertex 170.722 81.4482 25.2
      vertex 170.722 81.4482 24
    endloop
  endfacet
  facet normal -0.676799 0.736168 0
    outer loop
      vertex 173.175 80.6747 24
      vertex 173.082 80.5892 25.2
      vertex 173.175 80.6747 25.2
    endloop
  endfacet
  facet normal -0.676799 0.736168 0
    outer loop
      vertex 173.082 80.5892 25.2
      vertex 173.175 80.6747 24
      vertex 173.082 80.5892 24
    endloop
  endfacet
  facet normal 0.953774 -0.300526 0
    outer loop
      vertex 170.749 82.0753 25.2
      vertex 170.787 82.1959 24
      vertex 170.787 82.1959 25.2
    endloop
  endfacet
  facet normal 0.953774 -0.300526 0
    outer loop
      vertex 170.787 82.1959 24
      vertex 170.749 82.0753 25.2
      vertex 170.749 82.0753 24
    endloop
  endfacet
  facet normal -0.535803 0.844343 0
    outer loop
      vertex 172.982 80.5122 24
      vertex 172.875 80.4443 25.2
      vertex 172.982 80.5122 25.2
    endloop
  endfacet
  facet normal -0.535803 0.844343 0
    outer loop
      vertex 172.875 80.4443 25.2
      vertex 172.982 80.5122 24
      vertex 172.875 80.4443 24
    endloop
  endfacet
  facet normal 0.888329 0.459208 0
    outer loop
      vertex 170.894 80.975 25.2
      vertex 170.836 81.0872 24
      vertex 170.836 81.0872 25.2
    endloop
  endfacet
  facet normal 0.888329 0.459208 0
    outer loop
      vertex 170.836 81.0872 24
      vertex 170.894 80.975 25.2
      vertex 170.894 80.975 24
    endloop
  endfacet
  facet normal 0.299622 0.954058 -0
    outer loop
      vertex 171.775 80.2994 24
      vertex 171.654 80.3374 25.2
      vertex 171.775 80.2994 25.2
    endloop
  endfacet
  facet normal 0.299622 0.954058 0
    outer loop
      vertex 171.654 80.3374 25.2
      vertex 171.775 80.2994 24
      vertex 171.654 80.3374 24
    endloop
  endfacet
  facet normal -0.217435 -0.976075 0
    outer loop
      vertex 172.402 83.128 24
      vertex 172.525 83.1006 25.2
      vertex 172.402 83.128 25.2
    endloop
  endfacet
  facet normal -0.217435 -0.976075 -0
    outer loop
      vertex 172.525 83.1006 25.2
      vertex 172.402 83.128 24
      vertex 172.525 83.1006 24
    endloop
  endfacet
  facet normal 0.998875 -0.047415 0
    outer loop
      vertex 170.7 81.7 25.2
      vertex 170.706 81.8264 24
      vertex 170.706 81.8264 25.2
    endloop
  endfacet
  facet normal 0.998875 -0.047415 0
    outer loop
      vertex 170.706 81.8264 24
      vertex 170.7 81.7 25.2
      vertex 170.7 81.7 24
    endloop
  endfacet
  facet normal 0.998875 0.047415 0
    outer loop
      vertex 170.706 81.5736 25.2
      vertex 170.7 81.7 24
      vertex 170.7 81.7 25.2
    endloop
  endfacet
  facet normal 0.998875 0.047415 0
    outer loop
      vertex 170.7 81.7 24
      vertex 170.706 81.5736 25.2
      vertex 170.706 81.5736 24
    endloop
  endfacet
  facet normal 0.610094 -0.792329 0
    outer loop
      vertex 171.218 82.8108 24
      vertex 171.318 82.8878 25.2
      vertex 171.218 82.8108 25.2
    endloop
  endfacet
  facet normal 0.610094 -0.792329 0
    outer loop
      vertex 171.318 82.8878 25.2
      vertex 171.218 82.8108 24
      vertex 171.318 82.8878 24
    endloop
  endfacet
  facet normal 0.217435 0.976075 -0
    outer loop
      vertex 171.898 80.272 24
      vertex 171.775 80.2994 25.2
      vertex 171.898 80.272 25.2
    endloop
  endfacet
  facet normal 0.217435 0.976075 0
    outer loop
      vertex 171.775 80.2994 25.2
      vertex 171.898 80.272 24
      vertex 171.775 80.2994 24
    endloop
  endfacet
  facet normal -0.129844 -0.991534 0
    outer loop
      vertex 172.276 83.1445 24
      vertex 172.402 83.128 25.2
      vertex 172.276 83.1445 25.2
    endloop
  endfacet
  facet normal -0.129844 -0.991534 -0
    outer loop
      vertex 172.402 83.128 25.2
      vertex 172.276 83.1445 24
      vertex 172.402 83.128 24
    endloop
  endfacet
  facet normal 0.535803 0.844343 -0
    outer loop
      vertex 171.425 80.4443 24
      vertex 171.318 80.5122 25.2
      vertex 171.425 80.4443 25.2
    endloop
  endfacet
  facet normal 0.535803 0.844343 0
    outer loop
      vertex 171.318 80.5122 25.2
      vertex 171.425 80.4443 24
      vertex 171.318 80.5122 24
    endloop
  endfacet
  facet normal -0.991309 -0.131552 0
    outer loop
      vertex 174.84 81.9353 25.2
      vertex 174.809 82.1689 26.6
      vertex 174.809 82.1689 25.2
    endloop
  endfacet
  facet normal -0.991309 -0.131552 0
    outer loop
      vertex 174.809 82.1689 26.6
      vertex 174.84 81.9353 25.2
      vertex 174.84 81.9353 26.6
    endloop
  endfacet
  facet normal -0.999098 -0.0424606 0
    outer loop
      vertex 174.85 81.7 25.2
      vertex 174.84 81.9353 26.6
      vertex 174.84 81.9353 25.2
    endloop
  endfacet
  facet normal -0.999098 -0.0424606 0
    outer loop
      vertex 174.84 81.9353 26.6
      vertex 174.85 81.7 25.2
      vertex 174.85 81.7 26.6
    endloop
  endfacet
  facet normal -0.976267 -0.216571 0
    outer loop
      vertex 174.809 82.1689 25.2
      vertex 174.758 82.3988 26.6
      vertex 174.758 82.3988 25.2
    endloop
  endfacet
  facet normal -0.976267 -0.216571 0
    outer loop
      vertex 174.758 82.3988 26.6
      vertex 174.809 82.1689 25.2
      vertex 174.809 82.1689 26.6
    endloop
  endfacet
  facet normal 0.216481 -0.976287 0
    outer loop
      vertex 171.451 84.308 25.2
      vertex 171.681 84.359 26.6
      vertex 171.451 84.308 26.6
    endloop
  endfacet
  facet normal 0.216481 -0.976287 0
    outer loop
      vertex 171.681 84.359 26.6
      vertex 171.451 84.308 25.2
      vertex 171.681 84.359 25.2
    endloop
  endfacet
  facet normal 0.924079 0.382202 0
    outer loop
      vertex 169.703 80.5589 26.6
      vertex 169.613 80.7765 25.2
      vertex 169.613 80.7765 26.6
    endloop
  endfacet
  facet normal 0.924079 0.382202 0
    outer loop
      vertex 169.613 80.7765 25.2
      vertex 169.703 80.5589 26.6
      vertex 169.703 80.5589 25.2
    endloop
  endfacet
  facet normal -0.536766 0.843731 0
    outer loop
      vertex 173.699 79.4883 25.2
      vertex 173.5 79.3617 26.6
      vertex 173.699 79.4883 26.6
    endloop
  endfacet
  facet normal -0.536766 0.843731 0
    outer loop
      vertex 173.5 79.3617 26.6
      vertex 173.699 79.4883 25.2
      vertex 173.5 79.3617 25.2
    endloop
  endfacet
  facet normal -0.382327 0.924027 0
    outer loop
      vertex 173.291 79.253 25.2
      vertex 173.073 79.1628 26.6
      vertex 173.291 79.253 26.6
    endloop
  endfacet
  facet normal -0.382327 0.924027 0
    outer loop
      vertex 173.073 79.1628 26.6
      vertex 173.291 79.253 25.2
      vertex 173.073 79.1628 25.2
    endloop
  endfacet
  facet normal 0.844518 0.535527 0
    outer loop
      vertex 169.938 80.1513 26.6
      vertex 169.812 80.35 25.2
      vertex 169.812 80.35 26.6
    endloop
  endfacet
  facet normal 0.844518 0.535527 0
    outer loop
      vertex 169.812 80.35 25.2
      vertex 169.938 80.1513 26.6
      vertex 169.938 80.1513 25.2
    endloop
  endfacet
  facet normal -0.88657 -0.462595 0
    outer loop
      vertex 174.597 82.8411 25.2
      vertex 174.488 83.05 26.6
      vertex 174.488 83.05 25.2
    endloop
  endfacet
  facet normal -0.88657 -0.462595 0
    outer loop
      vertex 174.488 83.05 26.6
      vertex 174.597 82.8411 25.2
      vertex 174.597 82.8411 26.6
    endloop
  endfacet
  facet normal -0.676918 0.736058 0
    outer loop
      vertex 174.059 79.7908 25.2
      vertex 173.886 79.6317 26.6
      vertex 174.059 79.7908 26.6
    endloop
  endfacet
  facet normal -0.676918 0.736058 0
    outer loop
      vertex 173.886 79.6317 26.6
      vertex 174.059 79.7908 25.2
      vertex 173.886 79.6317 25.2
    endloop
  endfacet
  facet normal 0.676918 -0.736058 0
    outer loop
      vertex 170.241 83.6092 25.2
      vertex 170.414 83.7683 26.6
      vertex 170.241 83.6092 26.6
    endloop
  endfacet
  facet normal 0.676918 -0.736058 0
    outer loop
      vertex 170.414 83.7683 26.6
      vertex 170.241 83.6092 25.2
      vertex 170.414 83.7683 25.2
    endloop
  endfacet
  facet normal 0.88657 -0.462595 0
    outer loop
      vertex 169.703 82.8411 26.6
      vertex 169.812 83.05 25.2
      vertex 169.812 83.05 26.6
    endloop
  endfacet
  facet normal 0.88657 -0.462595 0
    outer loop
      vertex 169.812 83.05 25.2
      vertex 169.703 82.8411 26.6
      vertex 169.703 82.8411 25.2
    endloop
  endfacet
  facet normal -0.924079 -0.382202 0
    outer loop
      vertex 174.687 82.6235 25.2
      vertex 174.597 82.8411 26.6
      vertex 174.597 82.8411 25.2
    endloop
  endfacet
  facet normal -0.924079 -0.382202 0
    outer loop
      vertex 174.597 82.8411 26.6
      vertex 174.687 82.6235 25.2
      vertex 174.687 82.6235 26.6
    endloop
  endfacet
  facet normal 0.216481 0.976287 -0
    outer loop
      vertex 171.681 79.041 25.2
      vertex 171.451 79.092 26.6
      vertex 171.681 79.041 26.6
    endloop
  endfacet
  facet normal 0.216481 0.976287 0
    outer loop
      vertex 171.451 79.092 26.6
      vertex 171.681 79.041 25.2
      vertex 171.451 79.092 25.2
    endloop
  endfacet
  facet normal -0.791993 0.61053 0
    outer loop
      vertex 174.218 79.9645 25.2
      vertex 174.362 80.1513 26.6
      vertex 174.362 80.1513 25.2
    endloop
  endfacet
  facet normal -0.791993 0.61053 0
    outer loop
      vertex 174.362 80.1513 26.6
      vertex 174.218 79.9645 25.2
      vertex 174.218 79.9645 26.6
    endloop
  endfacet
  facet normal -0.216481 0.976287 0
    outer loop
      vertex 172.849 79.092 25.2
      vertex 172.619 79.041 26.6
      vertex 172.849 79.092 26.6
    endloop
  endfacet
  facet normal -0.216481 0.976287 0
    outer loop
      vertex 172.619 79.041 26.6
      vertex 172.849 79.092 25.2
      vertex 172.619 79.041 25.2
    endloop
  endfacet
  facet normal -0.608521 -0.793538 0
    outer loop
      vertex 173.699 83.9117 25.2
      vertex 173.886 83.7683 26.6
      vertex 173.699 83.9117 26.6
    endloop
  endfacet
  facet normal -0.608521 -0.793538 -0
    outer loop
      vertex 173.886 83.7683 26.6
      vertex 173.699 83.9117 25.2
      vertex 173.886 83.7683 25.2
    endloop
  endfacet
  facet normal -0.791993 -0.61053 0
    outer loop
      vertex 174.362 83.2487 25.2
      vertex 174.218 83.4355 26.6
      vertex 174.218 83.4355 25.2
    endloop
  endfacet
  facet normal -0.791993 -0.61053 0
    outer loop
      vertex 174.218 83.4355 26.6
      vertex 174.362 83.2487 25.2
      vertex 174.362 83.2487 26.6
    endloop
  endfacet
  facet normal -0.676918 -0.736058 0
    outer loop
      vertex 173.886 83.7683 25.2
      vertex 174.059 83.6092 26.6
      vertex 173.886 83.7683 26.6
    endloop
  endfacet
  facet normal -0.676918 -0.736058 -0
    outer loop
      vertex 174.059 83.6092 26.6
      vertex 173.886 83.7683 25.2
      vertex 174.059 83.6092 25.2
    endloop
  endfacet
  facet normal 0.130082 -0.991503 0
    outer loop
      vertex 171.681 84.359 25.2
      vertex 171.915 84.3897 26.6
      vertex 171.681 84.359 26.6
    endloop
  endfacet
  facet normal 0.130082 -0.991503 0
    outer loop
      vertex 171.915 84.3897 26.6
      vertex 171.681 84.359 25.2
      vertex 171.915 84.3897 25.2
    endloop
  endfacet
  facet normal -0.536766 -0.843731 0
    outer loop
      vertex 173.5 84.0383 25.2
      vertex 173.699 83.9117 26.6
      vertex 173.5 84.0383 26.6
    endloop
  endfacet
  facet normal -0.536766 -0.843731 -0
    outer loop
      vertex 173.699 83.9117 26.6
      vertex 173.5 84.0383 25.2
      vertex 173.699 83.9117 25.2
    endloop
  endfacet
  facet normal 0.536766 0.843731 -0
    outer loop
      vertex 170.8 79.3617 25.2
      vertex 170.601 79.4883 26.6
      vertex 170.8 79.3617 26.6
    endloop
  endfacet
  facet normal 0.536766 0.843731 0
    outer loop
      vertex 170.601 79.4883 26.6
      vertex 170.8 79.3617 25.2
      vertex 170.601 79.4883 25.2
    endloop
  endfacet
  facet normal -0.301376 -0.953505 0
    outer loop
      vertex 172.849 84.308 25.2
      vertex 173.073 84.2372 26.6
      vertex 172.849 84.308 26.6
    endloop
  endfacet
  facet normal -0.301376 -0.953505 -0
    outer loop
      vertex 173.073 84.2372 26.6
      vertex 172.849 84.308 25.2
      vertex 173.073 84.2372 25.2
    endloop
  endfacet
  facet normal -0.0437877 -0.999041 0
    outer loop
      vertex 172.15 84.4 25.2
      vertex 172.385 84.3897 26.6
      vertex 172.15 84.4 26.6
    endloop
  endfacet
  facet normal -0.0437877 -0.999041 -0
    outer loop
      vertex 172.385 84.3897 26.6
      vertex 172.15 84.4 25.2
      vertex 172.385 84.3897 25.2
    endloop
  endfacet
  facet normal 0.0437877 -0.999041 0
    outer loop
      vertex 171.915 84.3897 25.2
      vertex 172.15 84.4 26.6
      vertex 171.915 84.3897 26.6
    endloop
  endfacet
  facet normal 0.0437877 -0.999041 0
    outer loop
      vertex 172.15 84.4 26.6
      vertex 171.915 84.3897 25.2
      vertex 172.15 84.4 25.2
    endloop
  endfacet
  facet normal 0.953531 0.301294 0
    outer loop
      vertex 169.613 80.7765 26.6
      vertex 169.542 81.0012 25.2
      vertex 169.542 81.0012 26.6
    endloop
  endfacet
  facet normal 0.953531 0.301294 0
    outer loop
      vertex 169.542 81.0012 25.2
      vertex 169.613 80.7765 26.6
      vertex 169.613 80.7765 25.2
    endloop
  endfacet
  facet normal -0.999098 0.0424606 0
    outer loop
      vertex 174.84 81.4647 25.2
      vertex 174.85 81.7 26.6
      vertex 174.85 81.7 25.2
    endloop
  endfacet
  facet normal -0.999098 0.0424606 0
    outer loop
      vertex 174.85 81.7 26.6
      vertex 174.84 81.4647 25.2
      vertex 174.84 81.4647 26.6
    endloop
  endfacet
  facet normal 0.382327 -0.924027 0
    outer loop
      vertex 171.009 84.147 25.2
      vertex 171.227 84.2372 26.6
      vertex 171.009 84.147 26.6
    endloop
  endfacet
  facet normal 0.382327 -0.924027 0
    outer loop
      vertex 171.227 84.2372 26.6
      vertex 171.009 84.147 25.2
      vertex 171.227 84.2372 25.2
    endloop
  endfacet
  facet normal -0.88657 0.462595 0
    outer loop
      vertex 174.488 80.35 25.2
      vertex 174.597 80.5589 26.6
      vertex 174.597 80.5589 25.2
    endloop
  endfacet
  facet normal -0.88657 0.462595 0
    outer loop
      vertex 174.597 80.5589 26.6
      vertex 174.488 80.35 25.2
      vertex 174.488 80.35 26.6
    endloop
  endfacet
  facet normal -0.382327 -0.924027 0
    outer loop
      vertex 173.073 84.2372 25.2
      vertex 173.291 84.147 26.6
      vertex 173.073 84.2372 26.6
    endloop
  endfacet
  facet normal -0.382327 -0.924027 -0
    outer loop
      vertex 173.291 84.147 26.6
      vertex 173.073 84.2372 25.2
      vertex 173.291 84.147 25.2
    endloop
  endfacet
  facet normal 0.976267 -0.216571 0
    outer loop
      vertex 169.491 82.1689 26.6
      vertex 169.542 82.3988 25.2
      vertex 169.542 82.3988 26.6
    endloop
  endfacet
  facet normal 0.976267 -0.216571 0
    outer loop
      vertex 169.542 82.3988 25.2
      vertex 169.491 82.1689 26.6
      vertex 169.491 82.1689 25.2
    endloop
  endfacet
  facet normal 0.536766 -0.843731 0
    outer loop
      vertex 170.601 83.9117 25.2
      vertex 170.8 84.0383 26.6
      vertex 170.601 83.9117 26.6
    endloop
  endfacet
  facet normal 0.536766 -0.843731 0
    outer loop
      vertex 170.8 84.0383 26.6
      vertex 170.601 83.9117 25.2
      vertex 170.8 84.0383 25.2
    endloop
  endfacet
  facet normal 0.999098 0.0424606 0
    outer loop
      vertex 169.46 81.4647 26.6
      vertex 169.45 81.7 25.2
      vertex 169.45 81.7 26.6
    endloop
  endfacet
  facet normal 0.999098 0.0424606 0
    outer loop
      vertex 169.45 81.7 25.2
      vertex 169.46 81.4647 26.6
      vertex 169.46 81.4647 25.2
    endloop
  endfacet
  facet normal 0.130082 0.991503 -0
    outer loop
      vertex 171.915 79.0103 25.2
      vertex 171.681 79.041 26.6
      vertex 171.915 79.0103 26.6
    endloop
  endfacet
  facet normal 0.130082 0.991503 0
    outer loop
      vertex 171.681 79.041 26.6
      vertex 171.915 79.0103 25.2
      vertex 171.681 79.041 25.2
    endloop
  endfacet
  facet normal -0.953531 -0.301294 0
    outer loop
      vertex 174.758 82.3988 25.2
      vertex 174.687 82.6235 26.6
      vertex 174.687 82.6235 25.2
    endloop
  endfacet
  facet normal -0.953531 -0.301294 0
    outer loop
      vertex 174.687 82.6235 26.6
      vertex 174.758 82.3988 25.2
      vertex 174.758 82.3988 26.6
    endloop
  endfacet
  facet normal -0.953531 0.301294 0
    outer loop
      vertex 174.687 80.7765 25.2
      vertex 174.758 81.0012 26.6
      vertex 174.758 81.0012 25.2
    endloop
  endfacet
  facet normal -0.953531 0.301294 0
    outer loop
      vertex 174.758 81.0012 26.6
      vertex 174.687 80.7765 25.2
      vertex 174.687 80.7765 26.6
    endloop
  endfacet
  facet normal 0.301376 -0.953505 0
    outer loop
      vertex 171.227 84.2372 25.2
      vertex 171.451 84.308 26.6
      vertex 171.227 84.2372 26.6
    endloop
  endfacet
  facet normal 0.301376 -0.953505 0
    outer loop
      vertex 171.451 84.308 26.6
      vertex 171.227 84.2372 25.2
      vertex 171.451 84.308 25.2
    endloop
  endfacet
  facet normal -0.130082 0.991503 0
    outer loop
      vertex 172.619 79.041 25.2
      vertex 172.385 79.0103 26.6
      vertex 172.619 79.041 26.6
    endloop
  endfacet
  facet normal -0.130082 0.991503 0
    outer loop
      vertex 172.385 79.0103 26.6
      vertex 172.619 79.041 25.2
      vertex 172.385 79.0103 25.2
    endloop
  endfacet
  facet normal 0.791993 -0.61053 0
    outer loop
      vertex 169.938 83.2487 26.6
      vertex 170.082 83.4355 25.2
      vertex 170.082 83.4355 26.6
    endloop
  endfacet
  facet normal 0.791993 -0.61053 0
    outer loop
      vertex 170.082 83.4355 25.2
      vertex 169.938 83.2487 26.6
      vertex 169.938 83.2487 25.2
    endloop
  endfacet
  facet normal -0.844518 0.535527 0
    outer loop
      vertex 174.362 80.1513 25.2
      vertex 174.488 80.35 26.6
      vertex 174.488 80.35 25.2
    endloop
  endfacet
  facet normal -0.844518 0.535527 0
    outer loop
      vertex 174.488 80.35 26.6
      vertex 174.362 80.1513 25.2
      vertex 174.362 80.1513 26.6
    endloop
  endfacet
  facet normal -0.0437877 0.999041 0
    outer loop
      vertex 172.385 79.0103 25.2
      vertex 172.15 79 26.6
      vertex 172.385 79.0103 26.6
    endloop
  endfacet
  facet normal -0.0437877 0.999041 0
    outer loop
      vertex 172.15 79 26.6
      vertex 172.385 79.0103 25.2
      vertex 172.15 79 25.2
    endloop
  endfacet
  facet normal -0.924079 0.382202 0
    outer loop
      vertex 174.597 80.5589 25.2
      vertex 174.687 80.7765 26.6
      vertex 174.687 80.7765 25.2
    endloop
  endfacet
  facet normal -0.924079 0.382202 0
    outer loop
      vertex 174.687 80.7765 26.6
      vertex 174.597 80.5589 25.2
      vertex 174.597 80.5589 26.6
    endloop
  endfacet
  facet normal -0.46142 -0.887182 0
    outer loop
      vertex 173.291 84.147 25.2
      vertex 173.5 84.0383 26.6
      vertex 173.291 84.147 26.6
    endloop
  endfacet
  facet normal -0.46142 -0.887182 -0
    outer loop
      vertex 173.5 84.0383 26.6
      vertex 173.291 84.147 25.2
      vertex 173.5 84.0383 25.2
    endloop
  endfacet
  facet normal 0.301376 0.953505 -0
    outer loop
      vertex 171.451 79.092 25.2
      vertex 171.227 79.1628 26.6
      vertex 171.451 79.092 26.6
    endloop
  endfacet
  facet normal 0.301376 0.953505 0
    outer loop
      vertex 171.227 79.1628 26.6
      vertex 171.451 79.092 25.2
      vertex 171.227 79.1628 25.2
    endloop
  endfacet
  facet normal -0.73763 -0.675205 0
    outer loop
      vertex 174.218 83.4355 25.2
      vertex 174.059 83.6092 26.6
      vertex 174.059 83.6092 25.2
    endloop
  endfacet
  facet normal -0.73763 -0.675205 0
    outer loop
      vertex 174.059 83.6092 26.6
      vertex 174.218 83.4355 25.2
      vertex 174.218 83.4355 26.6
    endloop
  endfacet
  facet normal 0.46142 -0.887182 0
    outer loop
      vertex 170.8 84.0383 25.2
      vertex 171.009 84.147 26.6
      vertex 170.8 84.0383 26.6
    endloop
  endfacet
  facet normal 0.46142 -0.887182 0
    outer loop
      vertex 171.009 84.147 26.6
      vertex 170.8 84.0383 25.2
      vertex 171.009 84.147 25.2
    endloop
  endfacet
  facet normal -0.976267 0.216571 0
    outer loop
      vertex 174.758 81.0012 25.2
      vertex 174.809 81.2311 26.6
      vertex 174.809 81.2311 25.2
    endloop
  endfacet
  facet normal -0.976267 0.216571 0
    outer loop
      vertex 174.809 81.2311 26.6
      vertex 174.758 81.0012 25.2
      vertex 174.758 81.0012 26.6
    endloop
  endfacet
  facet normal 0.73763 -0.675205 0
    outer loop
      vertex 170.082 83.4355 26.6
      vertex 170.241 83.6092 25.2
      vertex 170.241 83.6092 26.6
    endloop
  endfacet
  facet normal 0.73763 -0.675205 0
    outer loop
      vertex 170.241 83.6092 25.2
      vertex 170.082 83.4355 26.6
      vertex 170.082 83.4355 25.2
    endloop
  endfacet
  facet normal 0.924079 -0.382202 0
    outer loop
      vertex 169.613 82.6235 26.6
      vertex 169.703 82.8411 25.2
      vertex 169.703 82.8411 26.6
    endloop
  endfacet
  facet normal 0.924079 -0.382202 0
    outer loop
      vertex 169.703 82.8411 25.2
      vertex 169.613 82.6235 26.6
      vertex 169.613 82.6235 25.2
    endloop
  endfacet
  facet normal 0.382327 0.924027 -0
    outer loop
      vertex 171.227 79.1628 25.2
      vertex 171.009 79.253 26.6
      vertex 171.227 79.1628 26.6
    endloop
  endfacet
  facet normal 0.382327 0.924027 0
    outer loop
      vertex 171.009 79.253 26.6
      vertex 171.227 79.1628 25.2
      vertex 171.009 79.253 25.2
    endloop
  endfacet
  facet normal 0.976267 0.216571 0
    outer loop
      vertex 169.542 81.0012 26.6
      vertex 169.491 81.2311 25.2
      vertex 169.491 81.2311 26.6
    endloop
  endfacet
  facet normal 0.976267 0.216571 0
    outer loop
      vertex 169.491 81.2311 25.2
      vertex 169.542 81.0012 26.6
      vertex 169.542 81.0012 25.2
    endloop
  endfacet
  facet normal 0.46142 0.887182 -0
    outer loop
      vertex 171.009 79.253 25.2
      vertex 170.8 79.3617 26.6
      vertex 171.009 79.253 26.6
    endloop
  endfacet
  facet normal 0.46142 0.887182 0
    outer loop
      vertex 170.8 79.3617 26.6
      vertex 171.009 79.253 25.2
      vertex 170.8 79.3617 25.2
    endloop
  endfacet
  facet normal 0.676918 0.736058 -0
    outer loop
      vertex 170.414 79.6317 25.2
      vertex 170.241 79.7908 26.6
      vertex 170.414 79.6317 26.6
    endloop
  endfacet
  facet normal 0.676918 0.736058 0
    outer loop
      vertex 170.241 79.7908 26.6
      vertex 170.414 79.6317 25.2
      vertex 170.241 79.7908 25.2
    endloop
  endfacet
  facet normal 0.88657 0.462595 0
    outer loop
      vertex 169.812 80.35 26.6
      vertex 169.703 80.5589 25.2
      vertex 169.703 80.5589 26.6
    endloop
  endfacet
  facet normal 0.88657 0.462595 0
    outer loop
      vertex 169.703 80.5589 25.2
      vertex 169.812 80.35 26.6
      vertex 169.812 80.35 25.2
    endloop
  endfacet
  facet normal 0.73763 0.675205 0
    outer loop
      vertex 170.241 79.7908 26.6
      vertex 170.082 79.9645 25.2
      vertex 170.082 79.9645 26.6
    endloop
  endfacet
  facet normal 0.73763 0.675205 0
    outer loop
      vertex 170.082 79.9645 25.2
      vertex 170.241 79.7908 26.6
      vertex 170.241 79.7908 25.2
    endloop
  endfacet
  facet normal -0.46142 0.887182 0
    outer loop
      vertex 173.5 79.3617 25.2
      vertex 173.291 79.253 26.6
      vertex 173.5 79.3617 26.6
    endloop
  endfacet
  facet normal -0.46142 0.887182 0
    outer loop
      vertex 173.291 79.253 26.6
      vertex 173.5 79.3617 25.2
      vertex 173.291 79.253 25.2
    endloop
  endfacet
  facet normal 0.0437877 0.999041 -0
    outer loop
      vertex 172.15 79 25.2
      vertex 171.915 79.0103 26.6
      vertex 172.15 79 26.6
    endloop
  endfacet
  facet normal 0.0437877 0.999041 0
    outer loop
      vertex 171.915 79.0103 26.6
      vertex 172.15 79 25.2
      vertex 171.915 79.0103 25.2
    endloop
  endfacet
  facet normal -0.991309 0.131552 0
    outer loop
      vertex 174.809 81.2311 25.2
      vertex 174.84 81.4647 26.6
      vertex 174.84 81.4647 25.2
    endloop
  endfacet
  facet normal -0.991309 0.131552 0
    outer loop
      vertex 174.84 81.4647 26.6
      vertex 174.809 81.2311 25.2
      vertex 174.809 81.2311 26.6
    endloop
  endfacet
  facet normal 0.991309 0.131552 0
    outer loop
      vertex 169.491 81.2311 26.6
      vertex 169.46 81.4647 25.2
      vertex 169.46 81.4647 26.6
    endloop
  endfacet
  facet normal 0.991309 0.131552 0
    outer loop
      vertex 169.46 81.4647 25.2
      vertex 169.491 81.2311 26.6
      vertex 169.491 81.2311 25.2
    endloop
  endfacet
  facet normal 0.953531 -0.301294 0
    outer loop
      vertex 169.542 82.3988 26.6
      vertex 169.613 82.6235 25.2
      vertex 169.613 82.6235 26.6
    endloop
  endfacet
  facet normal 0.953531 -0.301294 0
    outer loop
      vertex 169.613 82.6235 25.2
      vertex 169.542 82.3988 26.6
      vertex 169.542 82.3988 25.2
    endloop
  endfacet
  facet normal -0.608521 0.793538 0
    outer loop
      vertex 173.886 79.6317 25.2
      vertex 173.699 79.4883 26.6
      vertex 173.886 79.6317 26.6
    endloop
  endfacet
  facet normal -0.608521 0.793538 0
    outer loop
      vertex 173.699 79.4883 26.6
      vertex 173.886 79.6317 25.2
      vertex 173.699 79.4883 25.2
    endloop
  endfacet
  facet normal 0.608521 0.793538 -0
    outer loop
      vertex 170.601 79.4883 25.2
      vertex 170.414 79.6317 26.6
      vertex 170.601 79.4883 26.6
    endloop
  endfacet
  facet normal 0.608521 0.793538 0
    outer loop
      vertex 170.414 79.6317 26.6
      vertex 170.601 79.4883 25.2
      vertex 170.414 79.6317 25.2
    endloop
  endfacet
  facet normal -0.844518 -0.535527 0
    outer loop
      vertex 174.488 83.05 25.2
      vertex 174.362 83.2487 26.6
      vertex 174.362 83.2487 25.2
    endloop
  endfacet
  facet normal -0.844518 -0.535527 0
    outer loop
      vertex 174.362 83.2487 26.6
      vertex 174.488 83.05 25.2
      vertex 174.488 83.05 26.6
    endloop
  endfacet
  facet normal 0.608521 -0.793538 0
    outer loop
      vertex 170.414 83.7683 25.2
      vertex 170.601 83.9117 26.6
      vertex 170.414 83.7683 26.6
    endloop
  endfacet
  facet normal 0.608521 -0.793538 0
    outer loop
      vertex 170.601 83.9117 26.6
      vertex 170.414 83.7683 25.2
      vertex 170.601 83.9117 25.2
    endloop
  endfacet
  facet normal 0.844518 -0.535527 0
    outer loop
      vertex 169.812 83.05 26.6
      vertex 169.938 83.2487 25.2
      vertex 169.938 83.2487 26.6
    endloop
  endfacet
  facet normal 0.844518 -0.535527 0
    outer loop
      vertex 169.938 83.2487 25.2
      vertex 169.812 83.05 26.6
      vertex 169.812 83.05 25.2
    endloop
  endfacet
  facet normal -0.130082 -0.991503 0
    outer loop
      vertex 172.385 84.3897 25.2
      vertex 172.619 84.359 26.6
      vertex 172.385 84.3897 26.6
    endloop
  endfacet
  facet normal -0.130082 -0.991503 -0
    outer loop
      vertex 172.619 84.359 26.6
      vertex 172.385 84.3897 25.2
      vertex 172.619 84.359 25.2
    endloop
  endfacet
  facet normal -0.216481 -0.976287 0
    outer loop
      vertex 172.619 84.359 25.2
      vertex 172.849 84.308 26.6
      vertex 172.619 84.359 26.6
    endloop
  endfacet
  facet normal -0.216481 -0.976287 -0
    outer loop
      vertex 172.849 84.308 26.6
      vertex 172.619 84.359 25.2
      vertex 172.849 84.308 25.2
    endloop
  endfacet
  facet normal 0.791993 0.61053 0
    outer loop
      vertex 170.082 79.9645 26.6
      vertex 169.938 80.1513 25.2
      vertex 169.938 80.1513 26.6
    endloop
  endfacet
  facet normal 0.791993 0.61053 0
    outer loop
      vertex 169.938 80.1513 25.2
      vertex 170.082 79.9645 26.6
      vertex 170.082 79.9645 25.2
    endloop
  endfacet
  facet normal 0.991309 -0.131552 0
    outer loop
      vertex 169.46 81.9353 26.6
      vertex 169.491 82.1689 25.2
      vertex 169.491 82.1689 26.6
    endloop
  endfacet
  facet normal 0.991309 -0.131552 0
    outer loop
      vertex 169.491 82.1689 25.2
      vertex 169.46 81.9353 26.6
      vertex 169.46 81.9353 25.2
    endloop
  endfacet
  facet normal 0.999098 -0.0424606 0
    outer loop
      vertex 169.45 81.7 26.6
      vertex 169.46 81.9353 25.2
      vertex 169.46 81.9353 26.6
    endloop
  endfacet
  facet normal 0.999098 -0.0424606 0
    outer loop
      vertex 169.46 81.9353 25.2
      vertex 169.45 81.7 26.6
      vertex 169.45 81.7 25.2
    endloop
  endfacet
  facet normal -0.301376 0.953505 0
    outer loop
      vertex 173.073 79.1628 25.2
      vertex 172.849 79.092 26.6
      vertex 173.073 79.1628 26.6
    endloop
  endfacet
  facet normal -0.301376 0.953505 0
    outer loop
      vertex 172.849 79.092 26.6
      vertex 173.073 79.1628 25.2
      vertex 172.849 79.092 25.2
    endloop
  endfacet
  facet normal -0.73763 0.675205 0
    outer loop
      vertex 174.059 79.7908 25.2
      vertex 174.218 79.9645 26.6
      vertex 174.218 79.9645 25.2
    endloop
  endfacet
  facet normal -0.73763 0.675205 0
    outer loop
      vertex 174.218 79.9645 26.6
      vertex 174.059 79.7908 25.2
      vertex 174.059 79.7908 26.6
    endloop
  endfacet
  facet normal 0 0 1
    outer loop
      vertex 173.6 81.7 25.2
      vertex 174.85 81.7 25.2
      vertex 174.84 81.9353 25.2
    endloop
  endfacet
  facet normal 0 0 1
    outer loop
      vertex 173.594 81.8264 25.2
      vertex 174.84 81.9353 25.2
      vertex 174.809 82.1689 25.2
    endloop
  endfacet
  facet normal 0 0 1
    outer loop
      vertex 174.85 81.7 25.2
      vertex 173.6 81.7 25.2
      vertex 174.84 81.4647 25.2
    endloop
  endfacet
  facet normal 0 0 1
    outer loop
      vertex 173.578 81.9518 25.2
      vertex 174.809 82.1689 25.2
      vertex 174.758 82.3988 25.2
    endloop
  endfacet
  facet normal -0 0 1
    outer loop
      vertex 173.594 81.5736 25.2
      vertex 174.84 81.4647 25.2
      vertex 173.6 81.7 25.2
    endloop
  endfacet
  facet normal 0 0 1
    outer loop
      vertex 173.551 82.0753 25.2
      vertex 174.758 82.3988 25.2
      vertex 174.687 82.6235 25.2
    endloop
  endfacet
  facet normal 0 0 1
    outer loop
      vertex 174.84 81.4647 25.2
      vertex 173.594 81.5736 25.2
      vertex 174.809 81.2311 25.2
    endloop
  endfacet
  facet normal 0 0 1
    outer loop
      vertex 173.513 82.1959 25.2
      vertex 174.687 82.6235 25.2
      vertex 174.597 82.8411 25.2
    endloop
  endfacet
  facet normal -0 0 1
    outer loop
      vertex 173.578 81.4482 25.2
      vertex 174.809 81.2311 25.2
      vertex 173.594 81.5736 25.2
    endloop
  endfacet
  facet normal 0 0 1
    outer loop
      vertex 173.464 82.3128 25.2
      vertex 174.597 82.8411 25.2
      vertex 174.488 83.05 25.2
    endloop
  endfacet
  facet normal 0 0 1
    outer loop
      vertex 174.809 81.2311 25.2
      vertex 173.578 81.4482 25.2
      vertex 174.758 81.0012 25.2
    endloop
  endfacet
  facet normal 0 0 1
    outer loop
      vertex 173.406 82.425 25.2
      vertex 174.488 83.05 25.2
      vertex 174.362 83.2487 25.2
    endloop
  endfacet
  facet normal -0 0 1
    outer loop
      vertex 173.551 81.3247 25.2
      vertex 174.758 81.0012 25.2
      vertex 173.578 81.4482 25.2
    endloop
  endfacet
  facet normal 0 0 1
    outer loop
      vertex 173.338 82.5317 25.2
      vertex 174.362 83.2487 25.2
      vertex 174.218 83.4355 25.2
    endloop
  endfacet
  facet normal 0 0 1
    outer loop
      vertex 174.758 81.0012 25.2
      vertex 173.551 81.3247 25.2
      vertex 174.687 80.7765 25.2
    endloop
  endfacet
  facet normal 0 0 1
    outer loop
      vertex 173.261 82.632 25.2
      vertex 174.218 83.4355 25.2
      vertex 174.059 83.6092 25.2
    endloop
  endfacet
  facet normal -0 0 1
    outer loop
      vertex 173.513 81.2041 25.2
      vertex 174.687 80.7765 25.2
      vertex 173.551 81.3247 25.2
    endloop
  endfacet
  facet normal 0 0 1
    outer loop
      vertex 173.175 82.7253 25.2
      vertex 174.059 83.6092 25.2
      vertex 173.886 83.7683 25.2
    endloop
  endfacet
  facet normal 0 0 1
    outer loop
      vertex 174.687 80.7765 25.2
      vertex 173.513 81.2041 25.2
      vertex 174.597 80.5589 25.2
    endloop
  endfacet
  facet normal 0 0 1
    outer loop
      vertex 173.082 82.8108 25.2
      vertex 173.886 83.7683 25.2
      vertex 173.699 83.9117 25.2
    endloop
  endfacet
  facet normal -0 0 1
    outer loop
      vertex 173.464 81.0872 25.2
      vertex 174.597 80.5589 25.2
      vertex 173.513 81.2041 25.2
    endloop
  endfacet
  facet normal 0 0 1
    outer loop
      vertex 174.597 80.5589 25.2
      vertex 173.464 81.0872 25.2
      vertex 174.488 80.35 25.2
    endloop
  endfacet
  facet normal 0 0 1
    outer loop
      vertex 174.84 81.9353 25.2
      vertex 173.594 81.8264 25.2
      vertex 173.6 81.7 25.2
    endloop
  endfacet
  facet normal 0 0 1
    outer loop
      vertex 174.809 82.1689 25.2
      vertex 173.578 81.9518 25.2
      vertex 173.594 81.8264 25.2
    endloop
  endfacet
  facet normal 0 0 1
    outer loop
      vertex 174.758 82.3988 25.2
      vertex 173.551 82.0753 25.2
      vertex 173.578 81.9518 25.2
    endloop
  endfacet
  facet normal 0 0 1
    outer loop
      vertex 174.687 82.6235 25.2
      vertex 173.513 82.1959 25.2
      vertex 173.551 82.0753 25.2
    endloop
  endfacet
  facet normal 0 0 1
    outer loop
      vertex 172.982 82.8878 25.2
      vertex 173.699 83.9117 25.2
      vertex 173.5 84.0383 25.2
    endloop
  endfacet
  facet normal 0 0 1
    outer loop
      vertex 174.597 82.8411 25.2
      vertex 173.464 82.3128 25.2
      vertex 173.513 82.1959 25.2
    endloop
  endfacet
  facet normal 0 0 1
    outer loop
      vertex 174.488 83.05 25.2
      vertex 173.406 82.425 25.2
      vertex 173.464 82.3128 25.2
    endloop
  endfacet
  facet normal 0 0 1
    outer loop
      vertex 174.362 83.2487 25.2
      vertex 173.338 82.5317 25.2
      vertex 173.406 82.425 25.2
    endloop
  endfacet
  facet normal 0 0 1
    outer loop
      vertex 172.875 82.9557 25.2
      vertex 173.5 84.0383 25.2
      vertex 173.291 84.147 25.2
    endloop
  endfacet
  facet normal 0 0 1
    outer loop
      vertex 174.218 83.4355 25.2
      vertex 173.261 82.632 25.2
      vertex 173.338 82.5317 25.2
    endloop
  endfacet
  facet normal 0 0 1
    outer loop
      vertex 174.059 83.6092 25.2
      vertex 173.175 82.7253 25.2
      vertex 173.261 82.632 25.2
    endloop
  endfacet
  facet normal 0 0 1
    outer loop
      vertex 173.886 83.7683 25.2
      vertex 173.082 82.8108 25.2
      vertex 173.175 82.7253 25.2
    endloop
  endfacet
  facet normal 0 0 1
    outer loop
      vertex 172.763 83.0141 25.2
      vertex 173.291 84.147 25.2
      vertex 173.073 84.2372 25.2
    endloop
  endfacet
  facet normal 0 0 1
    outer loop
      vertex 173.699 83.9117 25.2
      vertex 172.982 82.8878 25.2
      vertex 173.082 82.8108 25.2
    endloop
  endfacet
  facet normal 0 0 1
    outer loop
      vertex 173.5 84.0383 25.2
      vertex 172.875 82.9557 25.2
      vertex 172.982 82.8878 25.2
    endloop
  endfacet
  facet normal 0 0 1
    outer loop
      vertex 172.646 83.0626 25.2
      vertex 173.073 84.2372 25.2
      vertex 172.849 84.308 25.2
    endloop
  endfacet
  facet normal 0 0 1
    outer loop
      vertex 173.291 84.147 25.2
      vertex 172.763 83.0141 25.2
      vertex 172.875 82.9557 25.2
    endloop
  endfacet
  facet normal 0 0 1
    outer loop
      vertex 173.073 84.2372 25.2
      vertex 172.646 83.0626 25.2
      vertex 172.763 83.0141 25.2
    endloop
  endfacet
  facet normal 0 0 1
    outer loop
      vertex 172.525 83.1006 25.2
      vertex 172.849 84.308 25.2
      vertex 172.619 84.359 25.2
    endloop
  endfacet
  facet normal 0 0 1
    outer loop
      vertex 172.849 84.308 25.2
      vertex 172.525 83.1006 25.2
      vertex 172.646 83.0626 25.2
    endloop
  endfacet
  facet normal 0 0 1
    outer loop
      vertex 172.619 84.359 25.2
      vertex 172.402 83.128 25.2
      vertex 172.525 83.1006 25.2
    endloop
  endfacet
  facet normal 0 0 1
    outer loop
      vertex 172.385 84.3897 25.2
      vertex 172.402 83.128 25.2
      vertex 172.619 84.359 25.2
    endloop
  endfacet
  facet normal 0 0 1
    outer loop
      vertex 172.385 84.3897 25.2
      vertex 172.276 83.1445 25.2
      vertex 172.402 83.128 25.2
    endloop
  endfacet
  facet normal 0 0 1
    outer loop
      vertex 172.15 84.4 25.2
      vertex 172.276 83.1445 25.2
      vertex 172.385 84.3897 25.2
    endloop
  endfacet
  facet normal 0 0 1
    outer loop
      vertex 172.15 84.4 25.2
      vertex 172.15 83.15 25.2
      vertex 172.276 83.1445 25.2
    endloop
  endfacet
  facet normal 0 0 1
    outer loop
      vertex 172.15 84.4 25.2
      vertex 172.024 83.1445 25.2
      vertex 172.15 83.15 25.2
    endloop
  endfacet
  facet normal -0 0 1
    outer loop
      vertex 171.915 84.3897 25.2
      vertex 172.024 83.1445 25.2
      vertex 172.15 84.4 25.2
    endloop
  endfacet
  facet normal 0 0 1
    outer loop
      vertex 171.915 84.3897 25.2
      vertex 171.898 83.128 25.2
      vertex 172.024 83.1445 25.2
    endloop
  endfacet
  facet normal -0 0 1
    outer loop
      vertex 171.681 84.359 25.2
      vertex 171.898 83.128 25.2
      vertex 171.915 84.3897 25.2
    endloop
  endfacet
  facet normal 0 0 1
    outer loop
      vertex 171.898 83.128 25.2
      vertex 171.681 84.359 25.2
      vertex 171.775 83.1006 25.2
    endloop
  endfacet
  facet normal -0 0 1
    outer loop
      vertex 171.451 84.308 25.2
      vertex 171.775 83.1006 25.2
      vertex 171.681 84.359 25.2
    endloop
  endfacet
  facet normal 0 0 1
    outer loop
      vertex 171.775 83.1006 25.2
      vertex 171.451 84.308 25.2
      vertex 171.654 83.0626 25.2
    endloop
  endfacet
  facet normal -0 0 1
    outer loop
      vertex 171.227 84.2372 25.2
      vertex 171.654 83.0626 25.2
      vertex 171.451 84.308 25.2
    endloop
  endfacet
  facet normal 0 0 1
    outer loop
      vertex 171.654 83.0626 25.2
      vertex 171.227 84.2372 25.2
      vertex 171.537 83.0141 25.2
    endloop
  endfacet
  facet normal -0 0 1
    outer loop
      vertex 171.009 84.147 25.2
      vertex 171.537 83.0141 25.2
      vertex 171.227 84.2372 25.2
    endloop
  endfacet
  facet normal 0 0 1
    outer loop
      vertex 171.537 83.0141 25.2
      vertex 171.009 84.147 25.2
      vertex 171.425 82.9557 25.2
    endloop
  endfacet
  facet normal -0 0 1
    outer loop
      vertex 170.8 84.0383 25.2
      vertex 171.425 82.9557 25.2
      vertex 171.009 84.147 25.2
    endloop
  endfacet
  facet normal 0 0 1
    outer loop
      vertex 171.425 82.9557 25.2
      vertex 170.8 84.0383 25.2
      vertex 171.318 82.8878 25.2
    endloop
  endfacet
  facet normal -0 0 1
    outer loop
      vertex 170.601 83.9117 25.2
      vertex 171.318 82.8878 25.2
      vertex 170.8 84.0383 25.2
    endloop
  endfacet
  facet normal 0 0 1
    outer loop
      vertex 171.318 82.8878 25.2
      vertex 170.601 83.9117 25.2
      vertex 171.218 82.8108 25.2
    endloop
  endfacet
  facet normal -0 0 1
    outer loop
      vertex 170.414 83.7683 25.2
      vertex 171.218 82.8108 25.2
      vertex 170.601 83.9117 25.2
    endloop
  endfacet
  facet normal 0 0 1
    outer loop
      vertex 171.218 82.8108 25.2
      vertex 170.414 83.7683 25.2
      vertex 171.125 82.7253 25.2
    endloop
  endfacet
  facet normal -0 0 1
    outer loop
      vertex 170.241 83.6092 25.2
      vertex 171.125 82.7253 25.2
      vertex 170.414 83.7683 25.2
    endloop
  endfacet
  facet normal 0 0 1
    outer loop
      vertex 171.125 82.7253 25.2
      vertex 170.241 83.6092 25.2
      vertex 171.039 82.632 25.2
    endloop
  endfacet
  facet normal -0 0 1
    outer loop
      vertex 170.082 83.4355 25.2
      vertex 171.039 82.632 25.2
      vertex 170.241 83.6092 25.2
    endloop
  endfacet
  facet normal 0 0 1
    outer loop
      vertex 171.039 82.632 25.2
      vertex 170.082 83.4355 25.2
      vertex 170.962 82.5317 25.2
    endloop
  endfacet
  facet normal -0 0 1
    outer loop
      vertex 169.938 83.2487 25.2
      vertex 170.962 82.5317 25.2
      vertex 170.082 83.4355 25.2
    endloop
  endfacet
  facet normal 0 0 1
    outer loop
      vertex 170.962 82.5317 25.2
      vertex 169.938 83.2487 25.2
      vertex 170.894 82.425 25.2
    endloop
  endfacet
  facet normal -0 0 1
    outer loop
      vertex 169.812 83.05 25.2
      vertex 170.894 82.425 25.2
      vertex 169.938 83.2487 25.2
    endloop
  endfacet
  facet normal 0 0 1
    outer loop
      vertex 170.894 82.425 25.2
      vertex 169.812 83.05 25.2
      vertex 170.836 82.3128 25.2
    endloop
  endfacet
  facet normal -0 0 1
    outer loop
      vertex 173.406 80.975 25.2
      vertex 174.488 80.35 25.2
      vertex 173.464 81.0872 25.2
    endloop
  endfacet
  facet normal 0 0 1
    outer loop
      vertex 174.488 80.35 25.2
      vertex 173.406 80.975 25.2
      vertex 174.362 80.1513 25.2
    endloop
  endfacet
  facet normal -0 0 1
    outer loop
      vertex 173.338 80.8683 25.2
      vertex 174.362 80.1513 25.2
      vertex 173.406 80.975 25.2
    endloop
  endfacet
  facet normal 0 0 1
    outer loop
      vertex 174.362 80.1513 25.2
      vertex 173.338 80.8683 25.2
      vertex 174.218 79.9645 25.2
    endloop
  endfacet
  facet normal -0 0 1
    outer loop
      vertex 173.261 80.768 25.2
      vertex 174.218 79.9645 25.2
      vertex 173.338 80.8683 25.2
    endloop
  endfacet
  facet normal 0 0 1
    outer loop
      vertex 174.218 79.9645 25.2
      vertex 173.261 80.768 25.2
      vertex 174.059 79.7908 25.2
    endloop
  endfacet
  facet normal -0 0 1
    outer loop
      vertex 173.175 80.6747 25.2
      vertex 174.059 79.7908 25.2
      vertex 173.261 80.768 25.2
    endloop
  endfacet
  facet normal 0 0 1
    outer loop
      vertex 174.059 79.7908 25.2
      vertex 173.175 80.6747 25.2
      vertex 173.886 79.6317 25.2
    endloop
  endfacet
  facet normal -0 0 1
    outer loop
      vertex 173.082 80.5892 25.2
      vertex 173.886 79.6317 25.2
      vertex 173.175 80.6747 25.2
    endloop
  endfacet
  facet normal 0 0 1
    outer loop
      vertex 173.886 79.6317 25.2
      vertex 173.082 80.5892 25.2
      vertex 173.699 79.4883 25.2
    endloop
  endfacet
  facet normal -0 0 1
    outer loop
      vertex 172.982 80.5122 25.2
      vertex 173.699 79.4883 25.2
      vertex 173.082 80.5892 25.2
    endloop
  endfacet
  facet normal 0 0 1
    outer loop
      vertex 173.699 79.4883 25.2
      vertex 172.982 80.5122 25.2
      vertex 173.5 79.3617 25.2
    endloop
  endfacet
  facet normal -0 0 1
    outer loop
      vertex 172.875 80.4443 25.2
      vertex 173.5 79.3617 25.2
      vertex 172.982 80.5122 25.2
    endloop
  endfacet
  facet normal 0 0 1
    outer loop
      vertex 173.5 79.3617 25.2
      vertex 172.875 80.4443 25.2
      vertex 173.291 79.253 25.2
    endloop
  endfacet
  facet normal -0 0 1
    outer loop
      vertex 172.763 80.3858 25.2
      vertex 173.291 79.253 25.2
      vertex 172.875 80.4443 25.2
    endloop
  endfacet
  facet normal 0 0 1
    outer loop
      vertex 173.291 79.253 25.2
      vertex 172.763 80.3858 25.2
      vertex 173.073 79.1628 25.2
    endloop
  endfacet
  facet normal -0 0 1
    outer loop
      vertex 172.646 80.3374 25.2
      vertex 173.073 79.1628 25.2
      vertex 172.763 80.3858 25.2
    endloop
  endfacet
  facet normal 0 0 1
    outer loop
      vertex 173.073 79.1628 25.2
      vertex 172.646 80.3374 25.2
      vertex 172.849 79.092 25.2
    endloop
  endfacet
  facet normal -0 0 1
    outer loop
      vertex 172.525 80.2994 25.2
      vertex 172.849 79.092 25.2
      vertex 172.646 80.3374 25.2
    endloop
  endfacet
  facet normal 0 0 1
    outer loop
      vertex 172.849 79.092 25.2
      vertex 172.525 80.2994 25.2
      vertex 172.619 79.041 25.2
    endloop
  endfacet
  facet normal -0 0 1
    outer loop
      vertex 172.402 80.272 25.2
      vertex 172.619 79.041 25.2
      vertex 172.525 80.2994 25.2
    endloop
  endfacet
  facet normal 0 0 1
    outer loop
      vertex 172.402 80.272 25.2
      vertex 172.385 79.0103 25.2
      vertex 172.619 79.041 25.2
    endloop
  endfacet
  facet normal -0 0 1
    outer loop
      vertex 172.276 80.2555 25.2
      vertex 172.385 79.0103 25.2
      vertex 172.402 80.272 25.2
    endloop
  endfacet
  facet normal -0 0 1
    outer loop
      vertex 172.15 80.25 25.2
      vertex 172.385 79.0103 25.2
      vertex 172.276 80.2555 25.2
    endloop
  endfacet
  facet normal 0 0 1
    outer loop
      vertex 172.15 80.25 25.2
      vertex 172.15 79 25.2
      vertex 172.385 79.0103 25.2
    endloop
  endfacet
  facet normal 0 0 1
    outer loop
      vertex 172.024 80.2555 25.2
      vertex 172.15 79 25.2
      vertex 172.15 80.25 25.2
    endloop
  endfacet
  facet normal 0 0 1
    outer loop
      vertex 172.024 80.2555 25.2
      vertex 171.915 79.0103 25.2
      vertex 172.15 79 25.2
    endloop
  endfacet
  facet normal 0 0 1
    outer loop
      vertex 171.898 80.272 25.2
      vertex 171.915 79.0103 25.2
      vertex 172.024 80.2555 25.2
    endloop
  endfacet
  facet normal 0 0 1
    outer loop
      vertex 171.681 79.041 25.2
      vertex 171.898 80.272 25.2
      vertex 171.775 80.2994 25.2
    endloop
  endfacet
  facet normal 0 0 1
    outer loop
      vertex 171.898 80.272 25.2
      vertex 171.681 79.041 25.2
      vertex 171.915 79.0103 25.2
    endloop
  endfacet
  facet normal 0 0 1
    outer loop
      vertex 171.451 79.092 25.2
      vertex 171.775 80.2994 25.2
      vertex 171.654 80.3374 25.2
    endloop
  endfacet
  facet normal 0 0 1
    outer loop
      vertex 171.227 79.1628 25.2
      vertex 171.654 80.3374 25.2
      vertex 171.537 80.3858 25.2
    endloop
  endfacet
  facet normal 0 0 1
    outer loop
      vertex 171.775 80.2994 25.2
      vertex 171.451 79.092 25.2
      vertex 171.681 79.041 25.2
    endloop
  endfacet
  facet normal 0 0 1
    outer loop
      vertex 171.009 79.253 25.2
      vertex 171.537 80.3858 25.2
      vertex 171.425 80.4443 25.2
    endloop
  endfacet
  facet normal 0 0 1
    outer loop
      vertex 170.8 79.3617 25.2
      vertex 171.425 80.4443 25.2
      vertex 171.318 80.5122 25.2
    endloop
  endfacet
  facet normal 0 0 1
    outer loop
      vertex 171.654 80.3374 25.2
      vertex 171.227 79.1628 25.2
      vertex 171.451 79.092 25.2
    endloop
  endfacet
  facet normal 0 0 1
    outer loop
      vertex 170.601 79.4883 25.2
      vertex 171.318 80.5122 25.2
      vertex 171.218 80.5892 25.2
    endloop
  endfacet
  facet normal 0 0 1
    outer loop
      vertex 170.414 79.6317 25.2
      vertex 171.218 80.5892 25.2
      vertex 171.125 80.6747 25.2
    endloop
  endfacet
  facet normal 0 0 1
    outer loop
      vertex 170.241 79.7908 25.2
      vertex 171.125 80.6747 25.2
      vertex 171.039 80.768 25.2
    endloop
  endfacet
  facet normal 0 0 1
    outer loop
      vertex 171.537 80.3858 25.2
      vertex 171.009 79.253 25.2
      vertex 171.227 79.1628 25.2
    endloop
  endfacet
  facet normal 0 0 1
    outer loop
      vertex 170.082 79.9645 25.2
      vertex 171.039 80.768 25.2
      vertex 170.962 80.8683 25.2
    endloop
  endfacet
  facet normal 0 0 1
    outer loop
      vertex 169.938 80.1513 25.2
      vertex 170.962 80.8683 25.2
      vertex 170.894 80.975 25.2
    endloop
  endfacet
  facet normal 0 0 1
    outer loop
      vertex 169.812 80.35 25.2
      vertex 170.894 80.975 25.2
      vertex 170.836 81.0872 25.2
    endloop
  endfacet
  facet normal 0 0 1
    outer loop
      vertex 171.425 80.4443 25.2
      vertex 170.8 79.3617 25.2
      vertex 171.009 79.253 25.2
    endloop
  endfacet
  facet normal 0 0 1
    outer loop
      vertex 169.703 80.5589 25.2
      vertex 170.836 81.0872 25.2
      vertex 170.787 81.2041 25.2
    endloop
  endfacet
  facet normal 0 0 1
    outer loop
      vertex 169.613 80.7765 25.2
      vertex 170.787 81.2041 25.2
      vertex 170.749 81.3247 25.2
    endloop
  endfacet
  facet normal 0 0 1
    outer loop
      vertex 169.542 81.0012 25.2
      vertex 170.749 81.3247 25.2
      vertex 170.722 81.4482 25.2
    endloop
  endfacet
  facet normal 0 0 1
    outer loop
      vertex 169.491 81.2311 25.2
      vertex 170.722 81.4482 25.2
      vertex 170.706 81.5736 25.2
    endloop
  endfacet
  facet normal 0 0 1
    outer loop
      vertex 169.46 81.4647 25.2
      vertex 170.706 81.5736 25.2
      vertex 170.7 81.7 25.2
    endloop
  endfacet
  facet normal -0 0 1
    outer loop
      vertex 169.703 82.8411 25.2
      vertex 170.836 82.3128 25.2
      vertex 169.812 83.05 25.2
    endloop
  endfacet
  facet normal 0 0 1
    outer loop
      vertex 171.318 80.5122 25.2
      vertex 170.601 79.4883 25.2
      vertex 170.8 79.3617 25.2
    endloop
  endfacet
  facet normal 0 0 1
    outer loop
      vertex 170.836 82.3128 25.2
      vertex 169.703 82.8411 25.2
      vertex 170.787 82.1959 25.2
    endloop
  endfacet
  facet normal 0 0 1
    outer loop
      vertex 171.218 80.5892 25.2
      vertex 170.414 79.6317 25.2
      vertex 170.601 79.4883 25.2
    endloop
  endfacet
  facet normal -0 0 1
    outer loop
      vertex 169.613 82.6235 25.2
      vertex 170.787 82.1959 25.2
      vertex 169.703 82.8411 25.2
    endloop
  endfacet
  facet normal 0 0 1
    outer loop
      vertex 171.125 80.6747 25.2
      vertex 170.241 79.7908 25.2
      vertex 170.414 79.6317 25.2
    endloop
  endfacet
  facet normal 0 0 1
    outer loop
      vertex 170.787 82.1959 25.2
      vertex 169.613 82.6235 25.2
      vertex 170.749 82.0753 25.2
    endloop
  endfacet
  facet normal 0 0 1
    outer loop
      vertex 171.039 80.768 25.2
      vertex 170.082 79.9645 25.2
      vertex 170.241 79.7908 25.2
    endloop
  endfacet
  facet normal -0 0 1
    outer loop
      vertex 169.542 82.3988 25.2
      vertex 170.749 82.0753 25.2
      vertex 169.613 82.6235 25.2
    endloop
  endfacet
  facet normal 0 0 1
    outer loop
      vertex 170.962 80.8683 25.2
      vertex 169.938 80.1513 25.2
      vertex 170.082 79.9645 25.2
    endloop
  endfacet
  facet normal 0 0 1
    outer loop
      vertex 170.749 82.0753 25.2
      vertex 169.542 82.3988 25.2
      vertex 170.722 81.9518 25.2
    endloop
  endfacet
  facet normal 0 0 1
    outer loop
      vertex 170.894 80.975 25.2
      vertex 169.812 80.35 25.2
      vertex 169.938 80.1513 25.2
    endloop
  endfacet
  facet normal -0 0 1
    outer loop
      vertex 169.491 82.1689 25.2
      vertex 170.722 81.9518 25.2
      vertex 169.542 82.3988 25.2
    endloop
  endfacet
  facet normal 0 0 1
    outer loop
      vertex 170.836 81.0872 25.2
      vertex 169.703 80.5589 25.2
      vertex 169.812 80.35 25.2
    endloop
  endfacet
  facet normal 0 0 1
    outer loop
      vertex 170.722 81.9518 25.2
      vertex 169.491 82.1689 25.2
      vertex 170.706 81.8264 25.2
    endloop
  endfacet
  facet normal 0 0 1
    outer loop
      vertex 170.787 81.2041 25.2
      vertex 169.613 80.7765 25.2
      vertex 169.703 80.5589 25.2
    endloop
  endfacet
  facet normal -0 0 1
    outer loop
      vertex 169.46 81.9353 25.2
      vertex 170.706 81.8264 25.2
      vertex 169.491 82.1689 25.2
    endloop
  endfacet
  facet normal 0 0 1
    outer loop
      vertex 170.749 81.3247 25.2
      vertex 169.542 81.0012 25.2
      vertex 169.613 80.7765 25.2
    endloop
  endfacet
  facet normal 0 0 1
    outer loop
      vertex 170.706 81.8264 25.2
      vertex 169.46 81.9353 25.2
      vertex 170.7 81.7 25.2
    endloop
  endfacet
  facet normal 0 0 1
    outer loop
      vertex 170.722 81.4482 25.2
      vertex 169.491 81.2311 25.2
      vertex 169.542 81.0012 25.2
    endloop
  endfacet
  facet normal 0 0 1
    outer loop
      vertex 169.45 81.7 25.2
      vertex 170.7 81.7 25.2
      vertex 169.46 81.9353 25.2
    endloop
  endfacet
  facet normal 0 0 1
    outer loop
      vertex 170.706 81.5736 25.2
      vertex 169.46 81.4647 25.2
      vertex 169.491 81.2311 25.2
    endloop
  endfacet
  facet normal 0 0 1
    outer loop
      vertex 170.7 81.7 25.2
      vertex 169.45 81.7 25.2
      vertex 169.46 81.4647 25.2
    endloop
  endfacet
  facet normal -0.992034 -0.125973 0
    outer loop
      vertex 173.594 174.426 24
      vertex 173.578 174.552 25.2
      vertex 173.578 174.552 24
    endloop
  endfacet
  facet normal -0.992034 -0.125973 0
    outer loop
      vertex 173.578 174.552 25.2
      vertex 173.594 174.426 24
      vertex 173.594 174.426 25.2
    endloop
  endfacet
  facet normal -0.998868 -0.0475651 0
    outer loop
      vertex 173.6 174.3 24
      vertex 173.594 174.426 25.2
      vertex 173.594 174.426 24
    endloop
  endfacet
  facet normal -0.998868 -0.0475651 0
    outer loop
      vertex 173.594 174.426 25.2
      vertex 173.6 174.3 24
      vertex 173.6 174.3 25.2
    endloop
  endfacet
  facet normal -0.976744 -0.214407 0
    outer loop
      vertex 173.578 174.552 24
      vertex 173.551 174.675 25.2
      vertex 173.551 174.675 24
    endloop
  endfacet
  facet normal -0.976744 -0.214407 0
    outer loop
      vertex 173.551 174.675 25.2
      vertex 173.578 174.552 24
      vertex 173.578 174.552 25.2
    endloop
  endfacet
  facet normal 0.792329 0.610094 0
    outer loop
      vertex 171.039 173.368 25.2
      vertex 170.962 173.468 24
      vertex 170.962 173.468 25.2
    endloop
  endfacet
  facet normal 0.792329 0.610094 0
    outer loop
      vertex 170.962 173.468 24
      vertex 171.039 173.368 25.2
      vertex 171.039 173.368 24
    endloop
  endfacet
  facet normal -0.214407 -0.976744 0
    outer loop
      vertex 172.402 175.728 24
      vertex 172.525 175.701 25.2
      vertex 172.402 175.728 25.2
    endloop
  endfacet
  facet normal -0.214407 -0.976744 -0
    outer loop
      vertex 172.525 175.701 25.2
      vertex 172.402 175.728 24
      vertex 172.525 175.701 24
    endloop
  endfacet
  facet normal -0.792329 -0.610094 0
    outer loop
      vertex 173.338 175.132 24
      vertex 173.261 175.232 25.2
      vertex 173.261 175.232 24
    endloop
  endfacet
  facet normal -0.792329 -0.610094 0
    outer loop
      vertex 173.261 175.232 25.2
      vertex 173.338 175.132 24
      vertex 173.338 175.132 25.2
    endloop
  endfacet
  facet normal 0.992034 -0.125973 0
    outer loop
      vertex 170.706 174.426 25.2
      vertex 170.722 174.552 24
      vertex 170.722 174.552 25.2
    endloop
  endfacet
  facet normal 0.992034 -0.125973 0
    outer loop
      vertex 170.722 174.552 24
      vertex 170.706 174.426 25.2
      vertex 170.706 174.426 24
    endloop
  endfacet
  facet normal -0.998868 0.0475651 0
    outer loop
      vertex 173.594 174.174 24
      vertex 173.6 174.3 25.2
      vertex 173.6 174.3 24
    endloop
  endfacet
  facet normal -0.998868 0.0475651 0
    outer loop
      vertex 173.6 174.3 25.2
      vertex 173.594 174.174 24
      vertex 173.594 174.174 25.2
    endloop
  endfacet
  facet normal -0.459854 0.887994 0
    outer loop
      vertex 172.875 173.044 24
      vertex 172.763 172.986 25.2
      vertex 172.875 173.044 25.2
    endloop
  endfacet
  facet normal -0.459854 0.887994 0
    outer loop
      vertex 172.763 172.986 25.2
      vertex 172.875 173.044 24
      vertex 172.763 172.986 24
    endloop
  endfacet
  facet normal -0.125973 0.992034 0
    outer loop
      vertex 172.402 172.872 24
      vertex 172.276 172.856 25.2
      vertex 172.402 172.872 25.2
    endloop
  endfacet
  facet normal -0.125973 0.992034 0
    outer loop
      vertex 172.276 172.856 25.2
      vertex 172.402 172.872 24
      vertex 172.276 172.856 24
    endloop
  endfacet
  facet normal -0.954058 -0.299622 0
    outer loop
      vertex 173.551 174.675 24
      vertex 173.513 174.796 25.2
      vertex 173.513 174.796 24
    endloop
  endfacet
  facet normal -0.954058 -0.299622 0
    outer loop
      vertex 173.513 174.796 25.2
      vertex 173.551 174.675 24
      vertex 173.551 174.675 25.2
    endloop
  endfacet
  facet normal 0.386294 -0.922376 0
    outer loop
      vertex 171.537 175.614 24
      vertex 171.654 175.663 25.2
      vertex 171.537 175.614 25.2
    endloop
  endfacet
  facet normal 0.386294 -0.922376 0
    outer loop
      vertex 171.654 175.663 25.2
      vertex 171.537 175.614 24
      vertex 171.654 175.663 24
    endloop
  endfacet
  facet normal 0.214407 -0.976744 0
    outer loop
      vertex 171.775 175.701 24
      vertex 171.898 175.728 25.2
      vertex 171.775 175.701 25.2
    endloop
  endfacet
  facet normal 0.214407 -0.976744 0
    outer loop
      vertex 171.898 175.728 25.2
      vertex 171.775 175.701 24
      vertex 171.898 175.728 24
    endloop
  endfacet
  facet normal 0.734198 0.678936 0
    outer loop
      vertex 171.125 173.275 25.2
      vertex 171.039 173.368 24
      vertex 171.039 173.368 25.2
    endloop
  endfacet
  facet normal 0.734198 0.678936 0
    outer loop
      vertex 171.039 173.368 24
      vertex 171.125 173.275 25.2
      vertex 171.125 173.275 24
    endloop
  endfacet
  facet normal -0.976744 0.214407 0
    outer loop
      vertex 173.551 173.925 24
      vertex 173.578 174.048 25.2
      vertex 173.578 174.048 24
    endloop
  endfacet
  facet normal -0.976744 0.214407 0
    outer loop
      vertex 173.578 174.048 25.2
      vertex 173.551 173.925 24
      vertex 173.551 173.925 25.2
    endloop
  endfacet
  facet normal 0.992034 0.125973 0
    outer loop
      vertex 170.722 174.048 25.2
      vertex 170.706 174.174 24
      vertex 170.706 174.174 25.2
    endloop
  endfacet
  facet normal 0.992034 0.125973 0
    outer loop
      vertex 170.706 174.174 24
      vertex 170.722 174.048 25.2
      vertex 170.722 174.048 24
    endloop
  endfacet
  facet normal 0.386294 0.922376 -0
    outer loop
      vertex 171.654 172.937 24
      vertex 171.537 172.986 25.2
      vertex 171.654 172.937 25.2
    endloop
  endfacet
  facet normal 0.386294 0.922376 0
    outer loop
      vertex 171.537 172.986 25.2
      vertex 171.654 172.937 24
      vertex 171.537 172.986 24
    endloop
  endfacet
  facet normal -0.299622 -0.954058 0
    outer loop
      vertex 172.525 175.701 24
      vertex 172.646 175.663 25.2
      vertex 172.525 175.701 25.2
    endloop
  endfacet
  facet normal -0.299622 -0.954058 -0
    outer loop
      vertex 172.646 175.663 25.2
      vertex 172.525 175.701 24
      vertex 172.646 175.663 24
    endloop
  endfacet
  facet normal 0.954058 -0.299622 0
    outer loop
      vertex 170.749 174.675 25.2
      vertex 170.787 174.796 24
      vertex 170.787 174.796 25.2
    endloop
  endfacet
  facet normal 0.954058 -0.299622 0
    outer loop
      vertex 170.787 174.796 24
      vertex 170.749 174.675 25.2
      vertex 170.749 174.675 24
    endloop
  endfacet
  facet normal 0.299622 -0.954058 0
    outer loop
      vertex 171.654 175.663 24
      vertex 171.775 175.701 25.2
      vertex 171.654 175.663 25.2
    endloop
  endfacet
  facet normal 0.299622 -0.954058 0
    outer loop
      vertex 171.775 175.701 25.2
      vertex 171.654 175.663 24
      vertex 171.775 175.701 24
    endloop
  endfacet
  facet normal 0.954058 0.299622 0
    outer loop
      vertex 170.787 173.804 25.2
      vertex 170.749 173.925 24
      vertex 170.749 173.925 25.2
    endloop
  endfacet
  facet normal 0.954058 0.299622 0
    outer loop
      vertex 170.749 173.925 24
      vertex 170.787 173.804 25.2
      vertex 170.787 173.804 24
    endloop
  endfacet
  facet normal 0.792329 -0.610094 0
    outer loop
      vertex 170.962 175.132 25.2
      vertex 171.039 175.232 24
      vertex 171.039 175.232 25.2
    endloop
  endfacet
  facet normal 0.792329 -0.610094 0
    outer loop
      vertex 171.039 175.232 24
      vertex 170.962 175.132 25.2
      vertex 170.962 175.132 24
    endloop
  endfacet
  facet normal 0.536365 -0.843986 0
    outer loop
      vertex 171.318 175.488 24
      vertex 171.425 175.556 25.2
      vertex 171.318 175.488 25.2
    endloop
  endfacet
  facet normal 0.536365 -0.843986 0
    outer loop
      vertex 171.425 175.556 25.2
      vertex 171.318 175.488 24
      vertex 171.425 175.556 24
    endloop
  endfacet
  facet normal 0.976744 -0.214407 0
    outer loop
      vertex 170.722 174.552 25.2
      vertex 170.749 174.675 24
      vertex 170.749 174.675 25.2
    endloop
  endfacet
  facet normal 0.976744 -0.214407 0
    outer loop
      vertex 170.749 174.675 24
      vertex 170.722 174.552 25.2
      vertex 170.722 174.552 24
    endloop
  endfacet
  facet normal -0.386294 -0.922376 0
    outer loop
      vertex 172.646 175.663 24
      vertex 172.763 175.614 25.2
      vertex 172.646 175.663 25.2
    endloop
  endfacet
  facet normal -0.386294 -0.922376 -0
    outer loop
      vertex 172.763 175.614 25.2
      vertex 172.646 175.663 24
      vertex 172.763 175.614 24
    endloop
  endfacet
  facet normal 0.610094 -0.792329 0
    outer loop
      vertex 171.218 175.411 24
      vertex 171.318 175.488 25.2
      vertex 171.218 175.411 25.2
    endloop
  endfacet
  facet normal 0.610094 -0.792329 0
    outer loop
      vertex 171.318 175.488 25.2
      vertex 171.218 175.411 24
      vertex 171.318 175.488 24
    endloop
  endfacet
  facet normal -0.922376 -0.386294 0
    outer loop
      vertex 173.513 174.796 24
      vertex 173.464 174.913 25.2
      vertex 173.464 174.913 24
    endloop
  endfacet
  facet normal -0.922376 -0.386294 0
    outer loop
      vertex 173.464 174.913 25.2
      vertex 173.513 174.796 24
      vertex 173.513 174.796 25.2
    endloop
  endfacet
  facet normal 0.922376 0.386294 0
    outer loop
      vertex 170.836 173.687 25.2
      vertex 170.787 173.804 24
      vertex 170.787 173.804 25.2
    endloop
  endfacet
  facet normal 0.922376 0.386294 0
    outer loop
      vertex 170.787 173.804 24
      vertex 170.836 173.687 25.2
      vertex 170.836 173.687 24
    endloop
  endfacet
  facet normal -0.992034 0.125973 0
    outer loop
      vertex 173.578 174.048 24
      vertex 173.594 174.174 25.2
      vertex 173.594 174.174 24
    endloop
  endfacet
  facet normal -0.992034 0.125973 0
    outer loop
      vertex 173.594 174.174 25.2
      vertex 173.578 174.048 24
      vertex 173.578 174.048 25.2
    endloop
  endfacet
  facet normal 0.678936 0.734198 -0
    outer loop
      vertex 171.218 173.189 24
      vertex 171.125 173.275 25.2
      vertex 171.218 173.189 25.2
    endloop
  endfacet
  facet normal 0.678936 0.734198 0
    outer loop
      vertex 171.125 173.275 25.2
      vertex 171.218 173.189 24
      vertex 171.125 173.275 24
    endloop
  endfacet
  facet normal -0.386294 0.922376 0
    outer loop
      vertex 172.763 172.986 24
      vertex 172.646 172.937 25.2
      vertex 172.763 172.986 25.2
    endloop
  endfacet
  facet normal -0.386294 0.922376 0
    outer loop
      vertex 172.646 172.937 25.2
      vertex 172.763 172.986 24
      vertex 172.646 172.937 24
    endloop
  endfacet
  facet normal -0.843986 0.536365 0
    outer loop
      vertex 173.338 173.468 24
      vertex 173.406 173.575 25.2
      vertex 173.406 173.575 24
    endloop
  endfacet
  facet normal -0.843986 0.536365 0
    outer loop
      vertex 173.406 173.575 25.2
      vertex 173.338 173.468 24
      vertex 173.338 173.468 25.2
    endloop
  endfacet
  facet normal -0.125973 -0.992034 0
    outer loop
      vertex 172.276 175.744 24
      vertex 172.402 175.728 25.2
      vertex 172.276 175.744 25.2
    endloop
  endfacet
  facet normal -0.125973 -0.992034 -0
    outer loop
      vertex 172.402 175.728 25.2
      vertex 172.276 175.744 24
      vertex 172.402 175.728 24
    endloop
  endfacet
  facet normal -0.843986 -0.536365 0
    outer loop
      vertex 173.406 175.025 24
      vertex 173.338 175.132 25.2
      vertex 173.338 175.132 24
    endloop
  endfacet
  facet normal -0.843986 -0.536365 0
    outer loop
      vertex 173.338 175.132 25.2
      vertex 173.406 175.025 24
      vertex 173.406 175.025 25.2
    endloop
  endfacet
  facet normal 0.887994 -0.459854 0
    outer loop
      vertex 170.836 174.913 25.2
      vertex 170.894 175.025 24
      vertex 170.894 175.025 25.2
    endloop
  endfacet
  facet normal 0.887994 -0.459854 0
    outer loop
      vertex 170.894 175.025 24
      vertex 170.836 174.913 25.2
      vertex 170.836 174.913 24
    endloop
  endfacet
  facet normal -0.0475651 -0.998868 0
    outer loop
      vertex 172.15 175.75 24
      vertex 172.276 175.744 25.2
      vertex 172.15 175.75 25.2
    endloop
  endfacet
  facet normal -0.0475651 -0.998868 -0
    outer loop
      vertex 172.276 175.744 25.2
      vertex 172.15 175.75 24
      vertex 172.276 175.744 24
    endloop
  endfacet
  facet normal -0.792329 0.610094 0
    outer loop
      vertex 173.261 173.368 24
      vertex 173.338 173.468 25.2
      vertex 173.338 173.468 24
    endloop
  endfacet
  facet normal -0.792329 0.610094 0
    outer loop
      vertex 173.338 173.468 25.2
      vertex 173.261 173.368 24
      vertex 173.261 173.368 25.2
    endloop
  endfacet
  facet normal 0.459854 -0.887994 0
    outer loop
      vertex 171.425 175.556 24
      vertex 171.537 175.614 25.2
      vertex 171.425 175.556 25.2
    endloop
  endfacet
  facet normal 0.459854 -0.887994 0
    outer loop
      vertex 171.537 175.614 25.2
      vertex 171.425 175.556 24
      vertex 171.537 175.614 24
    endloop
  endfacet
  facet normal -0.459854 -0.887994 0
    outer loop
      vertex 172.763 175.614 24
      vertex 172.875 175.556 25.2
      vertex 172.763 175.614 25.2
    endloop
  endfacet
  facet normal -0.459854 -0.887994 -0
    outer loop
      vertex 172.875 175.556 25.2
      vertex 172.763 175.614 24
      vertex 172.875 175.556 24
    endloop
  endfacet
  facet normal 0.536365 0.843986 -0
    outer loop
      vertex 171.425 173.044 24
      vertex 171.318 173.112 25.2
      vertex 171.425 173.044 25.2
    endloop
  endfacet
  facet normal 0.536365 0.843986 0
    outer loop
      vertex 171.318 173.112 25.2
      vertex 171.425 173.044 24
      vertex 171.318 173.112 24
    endloop
  endfacet
  facet normal -0.610094 -0.792329 0
    outer loop
      vertex 172.982 175.488 24
      vertex 173.082 175.411 25.2
      vertex 172.982 175.488 25.2
    endloop
  endfacet
  facet normal -0.610094 -0.792329 -0
    outer loop
      vertex 173.082 175.411 25.2
      vertex 172.982 175.488 24
      vertex 173.082 175.411 24
    endloop
  endfacet
  facet normal 0.125973 -0.992034 0
    outer loop
      vertex 171.898 175.728 24
      vertex 172.024 175.744 25.2
      vertex 171.898 175.728 25.2
    endloop
  endfacet
  facet normal 0.125973 -0.992034 0
    outer loop
      vertex 172.024 175.744 25.2
      vertex 171.898 175.728 24
      vertex 172.024 175.744 24
    endloop
  endfacet
  facet normal 0.299622 0.954058 -0
    outer loop
      vertex 171.775 172.899 24
      vertex 171.654 172.937 25.2
      vertex 171.775 172.899 25.2
    endloop
  endfacet
  facet normal 0.299622 0.954058 0
    outer loop
      vertex 171.654 172.937 25.2
      vertex 171.775 172.899 24
      vertex 171.654 172.937 24
    endloop
  endfacet
  facet normal -0.299622 0.954058 0
    outer loop
      vertex 172.646 172.937 24
      vertex 172.525 172.899 25.2
      vertex 172.646 172.937 25.2
    endloop
  endfacet
  facet normal -0.299622 0.954058 0
    outer loop
      vertex 172.525 172.899 25.2
      vertex 172.646 172.937 24
      vertex 172.525 172.899 24
    endloop
  endfacet
  facet normal -0.214407 0.976744 0
    outer loop
      vertex 172.525 172.899 24
      vertex 172.402 172.872 25.2
      vertex 172.525 172.899 25.2
    endloop
  endfacet
  facet normal -0.214407 0.976744 0
    outer loop
      vertex 172.402 172.872 25.2
      vertex 172.525 172.899 24
      vertex 172.402 172.872 24
    endloop
  endfacet
  facet normal -0.734198 -0.678936 0
    outer loop
      vertex 173.261 175.232 24
      vertex 173.175 175.325 25.2
      vertex 173.175 175.325 24
    endloop
  endfacet
  facet normal -0.734198 -0.678936 0
    outer loop
      vertex 173.175 175.325 25.2
      vertex 173.261 175.232 24
      vertex 173.261 175.232 25.2
    endloop
  endfacet
  facet normal -0.887994 -0.459854 0
    outer loop
      vertex 173.464 174.913 24
      vertex 173.406 175.025 25.2
      vertex 173.406 175.025 24
    endloop
  endfacet
  facet normal -0.887994 -0.459854 0
    outer loop
      vertex 173.406 175.025 25.2
      vertex 173.464 174.913 24
      vertex 173.464 174.913 25.2
    endloop
  endfacet
  facet normal 0.125973 0.992034 -0
    outer loop
      vertex 172.024 172.856 24
      vertex 171.898 172.872 25.2
      vertex 172.024 172.856 25.2
    endloop
  endfacet
  facet normal 0.125973 0.992034 0
    outer loop
      vertex 171.898 172.872 25.2
      vertex 172.024 172.856 24
      vertex 171.898 172.872 24
    endloop
  endfacet
  facet normal 0.678936 -0.734198 0
    outer loop
      vertex 171.125 175.325 24
      vertex 171.218 175.411 25.2
      vertex 171.125 175.325 25.2
    endloop
  endfacet
  facet normal 0.678936 -0.734198 0
    outer loop
      vertex 171.218 175.411 25.2
      vertex 171.125 175.325 24
      vertex 171.218 175.411 24
    endloop
  endfacet
  facet normal -0.678936 -0.734198 0
    outer loop
      vertex 173.082 175.411 24
      vertex 173.175 175.325 25.2
      vertex 173.082 175.411 25.2
    endloop
  endfacet
  facet normal -0.678936 -0.734198 -0
    outer loop
      vertex 173.175 175.325 25.2
      vertex 173.082 175.411 24
      vertex 173.175 175.325 24
    endloop
  endfacet
  facet normal 0.843986 -0.536365 0
    outer loop
      vertex 170.894 175.025 25.2
      vertex 170.962 175.132 24
      vertex 170.962 175.132 25.2
    endloop
  endfacet
  facet normal 0.843986 -0.536365 0
    outer loop
      vertex 170.962 175.132 24
      vertex 170.894 175.025 25.2
      vertex 170.894 175.025 24
    endloop
  endfacet
  facet normal 0.843986 0.536365 0
    outer loop
      vertex 170.962 173.468 25.2
      vertex 170.894 173.575 24
      vertex 170.894 173.575 25.2
    endloop
  endfacet
  facet normal 0.843986 0.536365 0
    outer loop
      vertex 170.894 173.575 24
      vertex 170.962 173.468 25.2
      vertex 170.962 173.468 24
    endloop
  endfacet
  facet normal -0.0475651 0.998868 0
    outer loop
      vertex 172.276 172.856 24
      vertex 172.15 172.85 25.2
      vertex 172.276 172.856 25.2
    endloop
  endfacet
  facet normal -0.0475651 0.998868 0
    outer loop
      vertex 172.15 172.85 25.2
      vertex 172.276 172.856 24
      vertex 172.15 172.85 24
    endloop
  endfacet
  facet normal 0.887994 0.459854 0
    outer loop
      vertex 170.894 173.575 25.2
      vertex 170.836 173.687 24
      vertex 170.836 173.687 25.2
    endloop
  endfacet
  facet normal 0.887994 0.459854 0
    outer loop
      vertex 170.836 173.687 24
      vertex 170.894 173.575 25.2
      vertex 170.894 173.575 24
    endloop
  endfacet
  facet normal 0.0475651 0.998868 -0
    outer loop
      vertex 172.15 172.85 24
      vertex 172.024 172.856 25.2
      vertex 172.15 172.85 25.2
    endloop
  endfacet
  facet normal 0.0475651 0.998868 0
    outer loop
      vertex 172.024 172.856 25.2
      vertex 172.15 172.85 24
      vertex 172.024 172.856 24
    endloop
  endfacet
  facet normal -0.678936 0.734198 0
    outer loop
      vertex 173.175 173.275 24
      vertex 173.082 173.189 25.2
      vertex 173.175 173.275 25.2
    endloop
  endfacet
  facet normal -0.678936 0.734198 0
    outer loop
      vertex 173.082 173.189 25.2
      vertex 173.175 173.275 24
      vertex 173.082 173.189 24
    endloop
  endfacet
  facet normal 0.976744 0.214407 0
    outer loop
      vertex 170.749 173.925 25.2
      vertex 170.722 174.048 24
      vertex 170.722 174.048 25.2
    endloop
  endfacet
  facet normal 0.976744 0.214407 0
    outer loop
      vertex 170.722 174.048 24
      vertex 170.749 173.925 25.2
      vertex 170.749 173.925 24
    endloop
  endfacet
  facet normal -0.954058 0.299622 0
    outer loop
      vertex 173.513 173.804 24
      vertex 173.551 173.925 25.2
      vertex 173.551 173.925 24
    endloop
  endfacet
  facet normal -0.954058 0.299622 0
    outer loop
      vertex 173.551 173.925 25.2
      vertex 173.513 173.804 24
      vertex 173.513 173.804 25.2
    endloop
  endfacet
  facet normal -0.536365 -0.843986 0
    outer loop
      vertex 172.875 175.556 24
      vertex 172.982 175.488 25.2
      vertex 172.875 175.556 25.2
    endloop
  endfacet
  facet normal -0.536365 -0.843986 -0
    outer loop
      vertex 172.982 175.488 25.2
      vertex 172.875 175.556 24
      vertex 172.982 175.488 24
    endloop
  endfacet
  facet normal -0.922376 0.386294 0
    outer loop
      vertex 173.464 173.687 24
      vertex 173.513 173.804 25.2
      vertex 173.513 173.804 24
    endloop
  endfacet
  facet normal -0.922376 0.386294 0
    outer loop
      vertex 173.513 173.804 25.2
      vertex 173.464 173.687 24
      vertex 173.464 173.687 25.2
    endloop
  endfacet
  facet normal 0.0475651 -0.998868 0
    outer loop
      vertex 172.024 175.744 24
      vertex 172.15 175.75 25.2
      vertex 172.024 175.744 25.2
    endloop
  endfacet
  facet normal 0.0475651 -0.998868 0
    outer loop
      vertex 172.15 175.75 25.2
      vertex 172.024 175.744 24
      vertex 172.15 175.75 24
    endloop
  endfacet
  facet normal -0.610094 0.792329 0
    outer loop
      vertex 173.082 173.189 24
      vertex 172.982 173.112 25.2
      vertex 173.082 173.189 25.2
    endloop
  endfacet
  facet normal -0.610094 0.792329 0
    outer loop
      vertex 172.982 173.112 25.2
      vertex 173.082 173.189 24
      vertex 172.982 173.112 24
    endloop
  endfacet
  facet normal -0.887994 0.459854 0
    outer loop
      vertex 173.406 173.575 24
      vertex 173.464 173.687 25.2
      vertex 173.464 173.687 24
    endloop
  endfacet
  facet normal -0.887994 0.459854 0
    outer loop
      vertex 173.464 173.687 25.2
      vertex 173.406 173.575 24
      vertex 173.406 173.575 25.2
    endloop
  endfacet
  facet normal 0.734198 -0.678936 0
    outer loop
      vertex 171.039 175.232 25.2
      vertex 171.125 175.325 24
      vertex 171.125 175.325 25.2
    endloop
  endfacet
  facet normal 0.734198 -0.678936 0
    outer loop
      vertex 171.125 175.325 24
      vertex 171.039 175.232 25.2
      vertex 171.039 175.232 24
    endloop
  endfacet
  facet normal -0.734198 0.678936 0
    outer loop
      vertex 173.175 173.275 24
      vertex 173.261 173.368 25.2
      vertex 173.261 173.368 24
    endloop
  endfacet
  facet normal -0.734198 0.678936 0
    outer loop
      vertex 173.261 173.368 25.2
      vertex 173.175 173.275 24
      vertex 173.175 173.275 25.2
    endloop
  endfacet
  facet normal 0.998868 -0.0475651 0
    outer loop
      vertex 170.7 174.3 25.2
      vertex 170.706 174.426 24
      vertex 170.706 174.426 25.2
    endloop
  endfacet
  facet normal 0.998868 -0.0475651 0
    outer loop
      vertex 170.706 174.426 24
      vertex 170.7 174.3 25.2
      vertex 170.7 174.3 24
    endloop
  endfacet
  facet normal 0.998868 0.0475651 0
    outer loop
      vertex 170.706 174.174 25.2
      vertex 170.7 174.3 24
      vertex 170.7 174.3 25.2
    endloop
  endfacet
  facet normal 0.998868 0.0475651 0
    outer loop
      vertex 170.7 174.3 24
      vertex 170.706 174.174 25.2
      vertex 170.706 174.174 24
    endloop
  endfacet
  facet normal -0.536365 0.843986 0
    outer loop
      vertex 172.982 173.112 24
      vertex 172.875 173.044 25.2
      vertex 172.982 173.112 25.2
    endloop
  endfacet
  facet normal -0.536365 0.843986 0
    outer loop
      vertex 172.875 173.044 25.2
      vertex 172.982 173.112 24
      vertex 172.875 173.044 24
    endloop
  endfacet
  facet normal 0.922376 -0.386294 0
    outer loop
      vertex 170.787 174.796 25.2
      vertex 170.836 174.913 24
      vertex 170.836 174.913 25.2
    endloop
  endfacet
  facet normal 0.922376 -0.386294 0
    outer loop
      vertex 170.836 174.913 24
      vertex 170.787 174.796 25.2
      vertex 170.787 174.796 24
    endloop
  endfacet
  facet normal 0.610094 0.792329 -0
    outer loop
      vertex 171.318 173.112 24
      vertex 171.218 173.189 25.2
      vertex 171.318 173.112 25.2
    endloop
  endfacet
  facet normal 0.610094 0.792329 0
    outer loop
      vertex 171.218 173.189 25.2
      vertex 171.318 173.112 24
      vertex 171.218 173.189 24
    endloop
  endfacet
  facet normal 0.214407 0.976744 -0
    outer loop
      vertex 171.898 172.872 24
      vertex 171.775 172.899 25.2
      vertex 171.898 172.872 25.2
    endloop
  endfacet
  facet normal 0.214407 0.976744 0
    outer loop
      vertex 171.775 172.899 25.2
      vertex 171.898 172.872 24
      vertex 171.775 172.899 24
    endloop
  endfacet
  facet normal 0.459854 0.887994 -0
    outer loop
      vertex 171.537 172.986 24
      vertex 171.425 173.044 25.2
      vertex 171.537 172.986 25.2
    endloop
  endfacet
  facet normal 0.459854 0.887994 0
    outer loop
      vertex 171.425 173.044 25.2
      vertex 171.537 172.986 24
      vertex 171.425 173.044 24
    endloop
  endfacet
  facet normal -0.991339 -0.131331 0
    outer loop
      vertex 174.84 174.535 25.2
      vertex 174.809 174.769 26.6
      vertex 174.809 174.769 25.2
    endloop
  endfacet
  facet normal -0.991339 -0.131331 0
    outer loop
      vertex 174.809 174.769 26.6
      vertex 174.84 174.535 25.2
      vertex 174.84 174.535 26.6
    endloop
  endfacet
  facet normal -0.999096 -0.0425147 0
    outer loop
      vertex 174.85 174.3 25.2
      vertex 174.84 174.535 26.6
      vertex 174.84 174.535 25.2
    endloop
  endfacet
  facet normal -0.999096 -0.0425147 0
    outer loop
      vertex 174.84 174.535 26.6
      vertex 174.85 174.3 25.2
      vertex 174.85 174.3 26.6
    endloop
  endfacet
  facet normal -0.976287 -0.216481 0
    outer loop
      vertex 174.809 174.769 25.2
      vertex 174.758 174.999 26.6
      vertex 174.758 174.999 25.2
    endloop
  endfacet
  facet normal -0.976287 -0.216481 0
    outer loop
      vertex 174.758 174.999 26.6
      vertex 174.809 174.769 25.2
      vertex 174.809 174.769 26.6
    endloop
  endfacet
  facet normal -0.61012 -0.792309 0
    outer loop
      vertex 173.699 176.512 25.2
      vertex 173.886 176.368 26.6
      vertex 173.699 176.512 26.6
    endloop
  endfacet
  facet normal -0.61012 -0.792309 -0
    outer loop
      vertex 173.886 176.368 26.6
      vertex 173.699 176.512 25.2
      vertex 173.886 176.368 25.2
    endloop
  endfacet
  facet normal -0.88666 0.462421 0
    outer loop
      vertex 174.488 172.95 25.2
      vertex 174.597 173.159 26.6
      vertex 174.597 173.159 25.2
    endloop
  endfacet
  facet normal -0.88666 0.462421 0
    outer loop
      vertex 174.597 173.159 26.6
      vertex 174.488 172.95 25.2
      vertex 174.488 172.95 26.6
    endloop
  endfacet
  facet normal -0.792309 -0.61012 0
    outer loop
      vertex 174.362 175.849 25.2
      vertex 174.218 176.036 26.6
      vertex 174.218 176.036 25.2
    endloop
  endfacet
  facet normal -0.792309 -0.61012 0
    outer loop
      vertex 174.218 176.036 26.6
      vertex 174.362 175.849 25.2
      vertex 174.362 175.849 26.6
    endloop
  endfacet
  facet normal 0.792309 0.61012 0
    outer loop
      vertex 170.082 172.564 26.6
      vertex 169.938 172.751 25.2
      vertex 169.938 172.751 26.6
    endloop
  endfacet
  facet normal 0.792309 0.61012 0
    outer loop
      vertex 169.938 172.751 25.2
      vertex 170.082 172.564 26.6
      vertex 170.082 172.564 25.2
    endloop
  endfacet
  facet normal -0.462421 0.88666 0
    outer loop
      vertex 173.5 171.962 25.2
      vertex 173.291 171.853 26.6
      vertex 173.5 171.962 26.6
    endloop
  endfacet
  facet normal -0.462421 0.88666 0
    outer loop
      vertex 173.291 171.853 26.6
      vertex 173.5 171.962 25.2
      vertex 173.291 171.853 25.2
    endloop
  endfacet
  facet normal 0.534951 0.844883 -0
    outer loop
      vertex 170.8 171.962 25.2
      vertex 170.601 172.088 26.6
      vertex 170.8 171.962 26.6
    endloop
  endfacet
  facet normal 0.534951 0.844883 0
    outer loop
      vertex 170.601 172.088 26.6
      vertex 170.8 171.962 25.2
      vertex 170.601 172.088 25.2
    endloop
  endfacet
  facet normal -0.0425147 0.999096 0
    outer loop
      vertex 172.385 171.61 25.2
      vertex 172.15 171.6 26.6
      vertex 172.385 171.61 26.6
    endloop
  endfacet
  facet normal -0.0425147 0.999096 0
    outer loop
      vertex 172.15 171.6 26.6
      vertex 172.385 171.61 25.2
      vertex 172.15 171.6 25.2
    endloop
  endfacet
  facet normal -0.216481 0.976287 0
    outer loop
      vertex 172.849 171.692 25.2
      vertex 172.619 171.641 26.6
      vertex 172.849 171.692 26.6
    endloop
  endfacet
  facet normal -0.216481 0.976287 0
    outer loop
      vertex 172.619 171.641 26.6
      vertex 172.849 171.692 25.2
      vertex 172.619 171.641 25.2
    endloop
  endfacet
  facet normal 0.462421 0.88666 -0
    outer loop
      vertex 171.009 171.853 25.2
      vertex 170.8 171.962 26.6
      vertex 171.009 171.853 26.6
    endloop
  endfacet
  facet normal 0.462421 0.88666 0
    outer loop
      vertex 170.8 171.962 26.6
      vertex 171.009 171.853 25.2
      vertex 170.8 171.962 25.2
    endloop
  endfacet
  facet normal 0.844883 0.534951 0
    outer loop
      vertex 169.938 172.751 26.6
      vertex 169.812 172.95 25.2
      vertex 169.812 172.95 26.6
    endloop
  endfacet
  facet normal 0.844883 0.534951 0
    outer loop
      vertex 169.812 172.95 25.2
      vertex 169.938 172.751 26.6
      vertex 169.938 172.751 25.2
    endloop
  endfacet
  facet normal -0.534951 0.844883 0
    outer loop
      vertex 173.699 172.088 25.2
      vertex 173.5 171.962 26.6
      vertex 173.699 172.088 26.6
    endloop
  endfacet
  facet normal -0.534951 0.844883 0
    outer loop
      vertex 173.5 171.962 26.6
      vertex 173.699 172.088 25.2
      vertex 173.5 171.962 25.2
    endloop
  endfacet
  facet normal 0.216481 -0.976287 0
    outer loop
      vertex 171.451 176.908 25.2
      vertex 171.681 176.959 26.6
      vertex 171.451 176.908 26.6
    endloop
  endfacet
  facet normal 0.216481 -0.976287 0
    outer loop
      vertex 171.681 176.959 26.6
      vertex 171.451 176.908 25.2
      vertex 171.681 176.959 25.2
    endloop
  endfacet
  facet normal -0.73627 0.676688 0
    outer loop
      vertex 174.059 172.391 25.2
      vertex 174.218 172.564 26.6
      vertex 174.218 172.564 25.2
    endloop
  endfacet
  facet normal -0.73627 0.676688 0
    outer loop
      vertex 174.218 172.564 26.6
      vertex 174.059 172.391 25.2
      vertex 174.059 172.391 26.6
    endloop
  endfacet
  facet normal 0.131331 -0.991339 0
    outer loop
      vertex 171.681 176.959 25.2
      vertex 171.915 176.99 26.6
      vertex 171.681 176.959 26.6
    endloop
  endfacet
  facet normal 0.131331 -0.991339 0
    outer loop
      vertex 171.915 176.99 26.6
      vertex 171.681 176.959 25.2
      vertex 171.915 176.99 25.2
    endloop
  endfacet
  facet normal -0.462421 -0.88666 0
    outer loop
      vertex 173.291 176.747 25.2
      vertex 173.5 176.638 26.6
      vertex 173.291 176.747 26.6
    endloop
  endfacet
  facet normal -0.462421 -0.88666 -0
    outer loop
      vertex 173.5 176.638 26.6
      vertex 173.291 176.747 25.2
      vertex 173.5 176.638 25.2
    endloop
  endfacet
  facet normal 0.953261 -0.30215 0
    outer loop
      vertex 169.542 174.999 26.6
      vertex 169.613 175.223 25.2
      vertex 169.613 175.223 26.6
    endloop
  endfacet
  facet normal 0.953261 -0.30215 0
    outer loop
      vertex 169.613 175.223 25.2
      vertex 169.542 174.999 26.6
      vertex 169.542 174.999 25.2
    endloop
  endfacet
  facet normal 0.73627 -0.676688 0
    outer loop
      vertex 170.082 176.036 26.6
      vertex 170.241 176.209 25.2
      vertex 170.241 176.209 26.6
    endloop
  endfacet
  facet normal 0.73627 -0.676688 0
    outer loop
      vertex 170.241 176.209 25.2
      vertex 170.082 176.036 26.6
      vertex 170.082 176.036 25.2
    endloop
  endfacet
  facet normal -0.131331 0.991339 0
    outer loop
      vertex 172.619 171.641 25.2
      vertex 172.385 171.61 26.6
      vertex 172.619 171.641 26.6
    endloop
  endfacet
  facet normal -0.131331 0.991339 0
    outer loop
      vertex 172.385 171.61 26.6
      vertex 172.619 171.641 25.2
      vertex 172.385 171.61 25.2
    endloop
  endfacet
  facet normal -0.73627 -0.676688 0
    outer loop
      vertex 174.218 176.036 25.2
      vertex 174.059 176.209 26.6
      vertex 174.059 176.209 25.2
    endloop
  endfacet
  facet normal -0.73627 -0.676688 0
    outer loop
      vertex 174.059 176.209 26.6
      vertex 174.218 176.036 25.2
      vertex 174.218 176.036 26.6
    endloop
  endfacet
  facet normal -0.381603 -0.924326 0
    outer loop
      vertex 173.073 176.837 25.2
      vertex 173.291 176.747 26.6
      vertex 173.073 176.837 26.6
    endloop
  endfacet
  facet normal -0.381603 -0.924326 -0
    outer loop
      vertex 173.291 176.747 26.6
      vertex 173.073 176.837 25.2
      vertex 173.291 176.747 25.2
    endloop
  endfacet
  facet normal 0.976287 0.216481 0
    outer loop
      vertex 169.542 173.601 26.6
      vertex 169.491 173.831 25.2
      vertex 169.491 173.831 26.6
    endloop
  endfacet
  facet normal 0.976287 0.216481 0
    outer loop
      vertex 169.491 173.831 25.2
      vertex 169.542 173.601 26.6
      vertex 169.542 173.601 25.2
    endloop
  endfacet
  facet normal -0.534951 -0.844883 0
    outer loop
      vertex 173.5 176.638 25.2
      vertex 173.699 176.512 26.6
      vertex 173.5 176.638 26.6
    endloop
  endfacet
  facet normal -0.534951 -0.844883 -0
    outer loop
      vertex 173.699 176.512 26.6
      vertex 173.5 176.638 25.2
      vertex 173.699 176.512 25.2
    endloop
  endfacet
  facet normal -0.999096 0.0425147 0
    outer loop
      vertex 174.84 174.065 25.2
      vertex 174.85 174.3 26.6
      vertex 174.85 174.3 25.2
    endloop
  endfacet
  facet normal -0.999096 0.0425147 0
    outer loop
      vertex 174.85 174.3 26.6
      vertex 174.84 174.065 25.2
      vertex 174.84 174.065 26.6
    endloop
  endfacet
  facet normal -0.991339 0.131331 0
    outer loop
      vertex 174.809 173.831 25.2
      vertex 174.84 174.065 26.6
      vertex 174.84 174.065 25.2
    endloop
  endfacet
  facet normal -0.991339 0.131331 0
    outer loop
      vertex 174.84 174.065 26.6
      vertex 174.809 173.831 25.2
      vertex 174.809 173.831 26.6
    endloop
  endfacet
  facet normal -0.30215 0.953261 0
    outer loop
      vertex 173.073 171.763 25.2
      vertex 172.849 171.692 26.6
      vertex 173.073 171.763 26.6
    endloop
  endfacet
  facet normal -0.30215 0.953261 0
    outer loop
      vertex 172.849 171.692 26.6
      vertex 173.073 171.763 25.2
      vertex 172.849 171.692 25.2
    endloop
  endfacet
  facet normal -0.844883 -0.534951 0
    outer loop
      vertex 174.488 175.65 25.2
      vertex 174.362 175.849 26.6
      vertex 174.362 175.849 25.2
    endloop
  endfacet
  facet normal -0.844883 -0.534951 0
    outer loop
      vertex 174.362 175.849 26.6
      vertex 174.488 175.65 25.2
      vertex 174.488 175.65 26.6
    endloop
  endfacet
  facet normal 0.534951 -0.844883 0
    outer loop
      vertex 170.601 176.512 25.2
      vertex 170.8 176.638 26.6
      vertex 170.601 176.512 26.6
    endloop
  endfacet
  facet normal 0.534951 -0.844883 0
    outer loop
      vertex 170.8 176.638 26.6
      vertex 170.601 176.512 25.2
      vertex 170.8 176.638 25.2
    endloop
  endfacet
  facet normal 0.976287 -0.216481 0
    outer loop
      vertex 169.491 174.769 26.6
      vertex 169.542 174.999 25.2
      vertex 169.542 174.999 26.6
    endloop
  endfacet
  facet normal 0.976287 -0.216481 0
    outer loop
      vertex 169.542 174.999 25.2
      vertex 169.491 174.769 26.6
      vertex 169.491 174.769 25.2
    endloop
  endfacet
  facet normal -0.976287 0.216481 0
    outer loop
      vertex 174.758 173.601 25.2
      vertex 174.809 173.831 26.6
      vertex 174.809 173.831 25.2
    endloop
  endfacet
  facet normal -0.976287 0.216481 0
    outer loop
      vertex 174.809 173.831 26.6
      vertex 174.758 173.601 25.2
      vertex 174.758 173.601 26.6
    endloop
  endfacet
  facet normal 0.30215 0.953261 -0
    outer loop
      vertex 171.451 171.692 25.2
      vertex 171.227 171.763 26.6
      vertex 171.451 171.692 26.6
    endloop
  endfacet
  facet normal 0.30215 0.953261 0
    outer loop
      vertex 171.227 171.763 26.6
      vertex 171.451 171.692 25.2
      vertex 171.227 171.763 25.2
    endloop
  endfacet
  facet normal -0.953261 -0.30215 0
    outer loop
      vertex 174.758 174.999 25.2
      vertex 174.687 175.223 26.6
      vertex 174.687 175.223 25.2
    endloop
  endfacet
  facet normal -0.953261 -0.30215 0
    outer loop
      vertex 174.687 175.223 26.6
      vertex 174.758 174.999 25.2
      vertex 174.758 174.999 26.6
    endloop
  endfacet
  facet normal 0.381603 -0.924326 0
    outer loop
      vertex 171.009 176.747 25.2
      vertex 171.227 176.837 26.6
      vertex 171.009 176.747 26.6
    endloop
  endfacet
  facet normal 0.381603 -0.924326 0
    outer loop
      vertex 171.227 176.837 26.6
      vertex 171.009 176.747 25.2
      vertex 171.227 176.837 25.2
    endloop
  endfacet
  facet normal -0.131331 -0.991339 0
    outer loop
      vertex 172.385 176.99 25.2
      vertex 172.619 176.959 26.6
      vertex 172.385 176.99 26.6
    endloop
  endfacet
  facet normal -0.131331 -0.991339 -0
    outer loop
      vertex 172.619 176.959 26.6
      vertex 172.385 176.99 25.2
      vertex 172.619 176.959 25.2
    endloop
  endfacet
  facet normal -0.676688 -0.73627 0
    outer loop
      vertex 173.886 176.368 25.2
      vertex 174.059 176.209 26.6
      vertex 173.886 176.368 26.6
    endloop
  endfacet
  facet normal -0.676688 -0.73627 -0
    outer loop
      vertex 174.059 176.209 26.6
      vertex 173.886 176.368 25.2
      vertex 174.059 176.209 25.2
    endloop
  endfacet
  facet normal -0.953261 0.30215 0
    outer loop
      vertex 174.687 173.377 25.2
      vertex 174.758 173.601 26.6
      vertex 174.758 173.601 25.2
    endloop
  endfacet
  facet normal -0.953261 0.30215 0
    outer loop
      vertex 174.758 173.601 26.6
      vertex 174.687 173.377 25.2
      vertex 174.687 173.377 26.6
    endloop
  endfacet
  facet normal 0 0 1
    outer loop
      vertex 173.6 174.3 25.2
      vertex 174.85 174.3 25.2
      vertex 174.84 174.535 25.2
    endloop
  endfacet
  facet normal 0 0 1
    outer loop
      vertex 173.594 174.426 25.2
      vertex 174.84 174.535 25.2
      vertex 174.809 174.769 25.2
    endloop
  endfacet
  facet normal 0 0 1
    outer loop
      vertex 174.85 174.3 25.2
      vertex 173.6 174.3 25.2
      vertex 174.84 174.065 25.2
    endloop
  endfacet
  facet normal 0 0 1
    outer loop
      vertex 173.578 174.552 25.2
      vertex 174.809 174.769 25.2
      vertex 174.758 174.999 25.2
    endloop
  endfacet
  facet normal -0 0 1
    outer loop
      vertex 173.594 174.174 25.2
      vertex 174.84 174.065 25.2
      vertex 173.6 174.3 25.2
    endloop
  endfacet
  facet normal 0 0 1
    outer loop
      vertex 173.551 174.675 25.2
      vertex 174.758 174.999 25.2
      vertex 174.687 175.223 25.2
    endloop
  endfacet
  facet normal 0 0 1
    outer loop
      vertex 174.84 174.065 25.2
      vertex 173.594 174.174 25.2
      vertex 174.809 173.831 25.2
    endloop
  endfacet
  facet normal 0 0 1
    outer loop
      vertex 173.513 174.796 25.2
      vertex 174.687 175.223 25.2
      vertex 174.597 175.441 25.2
    endloop
  endfacet
  facet normal -0 0 1
    outer loop
      vertex 173.578 174.048 25.2
      vertex 174.809 173.831 25.2
      vertex 173.594 174.174 25.2
    endloop
  endfacet
  facet normal 0 0 1
    outer loop
      vertex 173.464 174.913 25.2
      vertex 174.597 175.441 25.2
      vertex 174.488 175.65 25.2
    endloop
  endfacet
  facet normal 0 0 1
    outer loop
      vertex 174.809 173.831 25.2
      vertex 173.578 174.048 25.2
      vertex 174.758 173.601 25.2
    endloop
  endfacet
  facet normal 0 0 1
    outer loop
      vertex 173.406 175.025 25.2
      vertex 174.488 175.65 25.2
      vertex 174.362 175.849 25.2
    endloop
  endfacet
  facet normal -0 0 1
    outer loop
      vertex 173.551 173.925 25.2
      vertex 174.758 173.601 25.2
      vertex 173.578 174.048 25.2
    endloop
  endfacet
  facet normal 0 0 1
    outer loop
      vertex 173.338 175.132 25.2
      vertex 174.362 175.849 25.2
      vertex 174.218 176.036 25.2
    endloop
  endfacet
  facet normal 0 0 1
    outer loop
      vertex 174.758 173.601 25.2
      vertex 173.551 173.925 25.2
      vertex 174.687 173.377 25.2
    endloop
  endfacet
  facet normal 0 0 1
    outer loop
      vertex 173.261 175.232 25.2
      vertex 174.218 176.036 25.2
      vertex 174.059 176.209 25.2
    endloop
  endfacet
  facet normal -0 0 1
    outer loop
      vertex 173.513 173.804 25.2
      vertex 174.687 173.377 25.2
      vertex 173.551 173.925 25.2
    endloop
  endfacet
  facet normal 0 0 1
    outer loop
      vertex 173.175 175.325 25.2
      vertex 174.059 176.209 25.2
      vertex 173.886 176.368 25.2
    endloop
  endfacet
  facet normal 0 0 1
    outer loop
      vertex 174.687 173.377 25.2
      vertex 173.513 173.804 25.2
      vertex 174.597 173.159 25.2
    endloop
  endfacet
  facet normal 0 0 1
    outer loop
      vertex 173.082 175.411 25.2
      vertex 173.886 176.368 25.2
      vertex 173.699 176.512 25.2
    endloop
  endfacet
  facet normal -0 0 1
    outer loop
      vertex 173.464 173.687 25.2
      vertex 174.597 173.159 25.2
      vertex 173.513 173.804 25.2
    endloop
  endfacet
  facet normal 0 0 1
    outer loop
      vertex 174.597 173.159 25.2
      vertex 173.464 173.687 25.2
      vertex 174.488 172.95 25.2
    endloop
  endfacet
  facet normal 0 0 1
    outer loop
      vertex 174.84 174.535 25.2
      vertex 173.594 174.426 25.2
      vertex 173.6 174.3 25.2
    endloop
  endfacet
  facet normal 0 0 1
    outer loop
      vertex 174.809 174.769 25.2
      vertex 173.578 174.552 25.2
      vertex 173.594 174.426 25.2
    endloop
  endfacet
  facet normal 0 0 1
    outer loop
      vertex 174.758 174.999 25.2
      vertex 173.551 174.675 25.2
      vertex 173.578 174.552 25.2
    endloop
  endfacet
  facet normal 0 0 1
    outer loop
      vertex 174.687 175.223 25.2
      vertex 173.513 174.796 25.2
      vertex 173.551 174.675 25.2
    endloop
  endfacet
  facet normal 0 0 1
    outer loop
      vertex 172.982 175.488 25.2
      vertex 173.699 176.512 25.2
      vertex 173.5 176.638 25.2
    endloop
  endfacet
  facet normal 0 0 1
    outer loop
      vertex 174.597 175.441 25.2
      vertex 173.464 174.913 25.2
      vertex 173.513 174.796 25.2
    endloop
  endfacet
  facet normal 0 0 1
    outer loop
      vertex 174.488 175.65 25.2
      vertex 173.406 175.025 25.2
      vertex 173.464 174.913 25.2
    endloop
  endfacet
  facet normal 0 0 1
    outer loop
      vertex 174.362 175.849 25.2
      vertex 173.338 175.132 25.2
      vertex 173.406 175.025 25.2
    endloop
  endfacet
  facet normal 0 0 1
    outer loop
      vertex 172.875 175.556 25.2
      vertex 173.5 176.638 25.2
      vertex 173.291 176.747 25.2
    endloop
  endfacet
  facet normal 0 0 1
    outer loop
      vertex 174.218 176.036 25.2
      vertex 173.261 175.232 25.2
      vertex 173.338 175.132 25.2
    endloop
  endfacet
  facet normal 0 0 1
    outer loop
      vertex 174.059 176.209 25.2
      vertex 173.175 175.325 25.2
      vertex 173.261 175.232 25.2
    endloop
  endfacet
  facet normal 0 0 1
    outer loop
      vertex 173.886 176.368 25.2
      vertex 173.082 175.411 25.2
      vertex 173.175 175.325 25.2
    endloop
  endfacet
  facet normal 0 0 1
    outer loop
      vertex 172.763 175.614 25.2
      vertex 173.291 176.747 25.2
      vertex 173.073 176.837 25.2
    endloop
  endfacet
  facet normal 0 0 1
    outer loop
      vertex 173.699 176.512 25.2
      vertex 172.982 175.488 25.2
      vertex 173.082 175.411 25.2
    endloop
  endfacet
  facet normal 0 0 1
    outer loop
      vertex 173.5 176.638 25.2
      vertex 172.875 175.556 25.2
      vertex 172.982 175.488 25.2
    endloop
  endfacet
  facet normal 0 0 1
    outer loop
      vertex 172.646 175.663 25.2
      vertex 173.073 176.837 25.2
      vertex 172.849 176.908 25.2
    endloop
  endfacet
  facet normal 0 0 1
    outer loop
      vertex 173.291 176.747 25.2
      vertex 172.763 175.614 25.2
      vertex 172.875 175.556 25.2
    endloop
  endfacet
  facet normal 0 0 1
    outer loop
      vertex 173.073 176.837 25.2
      vertex 172.646 175.663 25.2
      vertex 172.763 175.614 25.2
    endloop
  endfacet
  facet normal 0 0 1
    outer loop
      vertex 172.525 175.701 25.2
      vertex 172.849 176.908 25.2
      vertex 172.619 176.959 25.2
    endloop
  endfacet
  facet normal 0 0 1
    outer loop
      vertex 172.849 176.908 25.2
      vertex 172.525 175.701 25.2
      vertex 172.646 175.663 25.2
    endloop
  endfacet
  facet normal 0 0 1
    outer loop
      vertex 172.619 176.959 25.2
      vertex 172.402 175.728 25.2
      vertex 172.525 175.701 25.2
    endloop
  endfacet
  facet normal 0 0 1
    outer loop
      vertex 172.385 176.99 25.2
      vertex 172.402 175.728 25.2
      vertex 172.619 176.959 25.2
    endloop
  endfacet
  facet normal 0 0 1
    outer loop
      vertex 172.385 176.99 25.2
      vertex 172.276 175.744 25.2
      vertex 172.402 175.728 25.2
    endloop
  endfacet
  facet normal 0 0 1
    outer loop
      vertex 172.15 177 25.2
      vertex 172.276 175.744 25.2
      vertex 172.385 176.99 25.2
    endloop
  endfacet
  facet normal 0 0 1
    outer loop
      vertex 172.15 177 25.2
      vertex 172.15 175.75 25.2
      vertex 172.276 175.744 25.2
    endloop
  endfacet
  facet normal 0 0 1
    outer loop
      vertex 172.15 177 25.2
      vertex 172.024 175.744 25.2
      vertex 172.15 175.75 25.2
    endloop
  endfacet
  facet normal -0 0 1
    outer loop
      vertex 171.915 176.99 25.2
      vertex 172.024 175.744 25.2
      vertex 172.15 177 25.2
    endloop
  endfacet
  facet normal 0 0 1
    outer loop
      vertex 171.915 176.99 25.2
      vertex 171.898 175.728 25.2
      vertex 172.024 175.744 25.2
    endloop
  endfacet
  facet normal -0 0 1
    outer loop
      vertex 171.681 176.959 25.2
      vertex 171.898 175.728 25.2
      vertex 171.915 176.99 25.2
    endloop
  endfacet
  facet normal 0 0 1
    outer loop
      vertex 171.898 175.728 25.2
      vertex 171.681 176.959 25.2
      vertex 171.775 175.701 25.2
    endloop
  endfacet
  facet normal -0 0 1
    outer loop
      vertex 171.451 176.908 25.2
      vertex 171.775 175.701 25.2
      vertex 171.681 176.959 25.2
    endloop
  endfacet
  facet normal 0 0 1
    outer loop
      vertex 171.775 175.701 25.2
      vertex 171.451 176.908 25.2
      vertex 171.654 175.663 25.2
    endloop
  endfacet
  facet normal -0 0 1
    outer loop
      vertex 171.227 176.837 25.2
      vertex 171.654 175.663 25.2
      vertex 171.451 176.908 25.2
    endloop
  endfacet
  facet normal 0 0 1
    outer loop
      vertex 171.654 175.663 25.2
      vertex 171.227 176.837 25.2
      vertex 171.537 175.614 25.2
    endloop
  endfacet
  facet normal -0 0 1
    outer loop
      vertex 171.009 176.747 25.2
      vertex 171.537 175.614 25.2
      vertex 171.227 176.837 25.2
    endloop
  endfacet
  facet normal 0 0 1
    outer loop
      vertex 171.537 175.614 25.2
      vertex 171.009 176.747 25.2
      vertex 171.425 175.556 25.2
    endloop
  endfacet
  facet normal -0 0 1
    outer loop
      vertex 170.8 176.638 25.2
      vertex 171.425 175.556 25.2
      vertex 171.009 176.747 25.2
    endloop
  endfacet
  facet normal 0 0 1
    outer loop
      vertex 171.425 175.556 25.2
      vertex 170.8 176.638 25.2
      vertex 171.318 175.488 25.2
    endloop
  endfacet
  facet normal -0 0 1
    outer loop
      vertex 170.601 176.512 25.2
      vertex 171.318 175.488 25.2
      vertex 170.8 176.638 25.2
    endloop
  endfacet
  facet normal 0 0 1
    outer loop
      vertex 171.318 175.488 25.2
      vertex 170.601 176.512 25.2
      vertex 171.218 175.411 25.2
    endloop
  endfacet
  facet normal -0 0 1
    outer loop
      vertex 170.414 176.368 25.2
      vertex 171.218 175.411 25.2
      vertex 170.601 176.512 25.2
    endloop
  endfacet
  facet normal 0 0 1
    outer loop
      vertex 171.218 175.411 25.2
      vertex 170.414 176.368 25.2
      vertex 171.125 175.325 25.2
    endloop
  endfacet
  facet normal -0 0 1
    outer loop
      vertex 170.241 176.209 25.2
      vertex 171.125 175.325 25.2
      vertex 170.414 176.368 25.2
    endloop
  endfacet
  facet normal 0 0 1
    outer loop
      vertex 171.125 175.325 25.2
      vertex 170.241 176.209 25.2
      vertex 171.039 175.232 25.2
    endloop
  endfacet
  facet normal -0 0 1
    outer loop
      vertex 170.082 176.036 25.2
      vertex 171.039 175.232 25.2
      vertex 170.241 176.209 25.2
    endloop
  endfacet
  facet normal 0 0 1
    outer loop
      vertex 171.039 175.232 25.2
      vertex 170.082 176.036 25.2
      vertex 170.962 175.132 25.2
    endloop
  endfacet
  facet normal -0 0 1
    outer loop
      vertex 169.938 175.849 25.2
      vertex 170.962 175.132 25.2
      vertex 170.082 176.036 25.2
    endloop
  endfacet
  facet normal 0 0 1
    outer loop
      vertex 170.962 175.132 25.2
      vertex 169.938 175.849 25.2
      vertex 170.894 175.025 25.2
    endloop
  endfacet
  facet normal -0 0 1
    outer loop
      vertex 169.812 175.65 25.2
      vertex 170.894 175.025 25.2
      vertex 169.938 175.849 25.2
    endloop
  endfacet
  facet normal 0 0 1
    outer loop
      vertex 170.894 175.025 25.2
      vertex 169.812 175.65 25.2
      vertex 170.836 174.913 25.2
    endloop
  endfacet
  facet normal -0 0 1
    outer loop
      vertex 173.406 173.575 25.2
      vertex 174.488 172.95 25.2
      vertex 173.464 173.687 25.2
    endloop
  endfacet
  facet normal 0 0 1
    outer loop
      vertex 174.488 172.95 25.2
      vertex 173.406 173.575 25.2
      vertex 174.362 172.751 25.2
    endloop
  endfacet
  facet normal -0 0 1
    outer loop
      vertex 173.338 173.468 25.2
      vertex 174.362 172.751 25.2
      vertex 173.406 173.575 25.2
    endloop
  endfacet
  facet normal 0 0 1
    outer loop
      vertex 174.362 172.751 25.2
      vertex 173.338 173.468 25.2
      vertex 174.218 172.564 25.2
    endloop
  endfacet
  facet normal -0 0 1
    outer loop
      vertex 173.261 173.368 25.2
      vertex 174.218 172.564 25.2
      vertex 173.338 173.468 25.2
    endloop
  endfacet
  facet normal 0 0 1
    outer loop
      vertex 174.218 172.564 25.2
      vertex 173.261 173.368 25.2
      vertex 174.059 172.391 25.2
    endloop
  endfacet
  facet normal -0 0 1
    outer loop
      vertex 173.175 173.275 25.2
      vertex 174.059 172.391 25.2
      vertex 173.261 173.368 25.2
    endloop
  endfacet
  facet normal 0 0 1
    outer loop
      vertex 174.059 172.391 25.2
      vertex 173.175 173.275 25.2
      vertex 173.886 172.232 25.2
    endloop
  endfacet
  facet normal -0 0 1
    outer loop
      vertex 173.082 173.189 25.2
      vertex 173.886 172.232 25.2
      vertex 173.175 173.275 25.2
    endloop
  endfacet
  facet normal 0 0 1
    outer loop
      vertex 173.886 172.232 25.2
      vertex 173.082 173.189 25.2
      vertex 173.699 172.088 25.2
    endloop
  endfacet
  facet normal -0 0 1
    outer loop
      vertex 172.982 173.112 25.2
      vertex 173.699 172.088 25.2
      vertex 173.082 173.189 25.2
    endloop
  endfacet
  facet normal 0 0 1
    outer loop
      vertex 173.699 172.088 25.2
      vertex 172.982 173.112 25.2
      vertex 173.5 171.962 25.2
    endloop
  endfacet
  facet normal -0 0 1
    outer loop
      vertex 172.875 173.044 25.2
      vertex 173.5 171.962 25.2
      vertex 172.982 173.112 25.2
    endloop
  endfacet
  facet normal 0 0 1
    outer loop
      vertex 173.5 171.962 25.2
      vertex 172.875 173.044 25.2
      vertex 173.291 171.853 25.2
    endloop
  endfacet
  facet normal -0 0 1
    outer loop
      vertex 172.763 172.986 25.2
      vertex 173.291 171.853 25.2
      vertex 172.875 173.044 25.2
    endloop
  endfacet
  facet normal 0 0 1
    outer loop
      vertex 173.291 171.853 25.2
      vertex 172.763 172.986 25.2
      vertex 173.073 171.763 25.2
    endloop
  endfacet
  facet normal -0 0 1
    outer loop
      vertex 172.646 172.937 25.2
      vertex 173.073 171.763 25.2
      vertex 172.763 172.986 25.2
    endloop
  endfacet
  facet normal 0 0 1
    outer loop
      vertex 173.073 171.763 25.2
      vertex 172.646 172.937 25.2
      vertex 172.849 171.692 25.2
    endloop
  endfacet
  facet normal -0 0 1
    outer loop
      vertex 172.525 172.899 25.2
      vertex 172.849 171.692 25.2
      vertex 172.646 172.937 25.2
    endloop
  endfacet
  facet normal 0 0 1
    outer loop
      vertex 172.849 171.692 25.2
      vertex 172.525 172.899 25.2
      vertex 172.619 171.641 25.2
    endloop
  endfacet
  facet normal -0 0 1
    outer loop
      vertex 172.402 172.872 25.2
      vertex 172.619 171.641 25.2
      vertex 172.525 172.899 25.2
    endloop
  endfacet
  facet normal 0 0 1
    outer loop
      vertex 172.402 172.872 25.2
      vertex 172.385 171.61 25.2
      vertex 172.619 171.641 25.2
    endloop
  endfacet
  facet normal -0 0 1
    outer loop
      vertex 172.276 172.856 25.2
      vertex 172.385 171.61 25.2
      vertex 172.402 172.872 25.2
    endloop
  endfacet
  facet normal -0 0 1
    outer loop
      vertex 172.15 172.85 25.2
      vertex 172.385 171.61 25.2
      vertex 172.276 172.856 25.2
    endloop
  endfacet
  facet normal 0 0 1
    outer loop
      vertex 172.15 172.85 25.2
      vertex 172.15 171.6 25.2
      vertex 172.385 171.61 25.2
    endloop
  endfacet
  facet normal 0 0 1
    outer loop
      vertex 172.024 172.856 25.2
      vertex 172.15 171.6 25.2
      vertex 172.15 172.85 25.2
    endloop
  endfacet
  facet normal 0 0 1
    outer loop
      vertex 172.024 172.856 25.2
      vertex 171.915 171.61 25.2
      vertex 172.15 171.6 25.2
    endloop
  endfacet
  facet normal 0 0 1
    outer loop
      vertex 171.898 172.872 25.2
      vertex 171.915 171.61 25.2
      vertex 172.024 172.856 25.2
    endloop
  endfacet
  facet normal 0 0 1
    outer loop
      vertex 171.681 171.641 25.2
      vertex 171.898 172.872 25.2
      vertex 171.775 172.899 25.2
    endloop
  endfacet
  facet normal 0 0 1
    outer loop
      vertex 171.898 172.872 25.2
      vertex 171.681 171.641 25.2
      vertex 171.915 171.61 25.2
    endloop
  endfacet
  facet normal 0 0 1
    outer loop
      vertex 171.451 171.692 25.2
      vertex 171.775 172.899 25.2
      vertex 171.654 172.937 25.2
    endloop
  endfacet
  facet normal 0 0 1
    outer loop
      vertex 171.227 171.763 25.2
      vertex 171.654 172.937 25.2
      vertex 171.537 172.986 25.2
    endloop
  endfacet
  facet normal 0 0 1
    outer loop
      vertex 171.775 172.899 25.2
      vertex 171.451 171.692 25.2
      vertex 171.681 171.641 25.2
    endloop
  endfacet
  facet normal 0 0 1
    outer loop
      vertex 171.009 171.853 25.2
      vertex 171.537 172.986 25.2
      vertex 171.425 173.044 25.2
    endloop
  endfacet
  facet normal 0 0 1
    outer loop
      vertex 170.8 171.962 25.2
      vertex 171.425 173.044 25.2
      vertex 171.318 173.112 25.2
    endloop
  endfacet
  facet normal 0 0 1
    outer loop
      vertex 171.654 172.937 25.2
      vertex 171.227 171.763 25.2
      vertex 171.451 171.692 25.2
    endloop
  endfacet
  facet normal 0 0 1
    outer loop
      vertex 170.601 172.088 25.2
      vertex 171.318 173.112 25.2
      vertex 171.218 173.189 25.2
    endloop
  endfacet
  facet normal 0 0 1
    outer loop
      vertex 170.414 172.232 25.2
      vertex 171.218 173.189 25.2
      vertex 171.125 173.275 25.2
    endloop
  endfacet
  facet normal 0 0 1
    outer loop
      vertex 170.241 172.391 25.2
      vertex 171.125 173.275 25.2
      vertex 171.039 173.368 25.2
    endloop
  endfacet
  facet normal 0 0 1
    outer loop
      vertex 171.537 172.986 25.2
      vertex 171.009 171.853 25.2
      vertex 171.227 171.763 25.2
    endloop
  endfacet
  facet normal 0 0 1
    outer loop
      vertex 170.082 172.564 25.2
      vertex 171.039 173.368 25.2
      vertex 170.962 173.468 25.2
    endloop
  endfacet
  facet normal 0 0 1
    outer loop
      vertex 169.938 172.751 25.2
      vertex 170.962 173.468 25.2
      vertex 170.894 173.575 25.2
    endloop
  endfacet
  facet normal 0 0 1
    outer loop
      vertex 169.812 172.95 25.2
      vertex 170.894 173.575 25.2
      vertex 170.836 173.687 25.2
    endloop
  endfacet
  facet normal 0 0 1
    outer loop
      vertex 171.425 173.044 25.2
      vertex 170.8 171.962 25.2
      vertex 171.009 171.853 25.2
    endloop
  endfacet
  facet normal 0 0 1
    outer loop
      vertex 169.703 173.159 25.2
      vertex 170.836 173.687 25.2
      vertex 170.787 173.804 25.2
    endloop
  endfacet
  facet normal 0 0 1
    outer loop
      vertex 169.613 173.377 25.2
      vertex 170.787 173.804 25.2
      vertex 170.749 173.925 25.2
    endloop
  endfacet
  facet normal 0 0 1
    outer loop
      vertex 169.542 173.601 25.2
      vertex 170.749 173.925 25.2
      vertex 170.722 174.048 25.2
    endloop
  endfacet
  facet normal 0 0 1
    outer loop
      vertex 169.491 173.831 25.2
      vertex 170.722 174.048 25.2
      vertex 170.706 174.174 25.2
    endloop
  endfacet
  facet normal 0 0 1
    outer loop
      vertex 169.46 174.065 25.2
      vertex 170.706 174.174 25.2
      vertex 170.7 174.3 25.2
    endloop
  endfacet
  facet normal -0 0 1
    outer loop
      vertex 169.703 175.441 25.2
      vertex 170.836 174.913 25.2
      vertex 169.812 175.65 25.2
    endloop
  endfacet
  facet normal 0 0 1
    outer loop
      vertex 171.318 173.112 25.2
      vertex 170.601 172.088 25.2
      vertex 170.8 171.962 25.2
    endloop
  endfacet
  facet normal 0 0 1
    outer loop
      vertex 170.836 174.913 25.2
      vertex 169.703 175.441 25.2
      vertex 170.787 174.796 25.2
    endloop
  endfacet
  facet normal 0 0 1
    outer loop
      vertex 171.218 173.189 25.2
      vertex 170.414 172.232 25.2
      vertex 170.601 172.088 25.2
    endloop
  endfacet
  facet normal -0 0 1
    outer loop
      vertex 169.613 175.223 25.2
      vertex 170.787 174.796 25.2
      vertex 169.703 175.441 25.2
    endloop
  endfacet
  facet normal 0 0 1
    outer loop
      vertex 171.125 173.275 25.2
      vertex 170.241 172.391 25.2
      vertex 170.414 172.232 25.2
    endloop
  endfacet
  facet normal 0 0 1
    outer loop
      vertex 170.787 174.796 25.2
      vertex 169.613 175.223 25.2
      vertex 170.749 174.675 25.2
    endloop
  endfacet
  facet normal 0 0 1
    outer loop
      vertex 171.039 173.368 25.2
      vertex 170.082 172.564 25.2
      vertex 170.241 172.391 25.2
    endloop
  endfacet
  facet normal -0 0 1
    outer loop
      vertex 169.542 174.999 25.2
      vertex 170.749 174.675 25.2
      vertex 169.613 175.223 25.2
    endloop
  endfacet
  facet normal 0 0 1
    outer loop
      vertex 170.962 173.468 25.2
      vertex 169.938 172.751 25.2
      vertex 170.082 172.564 25.2
    endloop
  endfacet
  facet normal 0 0 1
    outer loop
      vertex 170.749 174.675 25.2
      vertex 169.542 174.999 25.2
      vertex 170.722 174.552 25.2
    endloop
  endfacet
  facet normal 0 0 1
    outer loop
      vertex 170.894 173.575 25.2
      vertex 169.812 172.95 25.2
      vertex 169.938 172.751 25.2
    endloop
  endfacet
  facet normal -0 0 1
    outer loop
      vertex 169.491 174.769 25.2
      vertex 170.722 174.552 25.2
      vertex 169.542 174.999 25.2
    endloop
  endfacet
  facet normal 0 0 1
    outer loop
      vertex 170.836 173.687 25.2
      vertex 169.703 173.159 25.2
      vertex 169.812 172.95 25.2
    endloop
  endfacet
  facet normal 0 0 1
    outer loop
      vertex 170.722 174.552 25.2
      vertex 169.491 174.769 25.2
      vertex 170.706 174.426 25.2
    endloop
  endfacet
  facet normal 0 0 1
    outer loop
      vertex 170.787 173.804 25.2
      vertex 169.613 173.377 25.2
      vertex 169.703 173.159 25.2
    endloop
  endfacet
  facet normal -0 0 1
    outer loop
      vertex 169.46 174.535 25.2
      vertex 170.706 174.426 25.2
      vertex 169.491 174.769 25.2
    endloop
  endfacet
  facet normal 0 0 1
    outer loop
      vertex 170.749 173.925 25.2
      vertex 169.542 173.601 25.2
      vertex 169.613 173.377 25.2
    endloop
  endfacet
  facet normal 0 0 1
    outer loop
      vertex 170.706 174.426 25.2
      vertex 169.46 174.535 25.2
      vertex 170.7 174.3 25.2
    endloop
  endfacet
  facet normal 0 0 1
    outer loop
      vertex 170.722 174.048 25.2
      vertex 169.491 173.831 25.2
      vertex 169.542 173.601 25.2
    endloop
  endfacet
  facet normal 0 0 1
    outer loop
      vertex 169.45 174.3 25.2
      vertex 170.7 174.3 25.2
      vertex 169.46 174.535 25.2
    endloop
  endfacet
  facet normal 0 0 1
    outer loop
      vertex 170.706 174.174 25.2
      vertex 169.46 174.065 25.2
      vertex 169.491 173.831 25.2
    endloop
  endfacet
  facet normal 0 0 1
    outer loop
      vertex 170.7 174.3 25.2
      vertex 169.45 174.3 25.2
      vertex 169.46 174.065 25.2
    endloop
  endfacet
  facet normal 0.0425147 0.999096 -0
    outer loop
      vertex 172.15 171.6 25.2
      vertex 171.915 171.61 26.6
      vertex 172.15 171.6 26.6
    endloop
  endfacet
  facet normal 0.0425147 0.999096 0
    outer loop
      vertex 171.915 171.61 26.6
      vertex 172.15 171.6 25.2
      vertex 171.915 171.61 25.2
    endloop
  endfacet
  facet normal -0.792309 0.61012 0
    outer loop
      vertex 174.218 172.564 25.2
      vertex 174.362 172.751 26.6
      vertex 174.362 172.751 25.2
    endloop
  endfacet
  facet normal -0.792309 0.61012 0
    outer loop
      vertex 174.362 172.751 26.6
      vertex 174.218 172.564 25.2
      vertex 174.218 172.564 26.6
    endloop
  endfacet
  facet normal 0.924326 -0.381603 0
    outer loop
      vertex 169.613 175.223 26.6
      vertex 169.703 175.441 25.2
      vertex 169.703 175.441 26.6
    endloop
  endfacet
  facet normal 0.924326 -0.381603 0
    outer loop
      vertex 169.703 175.441 25.2
      vertex 169.613 175.223 26.6
      vertex 169.613 175.223 25.2
    endloop
  endfacet
  facet normal -0.924326 0.381603 0
    outer loop
      vertex 174.597 173.159 25.2
      vertex 174.687 173.377 26.6
      vertex 174.687 173.377 25.2
    endloop
  endfacet
  facet normal -0.924326 0.381603 0
    outer loop
      vertex 174.687 173.377 26.6
      vertex 174.597 173.159 25.2
      vertex 174.597 173.159 26.6
    endloop
  endfacet
  facet normal -0.30215 -0.953261 0
    outer loop
      vertex 172.849 176.908 25.2
      vertex 173.073 176.837 26.6
      vertex 172.849 176.908 26.6
    endloop
  endfacet
  facet normal -0.30215 -0.953261 -0
    outer loop
      vertex 173.073 176.837 26.6
      vertex 172.849 176.908 25.2
      vertex 173.073 176.837 25.2
    endloop
  endfacet
  facet normal -0.924326 -0.381603 0
    outer loop
      vertex 174.687 175.223 25.2
      vertex 174.597 175.441 26.6
      vertex 174.597 175.441 25.2
    endloop
  endfacet
  facet normal -0.924326 -0.381603 0
    outer loop
      vertex 174.597 175.441 26.6
      vertex 174.687 175.223 25.2
      vertex 174.687 175.223 26.6
    endloop
  endfacet
  facet normal 0.381603 0.924326 -0
    outer loop
      vertex 171.227 171.763 25.2
      vertex 171.009 171.853 26.6
      vertex 171.227 171.763 26.6
    endloop
  endfacet
  facet normal 0.381603 0.924326 0
    outer loop
      vertex 171.009 171.853 26.6
      vertex 171.227 171.763 25.2
      vertex 171.009 171.853 25.2
    endloop
  endfacet
  facet normal -0.381603 0.924326 0
    outer loop
      vertex 173.291 171.853 25.2
      vertex 173.073 171.763 26.6
      vertex 173.291 171.853 26.6
    endloop
  endfacet
  facet normal -0.381603 0.924326 0
    outer loop
      vertex 173.073 171.763 26.6
      vertex 173.291 171.853 25.2
      vertex 173.073 171.763 25.2
    endloop
  endfacet
  facet normal -0.88666 -0.462421 0
    outer loop
      vertex 174.597 175.441 25.2
      vertex 174.488 175.65 26.6
      vertex 174.488 175.65 25.2
    endloop
  endfacet
  facet normal -0.88666 -0.462421 0
    outer loop
      vertex 174.488 175.65 26.6
      vertex 174.597 175.441 25.2
      vertex 174.597 175.441 26.6
    endloop
  endfacet
  facet normal 0.953261 0.30215 0
    outer loop
      vertex 169.613 173.377 26.6
      vertex 169.542 173.601 25.2
      vertex 169.542 173.601 26.6
    endloop
  endfacet
  facet normal 0.953261 0.30215 0
    outer loop
      vertex 169.542 173.601 25.2
      vertex 169.613 173.377 26.6
      vertex 169.613 173.377 25.2
    endloop
  endfacet
  facet normal 0.61012 -0.792309 0
    outer loop
      vertex 170.414 176.368 25.2
      vertex 170.601 176.512 26.6
      vertex 170.414 176.368 26.6
    endloop
  endfacet
  facet normal 0.61012 -0.792309 0
    outer loop
      vertex 170.601 176.512 26.6
      vertex 170.414 176.368 25.2
      vertex 170.601 176.512 25.2
    endloop
  endfacet
  facet normal 0.676688 -0.73627 0
    outer loop
      vertex 170.241 176.209 25.2
      vertex 170.414 176.368 26.6
      vertex 170.241 176.209 26.6
    endloop
  endfacet
  facet normal 0.676688 -0.73627 0
    outer loop
      vertex 170.414 176.368 26.6
      vertex 170.241 176.209 25.2
      vertex 170.414 176.368 25.2
    endloop
  endfacet
  facet normal -0.0425147 -0.999096 0
    outer loop
      vertex 172.15 177 25.2
      vertex 172.385 176.99 26.6
      vertex 172.15 177 26.6
    endloop
  endfacet
  facet normal -0.0425147 -0.999096 -0
    outer loop
      vertex 172.385 176.99 26.6
      vertex 172.15 177 25.2
      vertex 172.385 176.99 25.2
    endloop
  endfacet
  facet normal 0.30215 -0.953261 0
    outer loop
      vertex 171.227 176.837 25.2
      vertex 171.451 176.908 26.6
      vertex 171.227 176.837 26.6
    endloop
  endfacet
  facet normal 0.30215 -0.953261 0
    outer loop
      vertex 171.451 176.908 26.6
      vertex 171.227 176.837 25.2
      vertex 171.451 176.908 25.2
    endloop
  endfacet
  facet normal 0.999096 0.0425147 0
    outer loop
      vertex 169.46 174.065 26.6
      vertex 169.45 174.3 25.2
      vertex 169.45 174.3 26.6
    endloop
  endfacet
  facet normal 0.999096 0.0425147 0
    outer loop
      vertex 169.45 174.3 25.2
      vertex 169.46 174.065 26.6
      vertex 169.46 174.065 25.2
    endloop
  endfacet
  facet normal 0.0425147 -0.999096 0
    outer loop
      vertex 171.915 176.99 25.2
      vertex 172.15 177 26.6
      vertex 171.915 176.99 26.6
    endloop
  endfacet
  facet normal 0.0425147 -0.999096 0
    outer loop
      vertex 172.15 177 26.6
      vertex 171.915 176.99 25.2
      vertex 172.15 177 25.2
    endloop
  endfacet
  facet normal 0.924326 0.381603 0
    outer loop
      vertex 169.703 173.159 26.6
      vertex 169.613 173.377 25.2
      vertex 169.613 173.377 26.6
    endloop
  endfacet
  facet normal 0.924326 0.381603 0
    outer loop
      vertex 169.613 173.377 25.2
      vertex 169.703 173.159 26.6
      vertex 169.703 173.159 25.2
    endloop
  endfacet
  facet normal 0.61012 0.792309 -0
    outer loop
      vertex 170.601 172.088 25.2
      vertex 170.414 172.232 26.6
      vertex 170.601 172.088 26.6
    endloop
  endfacet
  facet normal 0.61012 0.792309 0
    outer loop
      vertex 170.414 172.232 26.6
      vertex 170.601 172.088 25.2
      vertex 170.414 172.232 25.2
    endloop
  endfacet
  facet normal 0.792309 -0.61012 0
    outer loop
      vertex 169.938 175.849 26.6
      vertex 170.082 176.036 25.2
      vertex 170.082 176.036 26.6
    endloop
  endfacet
  facet normal 0.792309 -0.61012 0
    outer loop
      vertex 170.082 176.036 25.2
      vertex 169.938 175.849 26.6
      vertex 169.938 175.849 25.2
    endloop
  endfacet
  facet normal 0.462421 -0.88666 0
    outer loop
      vertex 170.8 176.638 25.2
      vertex 171.009 176.747 26.6
      vertex 170.8 176.638 26.6
    endloop
  endfacet
  facet normal 0.462421 -0.88666 0
    outer loop
      vertex 171.009 176.747 26.6
      vertex 170.8 176.638 25.2
      vertex 171.009 176.747 25.2
    endloop
  endfacet
  facet normal 0.73627 0.676688 0
    outer loop
      vertex 170.241 172.391 26.6
      vertex 170.082 172.564 25.2
      vertex 170.082 172.564 26.6
    endloop
  endfacet
  facet normal 0.73627 0.676688 0
    outer loop
      vertex 170.082 172.564 25.2
      vertex 170.241 172.391 26.6
      vertex 170.241 172.391 25.2
    endloop
  endfacet
  facet normal 0.991339 0.131331 0
    outer loop
      vertex 169.491 173.831 26.6
      vertex 169.46 174.065 25.2
      vertex 169.46 174.065 26.6
    endloop
  endfacet
  facet normal 0.991339 0.131331 0
    outer loop
      vertex 169.46 174.065 25.2
      vertex 169.491 173.831 26.6
      vertex 169.491 173.831 25.2
    endloop
  endfacet
  facet normal 0.88666 0.462421 0
    outer loop
      vertex 169.812 172.95 26.6
      vertex 169.703 173.159 25.2
      vertex 169.703 173.159 26.6
    endloop
  endfacet
  facet normal 0.88666 0.462421 0
    outer loop
      vertex 169.703 173.159 25.2
      vertex 169.812 172.95 26.6
      vertex 169.812 172.95 25.2
    endloop
  endfacet
  facet normal 0.88666 -0.462421 0
    outer loop
      vertex 169.703 175.441 26.6
      vertex 169.812 175.65 25.2
      vertex 169.812 175.65 26.6
    endloop
  endfacet
  facet normal 0.88666 -0.462421 0
    outer loop
      vertex 169.812 175.65 25.2
      vertex 169.703 175.441 26.6
      vertex 169.703 175.441 25.2
    endloop
  endfacet
  facet normal -0.844883 0.534951 0
    outer loop
      vertex 174.362 172.751 25.2
      vertex 174.488 172.95 26.6
      vertex 174.488 172.95 25.2
    endloop
  endfacet
  facet normal -0.844883 0.534951 0
    outer loop
      vertex 174.488 172.95 26.6
      vertex 174.362 172.751 25.2
      vertex 174.362 172.751 26.6
    endloop
  endfacet
  facet normal 0.991339 -0.131331 0
    outer loop
      vertex 169.46 174.535 26.6
      vertex 169.491 174.769 25.2
      vertex 169.491 174.769 26.6
    endloop
  endfacet
  facet normal 0.991339 -0.131331 0
    outer loop
      vertex 169.491 174.769 25.2
      vertex 169.46 174.535 26.6
      vertex 169.46 174.535 25.2
    endloop
  endfacet
  facet normal 0.131331 0.991339 -0
    outer loop
      vertex 171.915 171.61 25.2
      vertex 171.681 171.641 26.6
      vertex 171.915 171.61 26.6
    endloop
  endfacet
  facet normal 0.131331 0.991339 0
    outer loop
      vertex 171.681 171.641 26.6
      vertex 171.915 171.61 25.2
      vertex 171.681 171.641 25.2
    endloop
  endfacet
  facet normal 0.999096 -0.0425147 0
    outer loop
      vertex 169.45 174.3 26.6
      vertex 169.46 174.535 25.2
      vertex 169.46 174.535 26.6
    endloop
  endfacet
  facet normal 0.999096 -0.0425147 0
    outer loop
      vertex 169.46 174.535 25.2
      vertex 169.45 174.3 26.6
      vertex 169.45 174.3 25.2
    endloop
  endfacet
  facet normal 0.676688 0.73627 -0
    outer loop
      vertex 170.414 172.232 25.2
      vertex 170.241 172.391 26.6
      vertex 170.414 172.232 26.6
    endloop
  endfacet
  facet normal 0.676688 0.73627 0
    outer loop
      vertex 170.241 172.391 26.6
      vertex 170.414 172.232 25.2
      vertex 170.241 172.391 25.2
    endloop
  endfacet
  facet normal 0.216481 0.976287 -0
    outer loop
      vertex 171.681 171.641 25.2
      vertex 171.451 171.692 26.6
      vertex 171.681 171.641 26.6
    endloop
  endfacet
  facet normal 0.216481 0.976287 0
    outer loop
      vertex 171.451 171.692 26.6
      vertex 171.681 171.641 25.2
      vertex 171.451 171.692 25.2
    endloop
  endfacet
  facet normal -0.216481 -0.976287 0
    outer loop
      vertex 172.619 176.959 25.2
      vertex 172.849 176.908 26.6
      vertex 172.619 176.959 26.6
    endloop
  endfacet
  facet normal -0.216481 -0.976287 -0
    outer loop
      vertex 172.849 176.908 26.6
      vertex 172.619 176.959 25.2
      vertex 172.849 176.908 25.2
    endloop
  endfacet
  facet normal -0.676688 0.73627 0
    outer loop
      vertex 174.059 172.391 25.2
      vertex 173.886 172.232 26.6
      vertex 174.059 172.391 26.6
    endloop
  endfacet
  facet normal -0.676688 0.73627 0
    outer loop
      vertex 173.886 172.232 26.6
      vertex 174.059 172.391 25.2
      vertex 173.886 172.232 25.2
    endloop
  endfacet
  facet normal -0.61012 0.792309 0
    outer loop
      vertex 173.886 172.232 25.2
      vertex 173.699 172.088 26.6
      vertex 173.886 172.232 26.6
    endloop
  endfacet
  facet normal -0.61012 0.792309 0
    outer loop
      vertex 173.699 172.088 26.6
      vertex 173.886 172.232 25.2
      vertex 173.699 172.088 25.2
    endloop
  endfacet
  facet normal 0.844883 -0.534951 0
    outer loop
      vertex 169.812 175.65 26.6
      vertex 169.938 175.849 25.2
      vertex 169.938 175.849 26.6
    endloop
  endfacet
  facet normal 0.844883 -0.534951 0
    outer loop
      vertex 169.938 175.849 25.2
      vertex 169.812 175.65 26.6
      vertex 169.812 175.65 25.2
    endloop
  endfacet
  facet normal -1 0 0
    outer loop
      vertex 161.85 120 23.8
      vertex 161.85 136 26.6
      vertex 161.85 136 23.8
    endloop
  endfacet
  facet normal -1 -0 0
    outer loop
      vertex 161.85 136 26.6
      vertex 161.85 120 23.8
      vertex 161.85 120 26.6
    endloop
  endfacet
  facet normal -0 0 1
    outer loop
      vertex 161.15 136 23.8
      vertex 161.85 120 23.8
      vertex 161.85 136 23.8
    endloop
  endfacet
  facet normal 0 0 1
    outer loop
      vertex 161.85 120 23.8
      vertex 161.15 136 23.8
      vertex 161.15 120 23.8
    endloop
  endfacet
  facet normal 0 -1 0
    outer loop
      vertex 161.15 136 24
      vertex 158.05 136 26.6
      vertex 158.05 136 24
    endloop
  endfacet
  facet normal 0 -1 0
    outer loop
      vertex 158.05 136 26.6
      vertex 161.15 136 24
      vertex 161.85 136 26.6
    endloop
  endfacet
  facet normal 0 -1 0
    outer loop
      vertex 161.85 136 23.8
      vertex 161.15 136 24
      vertex 161.15 136 23.8
    endloop
  endfacet
  facet normal 0 -1 0
    outer loop
      vertex 161.15 136 24
      vertex 161.85 136 23.8
      vertex 161.85 136 26.6
    endloop
  endfacet
  facet normal 0 1 0
    outer loop
      vertex 161.85 120 26.6
      vertex 161.15 120 24
      vertex 158.05 120 26.6
    endloop
  endfacet
  facet normal 0 1 -0
    outer loop
      vertex 161.85 120 23.8
      vertex 161.15 120 24
      vertex 161.85 120 26.6
    endloop
  endfacet
  facet normal 0 1 0
    outer loop
      vertex 161.15 120 24
      vertex 161.85 120 23.8
      vertex 161.15 120 23.8
    endloop
  endfacet
  facet normal 0 1 0
    outer loop
      vertex 158.05 120 26.6
      vertex 161.15 120 24
      vertex 158.05 120 24
    endloop
  endfacet
endsolid OpenSCAD_Model
